Policy_ID,Customer_Age,Gender,City,State,Policy_Type,Premium_Amount,Sum_Assured,Policy_Term_Years,Payment_Mode,Policy_Status,Claim_Status,Claim_Amount,Agent_ID,Policy_Start_Date,Age_Group,Year,Month
LIC100000,32,Male,Hyderabad,Telangana,Whole Life,39100,373000,15,Monthly,Active,Not Claimed,0,AG1275,2021-12-26,26-35,2021,2021-12
LIC100001,41,Female,Varanasi,Uttar Pradesh,Money Back,33500,761000,25,Half-Yearly,Active,Not Claimed,0,AG1257,2025-07-11,36-45,2025,2025-07
LIC100002,33,Female,Surat,Gujarat,Endowment,39800,967000,15,Half-Yearly,Matured,Claimed,708000,AG1088,2023-10-02,26-35,2023,2023-10
LIC100003,31,Female,Patna,Bihar,Endowment,26200,422000,12,Monthly,Active,Not Claimed,0,AG1216,2024-04-07,26-35,2024,2024-04
LIC100004,32,Female,Ahmedabad,Gujarat,ULIP,36700,432000,15,Quarterly,Active,Not Claimed,0,AG1284,2026-01-31,26-35,2026,2026-01
LIC100005,45,Male,Hyderabad,Telangana,Endowment,53200,1027000,15,Half-Yearly,Matured,Not Claimed,0,AG1107,2026-06-26,36-45,2026,2026-06
LIC100006,38,Male,Coimbatore,Tamil Nadu,Whole Life,41200,646000,15,Monthly,Active,Not Claimed,0,AG1024,2026-07-28,36-45,2026,2026-07
LIC100007,34,Male,Patna,Bihar,Endowment,50900,626000,20,Yearly,Lapsed,Not Claimed,0,AG1232,2021-04-24,26-35,2021,2021-04
LIC100008,42,Male,Patna,Bihar,Whole Life,39000,337000,10,Single Premium,Active,Not Claimed,0,AG1044,2021-03-10,36-45,2021,2021-03
LIC100009,34,Female,Chennai,Tamil Nadu,ULIP,51100,1182000,20,Monthly,Lapsed,Not Claimed,0,AG1078,2020-08-18,26-35,2020,2020-08
LIC100010,51,Male,Ahmedabad,Gujarat,Endowment,44700,963000,20,Monthly,Matured,Not Claimed,0,AG1143,2023-07-16,46-55,2023,2023-07
LIC100011,28,Male,Bengaluru,Karnataka,Term,19500,431000,20,Quarterly,Active,Not Claimed,0,AG1215,2020-12-16,26-35,2020,2020-12
LIC100012,37,Male,Delhi,Delhi,Term,23200,359000,15,Yearly,Active,Not Claimed,0,AG1004,2019-03-26,36-45,2019,2019-03
LIC100013,24,Female,Bhopal,Madhya Pradesh,Whole Life,30000,624000,30,Quarterly,Matured,Not Claimed,0,AG1212,2021-02-03,18-25,2021,2021-02
LIC100014,35,Male,Pune,Maharashtra,Pension,67400,1205000,15,Monthly,Lapsed,Not Claimed,0,AG1287,2019-03-09,26-35,2019,2019-03
LIC100015,21,Male,Delhi,Delhi,Term,16900,243000,10,Half-Yearly,Lapsed,Not Claimed,0,AG1199,2022-08-31,18-25,2022,2022-08
LIC100016,47,Male,Mumbai,Maharashtra,ULIP,45200,1009000,25,Single Premium,Active,Not Claimed,0,AG1001,2020-04-26,46-55,2020,2020-04
LIC100017,47,Male,Bhopal,Madhya Pradesh,Endowment,47900,1196000,10,Quarterly,Lapsed,Not Claimed,0,AG1014,2022-11-17,46-55,2022,2022-11
LIC100018,48,Male,Bhopal,Madhya Pradesh,Money Back,42900,999000,20,Quarterly,Active,Not Claimed,0,AG1222,2026-04-02,46-55,2026,2026-04
LIC100019,39,Female,Chandigarh,Chandigarh,Pension,49200,1043000,10,Single Premium,Active,Claimed,967000,AG1279,2022-10-16,36-45,2022,2022-10
LIC100020,29,Male,Lucknow,Uttar Pradesh,Endowment,60100,1245000,5,Yearly,Active,Not Claimed,0,AG1108,2022-03-18,26-35,2022,2022-03
LIC100021,30,Female,Kanpur,Uttar Pradesh,Money Back,45100,859000,10,Yearly,Active,Not Claimed,0,AG1118,2023-05-28,26-35,2023,2023-05
LIC100022,56,Male,Surat,Gujarat,Term,15100,340000,15,Half-Yearly,Active,Not Claimed,0,AG1119,2021-11-23,56-65,2021,2021-11
LIC100023,55,Male,Surat,Gujarat,Term,34300,562000,10,Single Premium,Active,Not Claimed,0,AG1238,2025-12-23,46-55,2025,2025-12
LIC100024,40,Female,Coimbatore,Tamil Nadu,Endowment,20700,230000,10,Yearly,Active,Not Claimed,0,AG1254,2024-02-08,36-45,2024,2024-02
LIC100025,33,Male,Bhopal,Madhya Pradesh,Term,32900,693000,20,Yearly,Active,Not Claimed,0,AG1045,2021-08-18,26-35,2021,2021-08
LIC100026,54,Male,Varanasi,Uttar Pradesh,Whole Life,34000,803000,20,Yearly,Matured,Claimed,345000,AG1126,2018-07-02,46-55,2018,2018-07
LIC100027,31,Female,Bengaluru,Karnataka,Endowment,39800,549000,20,Yearly,Active,Not Claimed,0,AG1135,2022-03-14,26-35,2022,2022-03
LIC100028,42,Male,Kolkata,West Bengal,Money Back,38400,818000,25,Quarterly,Active,Not Claimed,0,AG1064,2021-01-23,36-45,2021,2021-01
LIC100029,54,Female,Coimbatore,Tamil Nadu,Term,24600,311000,15,Quarterly,Active,Not Claimed,0,AG1258,2018-06-05,46-55,2018,2018-06
LIC100030,30,Male,Hyderabad,Telangana,Endowment,42000,1009000,25,Yearly,Active,Not Claimed,0,AG1006,2022-09-12,26-35,2022,2022-09
LIC100031,48,Male,Jaipur,Rajasthan,Whole Life,33400,655000,15,Quarterly,Active,Not Claimed,0,AG1017,2023-11-15,46-55,2023,2023-11
LIC100032,45,Male,Hyderabad,Telangana,Micro Insurance,9700,171000,15,Half-Yearly,Active,Not Claimed,0,AG1282,2020-07-25,36-45,2020,2020-07
LIC100033,39,Female,Kochi,Kerala,Term,22100,470000,20,Monthly,Active,Not Claimed,0,AG1041,2021-10-24,36-45,2021,2021-10
LIC100034,28,Male,Chennai,Tamil Nadu,Pension,36700,801000,10,Yearly,Surrendered,Not Claimed,0,AG1232,2020-02-28,26-35,2020,2020-02
LIC100035,31,Female,Nagpur,Maharashtra,Money Back,44300,1026000,20,Monthly,Active,Not Claimed,0,AG1090,2024-04-04,26-35,2024,2024-04
LIC100036,42,Female,Kochi,Kerala,Money Back,45200,1054000,15,Yearly,Active,Not Claimed,0,AG1150,2023-08-23,36-45,2023,2023-08
LIC100037,23,Male,Jaipur,Rajasthan,Money Back,30900,275000,10,Half-Yearly,Active,Not Claimed,0,AG1072,2021-08-17,18-25,2021,2021-08
LIC100038,40,Male,Delhi,Delhi,Term,23800,240000,10,Monthly,Active,Not Claimed,0,AG1257,2020-05-07,36-45,2020,2020-05
LIC100039,45,Male,Varanasi,Uttar Pradesh,Term,19300,425000,10,Half-Yearly,Active,Not Claimed,0,AG1045,2018-07-01,36-45,2018,2018-07
LIC100040,50,Male,Surat,Gujarat,Whole Life,33300,802000,25,Quarterly,Active,Not Claimed,0,AG1040,2023-04-23,46-55,2023,2023-04
LIC100041,24,Male,Hyderabad,Telangana,Endowment,39200,519000,30,Quarterly,Active,Not Claimed,0,AG1192,2021-03-24,18-25,2021,2021-03
LIC100042,53,Male,Bhopal,Madhya Pradesh,Pension,29600,241000,15,Quarterly,Active,Not Claimed,0,AG1011,2020-02-02,46-55,2020,2020-02
LIC100043,58,Female,Ahmedabad,Gujarat,Endowment,46200,623000,12,Monthly,Active,Not Claimed,0,AG1135,2021-11-15,56-65,2021,2021-11
LIC100044,44,Female,Surat,Gujarat,Term,24400,354000,10,Single Premium,Active,Not Claimed,0,AG1179,2025-10-11,36-45,2025,2025-10
LIC100045,28,Female,Bengaluru,Karnataka,Whole Life,29800,624000,25,Monthly,Lapsed,Not Claimed,0,AG1221,2024-02-03,26-35,2024,2024-02
LIC100046,35,Female,Nagpur,Maharashtra,Endowment,29300,258000,10,Yearly,Active,Not Claimed,0,AG1222,2025-12-29,26-35,2025,2025-12
LIC100047,38,Male,Chandigarh,Chandigarh,Money Back,48900,568000,25,Quarterly,Active,Not Claimed,0,AG1039,2026-02-27,36-45,2026,2026-02
LIC100048,42,Male,Chennai,Tamil Nadu,Whole Life,29900,694000,20,Yearly,Active,Not Claimed,0,AG1044,2019-08-06,36-45,2019,2019-08
LIC100049,39,Female,Kochi,Kerala,Pension,35700,380000,25,Quarterly,Surrendered,Not Claimed,0,AG1297,2026-01-13,36-45,2026,2026-01
LIC100050,42,Male,Ahmedabad,Gujarat,ULIP,104500,2185000,15,Yearly,Lapsed,Not Claimed,0,AG1295,2023-04-28,36-45,2023,2023-04
LIC100051,38,Female,Chennai,Tamil Nadu,Whole Life,23100,327000,20,Yearly,Active,Not Claimed,0,AG1148,2020-05-30,36-45,2020,2020-05
LIC100052,42,Male,Delhi,Delhi,Whole Life,41600,801000,20,Yearly,Matured,Not Claimed,0,AG1022,2023-10-18,36-45,2023,2023-10
LIC100053,34,Male,Pune,Maharashtra,Pension,38700,358000,25,Monthly,Active,Not Claimed,0,AG1157,2018-11-04,26-35,2018,2018-11
LIC100054,35,Female,Lucknow,Uttar Pradesh,Endowment,43600,561000,25,Yearly,Surrendered,Not Claimed,0,AG1003,2022-08-27,26-35,2022,2022-08
LIC100055,33,Female,Chennai,Tamil Nadu,Term,14000,213000,20,Quarterly,Active,Not Claimed,0,AG1201,2026-04-27,26-35,2026,2026-04
LIC100056,60,Male,Kochi,Kerala,Endowment,38600,871000,20,Monthly,Active,Not Claimed,0,AG1097,2025-07-01,56-65,2025,2025-07
LIC100057,55,Female,Bhopal,Madhya Pradesh,Endowment,60300,1060000,25,Quarterly,Active,Not Claimed,0,AG1109,2023-10-02,46-55,2023,2023-10
LIC100058,45,Male,Delhi,Delhi,Whole Life,37600,330000,25,Quarterly,Active,Not Claimed,0,AG1228,2024-03-13,36-45,2024,2024-03
LIC100059,54,Male,Lucknow,Uttar Pradesh,Whole Life,50800,1099000,20,Half-Yearly,Active,Not Claimed,0,AG1242,2019-12-15,46-55,2019,2019-12
LIC100060,48,Female,Chennai,Tamil Nadu,Money Back,41200,368000,5,Yearly,Active,Not Claimed,0,AG1297,2023-09-17,46-55,2023,2023-09
LIC100061,41,Male,Nagpur,Maharashtra,Term,35900,857000,10,Quarterly,Active,Not Claimed,0,AG1029,2021-12-22,36-45,2021,2021-12
LIC100062,22,Male,Kanpur,Uttar Pradesh,ULIP,56100,651000,25,Quarterly,Active,Not Claimed,0,AG1109,2026-05-15,18-25,2026,2026-05
LIC100063,36,Male,Surat,Gujarat,Endowment,49800,811000,10,Monthly,Active,Not Claimed,0,AG1011,2021-10-29,36-45,2021,2021-10
LIC100064,35,Male,Ahmedabad,Gujarat,Whole Life,20500,189000,10,Yearly,Matured,Not Claimed,0,AG1095,2023-09-10,26-35,2023,2023-09
LIC100065,27,Male,Nagpur,Maharashtra,Money Back,30300,532000,12,Half-Yearly,Matured,Not Claimed,0,AG1132,2024-09-06,26-35,2024,2024-09
LIC100066,23,Male,Ahmedabad,Gujarat,Endowment,48600,800000,20,Quarterly,Surrendered,Claimed,607000,AG1093,2020-03-10,18-25,2020,2020-03
LIC100067,44,Male,Kanpur,Uttar Pradesh,Term,19500,292000,20,Yearly,Active,Not Claimed,0,AG1054,2019-03-01,36-45,2019,2019-03
LIC100068,43,Female,Indore,Madhya Pradesh,Term,20800,179000,12,Half-Yearly,Active,Not Claimed,0,AG1242,2020-10-25,36-45,2020,2020-10
LIC100069,26,Male,Kochi,Kerala,Pension,38200,876000,10,Half-Yearly,Active,Not Claimed,0,AG1195,2019-11-22,26-35,2019,2019-11
LIC100070,31,Female,Surat,Gujarat,Pension,49700,1076000,20,Half-Yearly,Active,Not Claimed,0,AG1258,2026-07-23,26-35,2026,2026-07
LIC100071,52,Male,Indore,Madhya Pradesh,Whole Life,37300,700000,25,Half-Yearly,Active,Not Claimed,0,AG1068,2025-09-28,46-55,2025,2025-09
LIC100072,29,Male,Jaipur,Rajasthan,Term,12900,229000,10,Yearly,Active,Not Claimed,0,AG1300,2018-07-19,26-35,2018,2018-07
LIC100073,41,Male,Surat,Gujarat,Endowment,53900,1068000,10,Quarterly,Matured,Not Claimed,0,AG1190,2021-07-20,36-45,2021,2021-07
LIC100074,37,Male,Indore,Madhya Pradesh,ULIP,33100,346000,20,Monthly,Active,Not Claimed,0,AG1128,2020-02-15,36-45,2020,2020-02
LIC100075,45,Male,Mumbai,Maharashtra,ULIP,61300,1462000,20,Monthly,Matured,Not Claimed,0,AG1019,2018-08-14,36-45,2018,2018-08
LIC100076,30,Male,Hyderabad,Telangana,Term,29500,379000,20,Half-Yearly,Active,Not Claimed,0,AG1172,2019-04-16,26-35,2019,2019-04
LIC100077,40,Male,Jaipur,Rajasthan,Term,23100,443000,20,Yearly,Active,Not Claimed,0,AG1062,2023-08-28,36-45,2023,2023-08
LIC100078,41,Male,Mumbai,Maharashtra,Whole Life,38800,711000,25,Quarterly,Active,Not Claimed,0,AG1067,2022-11-14,36-45,2022,2022-11
LIC100079,42,Male,Bhopal,Madhya Pradesh,Endowment,35400,666000,10,Monthly,Active,Not Claimed,0,AG1211,2019-09-21,36-45,2019,2019-09
LIC100080,40,Male,Ahmedabad,Gujarat,Endowment,73100,1677000,10,Yearly,Surrendered,Claimed,772000,AG1175,2023-08-20,36-45,2023,2023-08
LIC100081,43,Male,Patna,Bihar,Term,29000,378000,20,Yearly,Active,Not Claimed,0,AG1007,2026-07-08,36-45,2026,2026-07
LIC100082,63,Female,Coimbatore,Tamil Nadu,Money Back,38000,788000,25,Yearly,Active,Not Claimed,0,AG1233,2018-02-10,56-65,2018,2018-02
LIC100083,67,Male,Chandigarh,Chandigarh,Pension,58200,1058000,20,Half-Yearly,Active,Not Claimed,0,AG1199,2025-04-21,66+,2025,2025-04
LIC100084,32,Male,Ahmedabad,Gujarat,Pension,68200,634000,30,Yearly,Active,Not Claimed,0,AG1022,2023-09-23,26-35,2023,2023-09
LIC100085,18,Male,Bengaluru,Karnataka,Money Back,59500,895000,20,Monthly,Active,Not Claimed,0,AG1229,2024-02-23,18-25,2024,2024-02
LIC100086,46,Female,Bengaluru,Karnataka,Money Back,28600,636000,20,Monthly,Active,Not Claimed,0,AG1125,2018-10-26,46-55,2018,2018-10
LIC100087,41,Male,Mumbai,Maharashtra,Term,14600,195000,10,Monthly,Active,Not Claimed,0,AG1073,2018-07-28,36-45,2018,2018-07
LIC100088,51,Female,Kolkata,West Bengal,Money Back,41200,667000,10,Yearly,Active,Not Claimed,0,AG1186,2023-05-21,46-55,2023,2023-05
LIC100089,42,Male,Lucknow,Uttar Pradesh,Endowment,24800,404000,20,Monthly,Active,Not Claimed,0,AG1283,2019-04-04,36-45,2019,2019-04
LIC100090,40,Female,Hyderabad,Telangana,Whole Life,32000,592000,10,Half-Yearly,Lapsed,Not Claimed,0,AG1038,2020-05-28,36-45,2020,2020-05
LIC100091,51,Female,Jaipur,Rajasthan,Endowment,69800,1607000,5,Half-Yearly,Lapsed,Not Claimed,0,AG1248,2022-09-08,46-55,2022,2022-09
LIC100092,53,Female,Hyderabad,Telangana,Endowment,34100,373000,25,Quarterly,Active,Not Claimed,0,AG1076,2022-12-16,46-55,2022,2022-12
LIC100093,24,Male,Jaipur,Rajasthan,Term,18700,310000,25,Yearly,Active,Not Claimed,0,AG1141,2020-02-28,18-25,2020,2020-02
LIC100094,30,Male,Ahmedabad,Gujarat,Endowment,35700,543000,10,Monthly,Active,Not Claimed,0,AG1097,2025-01-06,26-35,2025,2025-01
LIC100095,38,Male,Bhopal,Madhya Pradesh,Term,29500,384000,20,Quarterly,Lapsed,Not Claimed,0,AG1143,2019-01-18,36-45,2019,2019-01
LIC100096,40,Male,Delhi,Delhi,Term,16300,385000,5,Yearly,Lapsed,Not Claimed,0,AG1080,2021-12-21,36-45,2021,2021-12
LIC100097,37,Female,Mumbai,Maharashtra,Micro Insurance,9400,100000,12,Monthly,Matured,Not Claimed,0,AG1256,2021-07-01,36-45,2021,2021-07
LIC100098,44,Male,Kanpur,Uttar Pradesh,Money Back,33700,340000,20,Yearly,Active,Not Claimed,0,AG1015,2025-02-08,36-45,2025,2025-02
LIC100099,50,Male,Kolkata,West Bengal,Money Back,52700,1079000,20,Yearly,Active,Not Claimed,0,AG1296,2019-05-22,46-55,2019,2019-05
LIC100100,58,Male,Bengaluru,Karnataka,Pension,65700,820000,5,Single Premium,Active,Not Claimed,0,AG1286,2018-11-26,56-65,2018,2018-11
LIC100101,45,Male,Bhopal,Madhya Pradesh,Micro Insurance,6500,132000,12,Yearly,Active,Not Claimed,0,AG1023,2026-05-13,36-45,2026,2026-05
LIC100102,30,Male,Ahmedabad,Gujarat,Money Back,28900,640000,10,Quarterly,Active,Not Claimed,0,AG1265,2024-12-10,26-35,2024,2024-12
LIC100103,37,Female,Bengaluru,Karnataka,Pension,53800,663000,30,Half-Yearly,Active,Not Claimed,0,AG1160,2020-03-24,36-45,2020,2020-03
LIC100104,38,Male,Mumbai,Maharashtra,Endowment,38500,434000,20,Monthly,Active,Claimed,294000,AG1291,2024-12-04,36-45,2024,2024-12
LIC100105,45,Male,Bengaluru,Karnataka,Endowment,38800,406000,15,Monthly,Active,Not Claimed,0,AG1096,2024-11-24,36-45,2024,2024-11
LIC100106,43,Male,Kolkata,West Bengal,Endowment,69500,792000,10,Monthly,Lapsed,Not Claimed,0,AG1272,2023-04-27,36-45,2023,2023-04
LIC100107,62,Male,Surat,Gujarat,Whole Life,46300,581000,20,Quarterly,Active,Not Claimed,0,AG1288,2020-10-16,56-65,2020,2020-10
LIC100108,34,Male,Nagpur,Maharashtra,Whole Life,35900,817000,20,Yearly,Matured,Not Claimed,0,AG1281,2021-12-16,26-35,2021,2021-12
LIC100109,43,Female,Bengaluru,Karnataka,Endowment,41300,871000,20,Quarterly,Surrendered,Not Claimed,0,AG1293,2020-10-19,36-45,2020,2020-10
LIC100110,65,Female,Mumbai,Maharashtra,Term,23200,186000,12,Half-Yearly,Matured,Claimed,69000,AG1037,2021-03-31,56-65,2021,2021-03
LIC100111,33,Female,Kolkata,West Bengal,Whole Life,28000,640000,30,Quarterly,Lapsed,Not Claimed,0,AG1163,2019-03-10,26-35,2019,2019-03
LIC100112,41,Female,Nagpur,Maharashtra,Term,21200,198000,15,Quarterly,Lapsed,Not Claimed,0,AG1136,2022-05-02,36-45,2022,2022-05
LIC100113,29,Male,Hyderabad,Telangana,Money Back,43100,825000,12,Single Premium,Active,Not Claimed,0,AG1241,2023-01-02,26-35,2023,2023-01
LIC100114,40,Female,Jaipur,Rajasthan,Whole Life,31500,333000,15,Quarterly,Active,Claimed,240000,AG1175,2018-01-16,36-45,2018,2018-01
LIC100115,30,Female,Surat,Gujarat,Whole Life,24000,217000,15,Half-Yearly,Active,Not Claimed,0,AG1292,2026-04-19,26-35,2026,2026-04
LIC100116,51,Female,Surat,Gujarat,ULIP,76700,1604000,25,Quarterly,Active,Not Claimed,0,AG1118,2019-09-12,46-55,2019,2019-09
LIC100117,41,Male,Lucknow,Uttar Pradesh,Pension,51900,827000,20,Monthly,Surrendered,Not Claimed,0,AG1257,2019-11-20,36-45,2019,2019-11
LIC100118,29,Female,Indore,Madhya Pradesh,Money Back,24000,436000,20,Half-Yearly,Active,Not Claimed,0,AG1218,2023-10-14,26-35,2023,2023-10
LIC100119,48,Female,Coimbatore,Tamil Nadu,ULIP,33100,504000,10,Yearly,Active,Not Claimed,0,AG1203,2019-07-29,46-55,2019,2019-07
LIC100120,41,Female,Hyderabad,Telangana,Whole Life,35000,320000,10,Monthly,Active,Not Claimed,0,AG1143,2020-03-30,36-45,2020,2020-03
LIC100121,49,Male,Chandigarh,Chandigarh,Term,16700,344000,15,Monthly,Surrendered,Not Claimed,0,AG1255,2023-10-22,46-55,2023,2023-10
LIC100122,26,Female,Varanasi,Uttar Pradesh,Term,20300,446000,20,Monthly,Active,Not Claimed,0,AG1096,2024-03-01,26-35,2024,2024-03
LIC100123,43,Female,Chennai,Tamil Nadu,Endowment,37000,322000,20,Yearly,Active,Not Claimed,0,AG1207,2024-04-20,36-45,2024,2024-04
LIC100124,48,Female,Kolkata,West Bengal,Money Back,43200,622000,10,Yearly,Active,Not Claimed,0,AG1087,2025-04-14,46-55,2025,2025-04
LIC100125,34,Male,Hyderabad,Telangana,Whole Life,27000,472000,10,Half-Yearly,Active,Not Claimed,0,AG1131,2022-04-02,26-35,2022,2022-04
LIC100126,25,Female,Indore,Madhya Pradesh,Pension,78400,1434000,15,Half-Yearly,Active,Not Claimed,0,AG1115,2024-02-21,18-25,2024,2024-02
LIC100127,39,Male,Surat,Gujarat,Term,24600,439000,25,Yearly,Active,Not Claimed,0,AG1288,2024-04-17,36-45,2024,2024-04
LIC100128,53,Male,Patna,Bihar,Term,31900,631000,15,Yearly,Matured,Not Claimed,0,AG1255,2025-02-10,46-55,2025,2025-02
LIC100129,51,Male,Chennai,Tamil Nadu,Micro Insurance,7200,176000,12,Yearly,Active,Not Claimed,0,AG1148,2022-04-16,46-55,2022,2022-04
LIC100130,34,Female,Indore,Madhya Pradesh,Term,22700,332000,12,Yearly,Active,Not Claimed,0,AG1056,2020-08-12,26-35,2020,2020-08
LIC100131,25,Male,Hyderabad,Telangana,Money Back,36900,644000,10,Yearly,Lapsed,Not Claimed,0,AG1099,2024-06-15,18-25,2024,2024-06
LIC100132,34,Male,Coimbatore,Tamil Nadu,Money Back,54300,1080000,15,Quarterly,Surrendered,Claimed,726000,AG1298,2021-04-19,26-35,2021,2021-04
LIC100133,34,Female,Delhi,Delhi,Money Back,35300,638000,20,Yearly,Surrendered,Not Claimed,0,AG1060,2022-12-23,26-35,2022,2022-12
LIC100134,44,Female,Lucknow,Uttar Pradesh,Term,13500,197000,30,Single Premium,Active,Not Claimed,0,AG1184,2019-10-15,36-45,2019,2019-10
LIC100135,38,Male,Indore,Madhya Pradesh,Term,10700,199000,15,Monthly,Surrendered,Claimed,57000,AG1175,2024-10-24,36-45,2024,2024-10
LIC100136,31,Female,Pune,Maharashtra,Term,28700,547000,10,Monthly,Active,Claimed,528000,AG1152,2018-10-02,26-35,2018,2018-10
LIC100137,51,Female,Bhopal,Madhya Pradesh,Money Back,49100,881000,20,Single Premium,Lapsed,Not Claimed,0,AG1297,2021-06-01,46-55,2021,2021-06
LIC100138,41,Male,Bhopal,Madhya Pradesh,Money Back,44900,516000,20,Quarterly,Active,Not Claimed,0,AG1004,2021-10-22,36-45,2021,2021-10
LIC100139,44,Male,Varanasi,Uttar Pradesh,Endowment,70600,1172000,10,Yearly,Active,Not Claimed,0,AG1076,2019-06-23,36-45,2019,2019-06
LIC100140,20,Male,Patna,Bihar,Whole Life,18900,435000,25,Quarterly,Active,Not Claimed,0,AG1001,2021-06-27,18-25,2021,2021-06
LIC100141,18,Male,Hyderabad,Telangana,Pension,43400,988000,25,Monthly,Active,Not Claimed,0,AG1270,2025-08-22,18-25,2025,2025-08
LIC100142,23,Male,Mumbai,Maharashtra,Term,16800,349000,15,Monthly,Matured,Claimed,220000,AG1164,2018-01-13,18-25,2018,2018-01
LIC100143,34,Female,Mumbai,Maharashtra,Money Back,44300,879000,15,Monthly,Active,Not Claimed,0,AG1298,2019-09-02,26-35,2019,2019-09
LIC100144,45,Female,Varanasi,Uttar Pradesh,Whole Life,27700,294000,20,Monthly,Active,Not Claimed,0,AG1048,2024-02-18,36-45,2024,2024-02
LIC100145,18,Male,Indore,Madhya Pradesh,Endowment,30000,474000,20,Half-Yearly,Active,Not Claimed,0,AG1018,2019-11-29,18-25,2019,2019-11
LIC100146,57,Male,Jaipur,Rajasthan,Endowment,37800,374000,5,Yearly,Active,Not Claimed,0,AG1089,2023-08-29,56-65,2023,2023-08
LIC100147,41,Male,Bengaluru,Karnataka,Whole Life,44400,972000,10,Single Premium,Surrendered,Not Claimed,0,AG1156,2024-07-14,36-45,2024,2024-07
LIC100148,54,Male,Hyderabad,Telangana,Pension,47900,620000,10,Quarterly,Lapsed,Not Claimed,0,AG1181,2025-09-19,46-55,2025,2025-09
LIC100149,29,Male,Pune,Maharashtra,ULIP,44600,938000,20,Half-Yearly,Surrendered,Not Claimed,0,AG1009,2019-08-02,26-35,2019,2019-08
LIC100150,45,Female,Ahmedabad,Gujarat,Money Back,48200,1053000,15,Half-Yearly,Active,Not Claimed,0,AG1152,2023-09-05,36-45,2023,2023-09
LIC100151,40,Female,Jaipur,Rajasthan,ULIP,45300,1050000,15,Half-Yearly,Active,Not Claimed,0,AG1148,2026-06-05,36-45,2026,2026-06
LIC100152,48,Male,Kolkata,West Bengal,Endowment,30100,627000,20,Half-Yearly,Active,Not Claimed,0,AG1027,2022-11-09,46-55,2022,2022-11
LIC100153,36,Female,Mumbai,Maharashtra,Whole Life,19500,343000,15,Monthly,Active,Not Claimed,0,AG1101,2020-11-16,36-45,2020,2020-11
LIC100154,44,Male,Coimbatore,Tamil Nadu,Money Back,39300,714000,20,Monthly,Active,Not Claimed,0,AG1199,2023-11-23,36-45,2023,2023-11
LIC100155,51,Female,Lucknow,Uttar Pradesh,Term,24700,332000,15,Monthly,Lapsed,Not Claimed,0,AG1083,2025-10-02,46-55,2025,2025-10
LIC100156,32,Male,Bhopal,Madhya Pradesh,Whole Life,28300,312000,15,Monthly,Active,Not Claimed,0,AG1054,2024-06-08,26-35,2024,2024-06
LIC100157,42,Male,Surat,Gujarat,Money Back,44000,450000,15,Yearly,Active,Not Claimed,0,AG1082,2020-11-01,36-45,2020,2020-11
LIC100158,18,Female,Jaipur,Rajasthan,Endowment,26700,296000,30,Monthly,Active,Not Claimed,0,AG1143,2022-08-19,18-25,2022,2022-08
LIC100159,47,Male,Varanasi,Uttar Pradesh,Pension,35600,850000,20,Yearly,Active,Not Claimed,0,AG1253,2026-08-15,46-55,2026,2026-08
LIC100160,61,Female,Chandigarh,Chandigarh,Term,44400,479000,5,Single Premium,Active,Not Claimed,0,AG1097,2026-06-17,56-65,2026,2026-06
LIC100161,25,Male,Chandigarh,Chandigarh,Endowment,59300,1204000,30,Single Premium,Active,Not Claimed,0,AG1040,2025-05-13,18-25,2025,2025-05
LIC100162,38,Male,Varanasi,Uttar Pradesh,Term,23100,257000,20,Single Premium,Active,Not Claimed,0,AG1229,2018-06-23,36-45,2018,2018-06
LIC100163,49,Male,Bhopal,Madhya Pradesh,ULIP,50500,1241000,10,Quarterly,Active,Not Claimed,0,AG1197,2021-11-25,46-55,2021,2021-11
LIC100164,39,Male,Hyderabad,Telangana,Whole Life,29400,418000,10,Half-Yearly,Matured,Claimed,386000,AG1171,2026-08-25,36-45,2026,2026-08
LIC100165,41,Female,Delhi,Delhi,Endowment,45000,675000,12,Monthly,Matured,Not Claimed,0,AG1002,2019-03-25,36-45,2019,2019-03
LIC100166,35,Male,Bengaluru,Karnataka,Whole Life,43300,644000,20,Yearly,Active,Not Claimed,0,AG1286,2023-10-03,26-35,2023,2023-10
LIC100167,34,Female,Chandigarh,Chandigarh,Endowment,47000,1028000,20,Yearly,Active,Not Claimed,0,AG1052,2021-12-21,26-35,2021,2021-12
LIC100168,38,Female,Kolkata,West Bengal,ULIP,62400,731000,12,Yearly,Active,Not Claimed,0,AG1103,2018-03-19,36-45,2018,2018-03
LIC100169,39,Female,Chandigarh,Chandigarh,Money Back,36000,797000,15,Quarterly,Active,Not Claimed,0,AG1033,2022-10-06,36-45,2022,2022-10
LIC100170,26,Male,Chandigarh,Chandigarh,Endowment,52400,1005000,10,Yearly,Surrendered,Not Claimed,0,AG1265,2024-10-22,26-35,2024,2024-10
LIC100171,38,Female,Chandigarh,Chandigarh,Pension,54100,635000,10,Monthly,Surrendered,Not Claimed,0,AG1011,2020-02-21,36-45,2020,2020-02
LIC100172,56,Male,Delhi,Delhi,Endowment,53200,485000,15,Monthly,Matured,Claimed,460000,AG1076,2018-06-21,56-65,2018,2018-06
LIC100173,34,Male,Delhi,Delhi,Term,14600,309000,15,Yearly,Active,Not Claimed,0,AG1054,2025-02-10,26-35,2025,2025-02
LIC100174,25,Male,Kolkata,West Bengal,Money Back,34900,409000,15,Quarterly,Surrendered,Claimed,174000,AG1097,2024-08-05,18-25,2024,2024-08
LIC100175,37,Male,Mumbai,Maharashtra,Micro Insurance,4500,104000,30,Single Premium,Active,Not Claimed,0,AG1148,2024-04-02,36-45,2024,2024-04
LIC100176,31,Male,Mumbai,Maharashtra,Endowment,41500,424000,10,Monthly,Lapsed,Not Claimed,0,AG1005,2019-03-09,26-35,2019,2019-03
LIC100177,24,Male,Coimbatore,Tamil Nadu,Term,18500,342000,5,Yearly,Active,Not Claimed,0,AG1280,2020-11-05,18-25,2020,2020-11
LIC100178,41,Male,Delhi,Delhi,Endowment,23000,455000,10,Half-Yearly,Active,Not Claimed,0,AG1287,2025-08-17,36-45,2025,2025-08
LIC100179,31,Male,Bhopal,Madhya Pradesh,Money Back,33800,648000,15,Yearly,Active,Not Claimed,0,AG1106,2020-04-29,26-35,2020,2020-04
LIC100180,32,Female,Pune,Maharashtra,Term,13000,174000,20,Yearly,Active,Not Claimed,0,AG1044,2022-02-28,26-35,2022,2022-02
LIC100181,41,Male,Chennai,Tamil Nadu,Whole Life,37000,847000,20,Yearly,Active,Not Claimed,0,AG1206,2022-05-29,36-45,2022,2022-05
LIC100182,22,Male,Patna,Bihar,Micro Insurance,7200,152000,15,Quarterly,Matured,Claimed,130000,AG1280,2021-05-19,18-25,2021,2021-05
LIC100183,20,Male,Chandigarh,Chandigarh,Money Back,31900,532000,15,Single Premium,Active,Not Claimed,0,AG1118,2023-02-03,18-25,2023,2023-02
LIC100184,46,Female,Pune,Maharashtra,Endowment,55400,1011000,12,Monthly,Active,Not Claimed,0,AG1268,2021-09-12,46-55,2021,2021-09
LIC100185,18,Male,Kolkata,West Bengal,Endowment,49600,874000,15,Monthly,Active,Claimed,756000,AG1178,2025-04-28,18-25,2025,2025-04
LIC100186,28,Male,Varanasi,Uttar Pradesh,Term,16900,407000,20,Quarterly,Active,Not Claimed,0,AG1228,2024-04-13,26-35,2024,2024-04
LIC100187,19,Male,Delhi,Delhi,Pension,73800,1715000,10,Yearly,Surrendered,Claimed,1375000,AG1281,2019-07-03,18-25,2019,2019-07
LIC100188,34,Female,Pune,Maharashtra,Endowment,34300,412000,20,Half-Yearly,Active,Not Claimed,0,AG1117,2020-08-22,26-35,2020,2020-08
LIC100189,44,Male,Patna,Bihar,Endowment,70300,876000,20,Yearly,Active,Not Claimed,0,AG1142,2018-06-16,36-45,2018,2018-06
LIC100190,40,Female,Kanpur,Uttar Pradesh,Whole Life,29900,738000,12,Yearly,Matured,Not Claimed,0,AG1072,2024-07-28,36-45,2024,2024-07
LIC100191,65,Male,Kanpur,Uttar Pradesh,Money Back,38700,465000,15,Monthly,Matured,Claimed,209000,AG1029,2025-07-13,56-65,2025,2025-07
LIC100192,51,Male,Mumbai,Maharashtra,Whole Life,32400,784000,30,Single Premium,Active,Not Claimed,0,AG1025,2022-07-06,46-55,2022,2022-07
LIC100193,29,Male,Jaipur,Rajasthan,Term,13200,251000,5,Monthly,Lapsed,Not Claimed,0,AG1087,2022-05-12,26-35,2022,2022-05
LIC100194,26,Male,Pune,Maharashtra,Pension,59800,529000,10,Yearly,Active,Not Claimed,0,AG1187,2018-12-19,26-35,2018,2018-12
LIC100195,69,Male,Kanpur,Uttar Pradesh,Pension,43100,591000,15,Quarterly,Lapsed,Not Claimed,0,AG1100,2025-03-06,66+,2025,2025-03
LIC100196,51,Male,Bengaluru,Karnataka,Whole Life,52800,850000,20,Half-Yearly,Active,Not Claimed,0,AG1255,2022-03-05,46-55,2022,2022-03
LIC100197,45,Male,Varanasi,Uttar Pradesh,Pension,41400,918000,10,Quarterly,Surrendered,Not Claimed,0,AG1178,2020-11-28,36-45,2020,2020-11
LIC100198,40,Male,Chennai,Tamil Nadu,Term,24100,327000,25,Monthly,Active,Not Claimed,0,AG1140,2024-06-28,36-45,2024,2024-06
LIC100199,42,Male,Coimbatore,Tamil Nadu,Money Back,39300,522000,20,Quarterly,Active,Claimed,135000,AG1082,2026-03-25,36-45,2026,2026-03
LIC100200,23,Female,Bengaluru,Karnataka,Whole Life,32400,766000,25,Monthly,Active,Not Claimed,0,AG1019,2022-03-02,18-25,2022,2022-03
LIC100201,41,Male,Coimbatore,Tamil Nadu,Money Back,32700,306000,12,Monthly,Active,Claimed,268000,AG1255,2023-09-08,36-45,2023,2023-09
LIC100202,40,Male,Varanasi,Uttar Pradesh,Endowment,49100,853000,25,Monthly,Matured,Not Claimed,0,AG1053,2020-01-09,36-45,2020,2020-01
LIC100203,29,Male,Hyderabad,Telangana,Endowment,43600,723000,15,Half-Yearly,Active,Not Claimed,0,AG1035,2019-06-27,26-35,2019,2019-06
LIC100204,33,Male,Varanasi,Uttar Pradesh,Term,12000,108000,12,Yearly,Active,Not Claimed,0,AG1155,2021-09-01,26-35,2021,2021-09
LIC100205,56,Male,Jaipur,Rajasthan,Endowment,40200,382000,25,Half-Yearly,Active,Not Claimed,0,AG1067,2022-04-24,56-65,2022,2022-04
LIC100206,38,Male,Mumbai,Maharashtra,Term,16000,232000,10,Yearly,Active,Not Claimed,0,AG1230,2019-07-22,36-45,2019,2019-07
LIC100207,62,Female,Ahmedabad,Gujarat,ULIP,55700,573000,30,Half-Yearly,Surrendered,Not Claimed,0,AG1051,2025-12-26,56-65,2025,2025-12
LIC100208,20,Female,Hyderabad,Telangana,Endowment,59600,961000,15,Yearly,Active,Not Claimed,0,AG1043,2025-07-08,18-25,2025,2025-07
LIC100209,33,Male,Kochi,Kerala,Term,18000,330000,30,Yearly,Active,Not Claimed,0,AG1035,2023-04-25,26-35,2023,2023-04
LIC100210,22,Female,Ahmedabad,Gujarat,Money Back,28900,571000,15,Quarterly,Active,Not Claimed,0,AG1015,2024-02-25,18-25,2024,2024-02
LIC100211,26,Female,Mumbai,Maharashtra,Money Back,31400,543000,20,Yearly,Lapsed,Not Claimed,0,AG1144,2019-11-14,26-35,2019,2019-11
LIC100212,30,Male,Patna,Bihar,Pension,41700,603000,5,Monthly,Active,Not Claimed,0,AG1069,2022-10-27,26-35,2022,2022-10
LIC100213,42,Female,Kochi,Kerala,Money Back,36000,367000,15,Yearly,Active,Not Claimed,0,AG1199,2024-02-08,36-45,2024,2024-02
LIC100214,42,Male,Lucknow,Uttar Pradesh,Endowment,33700,411000,20,Yearly,Matured,Not Claimed,0,AG1085,2023-12-18,36-45,2023,2023-12
LIC100215,32,Male,Bengaluru,Karnataka,ULIP,41400,626000,20,Monthly,Lapsed,Not Claimed,0,AG1169,2022-08-05,26-35,2022,2022-08
LIC100216,18,Male,Hyderabad,Telangana,Money Back,44600,1057000,10,Yearly,Lapsed,Not Claimed,0,AG1193,2023-12-19,18-25,2023,2023-12
LIC100217,55,Male,Kanpur,Uttar Pradesh,Term,23500,269000,15,Monthly,Surrendered,Not Claimed,0,AG1030,2025-05-25,46-55,2025,2025-05
LIC100218,36,Male,Kanpur,Uttar Pradesh,Money Back,34900,524000,15,Monthly,Lapsed,Not Claimed,0,AG1147,2020-10-25,36-45,2020,2020-10
LIC100219,27,Male,Varanasi,Uttar Pradesh,Pension,48000,982000,10,Monthly,Lapsed,Not Claimed,0,AG1088,2025-12-06,26-35,2025,2025-12
LIC100220,42,Female,Chandigarh,Chandigarh,Endowment,45000,899000,15,Yearly,Surrendered,Not Claimed,0,AG1079,2024-01-24,36-45,2024,2024-01
LIC100221,41,Female,Delhi,Delhi,Endowment,42500,1038000,20,Yearly,Active,Claimed,712000,AG1227,2019-01-20,36-45,2019,2019-01
LIC100222,35,Female,Mumbai,Maharashtra,Term,20800,234000,12,Yearly,Active,Not Claimed,0,AG1024,2022-04-28,26-35,2022,2022-04
LIC100223,41,Female,Kanpur,Uttar Pradesh,Term,21800,181000,15,Monthly,Active,Not Claimed,0,AG1177,2026-08-30,36-45,2026,2026-08
LIC100224,26,Female,Bhopal,Madhya Pradesh,Endowment,27000,364000,30,Half-Yearly,Active,Not Claimed,0,AG1187,2020-01-12,26-35,2020,2020-01
LIC100225,47,Male,Kolkata,West Bengal,Money Back,39700,419000,5,Yearly,Lapsed,Not Claimed,0,AG1270,2022-11-11,46-55,2022,2022-11
LIC100226,28,Male,Kolkata,West Bengal,Term,11800,204000,20,Monthly,Lapsed,Not Claimed,0,AG1214,2024-02-13,26-35,2024,2024-02
LIC100227,32,Male,Jaipur,Rajasthan,Pension,57300,1334000,20,Yearly,Active,Not Claimed,0,AG1295,2022-06-02,26-35,2022,2022-06
LIC100228,46,Female,Jaipur,Rajasthan,ULIP,73000,1438000,20,Monthly,Surrendered,Not Claimed,0,AG1264,2019-07-12,46-55,2019,2019-07
LIC100229,52,Male,Bengaluru,Karnataka,Money Back,36500,376000,20,Monthly,Active,Not Claimed,0,AG1176,2022-03-23,46-55,2022,2022-03
LIC100230,56,Female,Coimbatore,Tamil Nadu,Pension,58200,580000,20,Half-Yearly,Lapsed,Not Claimed,0,AG1080,2022-09-02,56-65,2022,2022-09
LIC100231,51,Male,Kanpur,Uttar Pradesh,Term,11900,280000,10,Yearly,Active,Not Claimed,0,AG1238,2018-04-25,46-55,2018,2018-04
LIC100232,35,Male,Kanpur,Uttar Pradesh,Money Back,47300,770000,15,Monthly,Active,Not Claimed,0,AG1081,2023-05-21,26-35,2023,2023-05
LIC100233,22,Female,Bengaluru,Karnataka,Whole Life,36600,868000,20,Monthly,Active,Not Claimed,0,AG1197,2026-05-25,18-25,2026,2026-05
LIC100234,54,Male,Varanasi,Uttar Pradesh,Pension,81300,1668000,10,Monthly,Matured,Not Claimed,0,AG1297,2021-09-29,46-55,2021,2021-09
LIC100235,54,Male,Mumbai,Maharashtra,ULIP,96800,2409000,5,Monthly,Active,Not Claimed,0,AG1291,2020-05-07,46-55,2020,2020-05
LIC100236,32,Male,Varanasi,Uttar Pradesh,Endowment,29800,680000,20,Monthly,Lapsed,Not Claimed,0,AG1181,2026-04-10,26-35,2026,2026-04
LIC100237,49,Male,Patna,Bihar,Pension,71900,1081000,20,Quarterly,Active,Not Claimed,0,AG1054,2018-08-27,46-55,2018,2018-08
LIC100238,35,Female,Chandigarh,Chandigarh,Term,27200,568000,15,Yearly,Active,Not Claimed,0,AG1165,2022-12-16,26-35,2022,2022-12
LIC100239,56,Male,Ahmedabad,Gujarat,Pension,39500,632000,30,Quarterly,Active,Not Claimed,0,AG1018,2024-06-14,56-65,2024,2024-06
LIC100240,33,Male,Chennai,Tamil Nadu,Micro Insurance,5700,100000,20,Yearly,Active,Not Claimed,0,AG1277,2023-02-25,26-35,2023,2023-02
LIC100241,61,Male,Pune,Maharashtra,Term,21300,258000,30,Yearly,Surrendered,Claimed,107000,AG1256,2023-08-26,56-65,2023,2023-08
LIC100242,48,Female,Ahmedabad,Gujarat,ULIP,76400,1127000,25,Monthly,Active,Not Claimed,0,AG1298,2018-03-03,46-55,2018,2018-03
LIC100243,59,Male,Varanasi,Uttar Pradesh,Term,11900,118000,15,Monthly,Surrendered,Not Claimed,0,AG1136,2019-12-07,56-65,2019,2019-12
LIC100244,34,Male,Bengaluru,Karnataka,Endowment,69800,769000,20,Yearly,Surrendered,Not Claimed,0,AG1212,2018-10-19,26-35,2018,2018-10
LIC100245,43,Female,Kanpur,Uttar Pradesh,Money Back,38200,631000,20,Monthly,Surrendered,Not Claimed,0,AG1241,2020-01-17,36-45,2020,2020-01
LIC100246,28,Male,Bengaluru,Karnataka,Money Back,46500,1126000,20,Monthly,Active,Not Claimed,0,AG1114,2025-10-10,26-35,2025,2025-10
LIC100247,48,Female,Kochi,Kerala,Pension,54600,973000,20,Monthly,Surrendered,Not Claimed,0,AG1197,2018-08-29,46-55,2018,2018-08
LIC100248,49,Male,Nagpur,Maharashtra,Whole Life,40200,601000,10,Half-Yearly,Active,Not Claimed,0,AG1187,2021-09-10,46-55,2021,2021-09
LIC100249,65,Male,Kochi,Kerala,Money Back,25600,310000,12,Half-Yearly,Active,Not Claimed,0,AG1266,2020-07-13,56-65,2020,2020-07
LIC100250,44,Male,Delhi,Delhi,ULIP,51700,586000,12,Single Premium,Active,Not Claimed,0,AG1191,2021-02-26,36-45,2021,2021-02
LIC100251,47,Female,Bengaluru,Karnataka,Pension,69600,1336000,20,Yearly,Matured,Not Claimed,0,AG1263,2020-08-10,46-55,2020,2020-08
LIC100252,34,Female,Kanpur,Uttar Pradesh,Term,19500,437000,20,Quarterly,Active,Not Claimed,0,AG1035,2022-07-31,26-35,2022,2022-07
LIC100253,45,Male,Jaipur,Rajasthan,Micro Insurance,4200,100000,15,Quarterly,Active,Not Claimed,0,AG1042,2022-01-27,36-45,2022,2022-01
LIC100254,35,Male,Chennai,Tamil Nadu,Term,18300,318000,20,Quarterly,Active,Not Claimed,0,AG1213,2025-01-18,26-35,2025,2025-01
LIC100255,40,Female,Mumbai,Maharashtra,Pension,40500,811000,25,Monthly,Active,Not Claimed,0,AG1088,2023-02-09,36-45,2023,2023-02
LIC100256,41,Female,Chennai,Tamil Nadu,Endowment,34900,314000,12,Monthly,Active,Not Claimed,0,AG1285,2020-01-12,36-45,2020,2020-01
LIC100257,35,Female,Mumbai,Maharashtra,Term,11800,165000,10,Monthly,Matured,Not Claimed,0,AG1155,2018-06-25,26-35,2018,2018-06
LIC100258,40,Male,Nagpur,Maharashtra,Endowment,52900,1079000,15,Monthly,Active,Not Claimed,0,AG1294,2025-10-22,36-45,2025,2025-10
LIC100259,35,Female,Kanpur,Uttar Pradesh,Whole Life,41000,805000,25,Monthly,Matured,Claimed,220000,AG1258,2025-09-06,26-35,2025,2025-09
LIC100260,35,Male,Varanasi,Uttar Pradesh,Endowment,76000,677000,20,Quarterly,Active,Not Claimed,0,AG1025,2020-12-12,26-35,2020,2020-12
LIC100261,51,Male,Ahmedabad,Gujarat,Term,14200,171000,15,Single Premium,Surrendered,Not Claimed,0,AG1194,2018-12-01,46-55,2018,2018-12
LIC100262,41,Male,Hyderabad,Telangana,Money Back,47800,935000,10,Half-Yearly,Active,Not Claimed,0,AG1294,2020-06-17,36-45,2020,2020-06
LIC100263,43,Female,Bengaluru,Karnataka,Pension,66400,838000,20,Single Premium,Active,Not Claimed,0,AG1059,2019-10-21,36-45,2019,2019-10
LIC100264,23,Male,Chandigarh,Chandigarh,Endowment,35700,780000,25,Quarterly,Active,Not Claimed,0,AG1106,2022-04-26,18-25,2022,2022-04
LIC100265,44,Male,Mumbai,Maharashtra,Endowment,36000,306000,20,Quarterly,Active,Not Claimed,0,AG1007,2024-05-29,36-45,2024,2024-05
LIC100266,45,Female,Kanpur,Uttar Pradesh,Money Back,29800,335000,15,Quarterly,Lapsed,Not Claimed,0,AG1177,2019-03-19,36-45,2019,2019-03
LIC100267,35,Male,Bhopal,Madhya Pradesh,Term,15500,198000,10,Monthly,Active,Not Claimed,0,AG1196,2022-09-27,26-35,2022,2022-09
LIC100268,62,Female,Coimbatore,Tamil Nadu,Pension,67300,1597000,25,Monthly,Lapsed,Not Claimed,0,AG1232,2021-03-05,56-65,2021,2021-03
LIC100269,18,Female,Nagpur,Maharashtra,Pension,70200,1512000,12,Single Premium,Lapsed,Not Claimed,0,AG1297,2025-04-01,18-25,2025,2025-04
LIC100270,48,Male,Pune,Maharashtra,Money Back,56700,1306000,10,Single Premium,Active,Not Claimed,0,AG1202,2020-02-05,46-55,2020,2020-02
LIC100271,47,Other,Pune,Maharashtra,Endowment,30600,474000,20,Monthly,Active,Not Claimed,0,AG1220,2022-09-21,46-55,2022,2022-09
LIC100272,45,Female,Indore,Madhya Pradesh,ULIP,46700,1027000,30,Monthly,Active,Not Claimed,0,AG1280,2020-03-13,36-45,2020,2020-03
LIC100273,41,Female,Coimbatore,Tamil Nadu,Money Back,55500,1249000,20,Quarterly,Active,Not Claimed,0,AG1292,2020-06-30,36-45,2020,2020-06
LIC100274,45,Male,Ahmedabad,Gujarat,Pension,43800,648000,20,Monthly,Active,Not Claimed,0,AG1277,2018-03-12,36-45,2018,2018-03
LIC100275,49,Female,Delhi,Delhi,Whole Life,34500,859000,12,Quarterly,Surrendered,Not Claimed,0,AG1283,2022-11-04,46-55,2022,2022-11
LIC100276,31,Male,Mumbai,Maharashtra,ULIP,32300,726000,5,Monthly,Active,Not Claimed,0,AG1085,2026-02-26,26-35,2026,2026-02
LIC100277,42,Male,Surat,Gujarat,Money Back,53900,1324000,10,Quarterly,Active,Not Claimed,0,AG1219,2026-06-07,36-45,2026,2026-06
LIC100278,37,Female,Mumbai,Maharashtra,Endowment,25200,573000,20,Quarterly,Active,Not Claimed,0,AG1227,2020-08-13,36-45,2020,2020-08
LIC100279,27,Male,Kolkata,West Bengal,Pension,30300,642000,10,Quarterly,Active,Not Claimed,0,AG1290,2025-09-28,26-35,2025,2025-09
LIC100280,47,Male,Kanpur,Uttar Pradesh,Money Back,55300,1330000,25,Monthly,Lapsed,Not Claimed,0,AG1052,2026-05-26,46-55,2026,2026-05
LIC100281,33,Female,Coimbatore,Tamil Nadu,Whole Life,51400,778000,10,Quarterly,Lapsed,Not Claimed,0,AG1142,2026-01-04,26-35,2026,2026-01
LIC100282,23,Female,Chennai,Tamil Nadu,Endowment,38700,825000,15,Single Premium,Lapsed,Not Claimed,0,AG1059,2018-12-02,18-25,2018,2018-12
LIC100283,33,Male,Bengaluru,Karnataka,Whole Life,29600,344000,15,Quarterly,Matured,Not Claimed,0,AG1057,2025-04-28,26-35,2025,2025-04
LIC100284,30,Female,Chandigarh,Chandigarh,Money Back,46400,949000,20,Yearly,Active,Not Claimed,0,AG1120,2023-02-03,26-35,2023,2023-02
LIC100285,50,Female,Chandigarh,Chandigarh,Term,23000,491000,12,Yearly,Active,Not Claimed,0,AG1037,2019-02-23,46-55,2019,2019-02
LIC100286,41,Male,Bhopal,Madhya Pradesh,Term,17400,351000,25,Single Premium,Active,Not Claimed,0,AG1186,2021-08-17,36-45,2021,2021-08
LIC100287,54,Female,Nagpur,Maharashtra,Whole Life,32200,723000,15,Yearly,Matured,Claimed,619000,AG1288,2018-08-25,46-55,2018,2018-08
LIC100288,32,Male,Pune,Maharashtra,ULIP,33500,503000,20,Yearly,Lapsed,Not Claimed,0,AG1276,2023-01-27,26-35,2023,2023-01
LIC100289,49,Male,Bengaluru,Karnataka,Money Back,44900,775000,20,Yearly,Active,Not Claimed,0,AG1126,2023-07-09,46-55,2023,2023-07
LIC100290,70,Male,Jaipur,Rajasthan,Endowment,58100,475000,10,Monthly,Active,Not Claimed,0,AG1213,2019-05-21,66+,2019,2019-05
LIC100291,43,Male,Kolkata,West Bengal,Whole Life,29100,305000,20,Half-Yearly,Active,Not Claimed,0,AG1189,2020-09-07,36-45,2020,2020-09
LIC100292,48,Male,Chandigarh,Chandigarh,Term,15700,298000,15,Single Premium,Surrendered,Not Claimed,0,AG1185,2019-02-03,46-55,2019,2019-02
LIC100293,47,Female,Nagpur,Maharashtra,Money Back,32000,562000,25,Yearly,Active,Not Claimed,0,AG1109,2025-04-12,46-55,2025,2025-04
LIC100294,23,Female,Bengaluru,Karnataka,Term,21400,243000,25,Single Premium,Lapsed,Not Claimed,0,AG1052,2026-03-22,18-25,2026,2026-03
LIC100295,45,Male,Mumbai,Maharashtra,Term,25800,313000,10,Yearly,Active,Not Claimed,0,AG1101,2018-01-02,36-45,2018,2018-01
LIC100296,42,Female,Varanasi,Uttar Pradesh,Endowment,41500,575000,10,Yearly,Active,Not Claimed,0,AG1146,2018-01-16,36-45,2018,2018-01
LIC100297,36,Male,Mumbai,Maharashtra,Endowment,37700,761000,12,Yearly,Lapsed,Not Claimed,0,AG1205,2018-10-06,36-45,2018,2018-10
LIC100298,29,Male,Bengaluru,Karnataka,Term,14200,261000,30,Yearly,Active,Not Claimed,0,AG1175,2021-10-06,26-35,2021,2021-10
LIC100299,47,Female,Kochi,Kerala,Endowment,62500,574000,5,Half-Yearly,Active,Not Claimed,0,AG1231,2024-08-14,46-55,2024,2024-08
LIC100300,28,Male,Lucknow,Uttar Pradesh,Money Back,36300,759000,20,Single Premium,Active,Not Claimed,0,AG1126,2022-04-26,26-35,2022,2022-04
LIC100301,62,Male,Bengaluru,Karnataka,Money Back,52800,658000,20,Yearly,Active,Not Claimed,0,AG1268,2020-08-20,56-65,2020,2020-08
LIC100302,40,Female,Ahmedabad,Gujarat,Endowment,49200,955000,20,Yearly,Lapsed,Not Claimed,0,AG1251,2026-01-13,36-45,2026,2026-01
LIC100303,26,Male,Nagpur,Maharashtra,Pension,44000,444000,10,Yearly,Active,Not Claimed,0,AG1112,2019-01-13,26-35,2019,2019-01
LIC100304,33,Female,Kochi,Kerala,Term,13000,325000,10,Quarterly,Active,Not Claimed,0,AG1040,2020-12-14,26-35,2020,2020-12
LIC100305,36,Male,Surat,Gujarat,Money Back,27600,258000,15,Monthly,Lapsed,Not Claimed,0,AG1218,2024-03-05,36-45,2024,2024-03
LIC100306,66,Male,Delhi,Delhi,Term,33900,699000,10,Single Premium,Active,Not Claimed,0,AG1236,2023-12-20,66+,2023,2023-12
LIC100307,29,Male,Lucknow,Uttar Pradesh,Term,14700,253000,10,Half-Yearly,Active,Not Claimed,0,AG1192,2021-10-21,26-35,2021,2021-10
LIC100308,38,Male,Delhi,Delhi,Money Back,33200,314000,10,Quarterly,Matured,Claimed,137000,AG1275,2021-10-11,36-45,2021,2021-10
LIC100309,33,Male,Chandigarh,Chandigarh,Money Back,26200,222000,20,Monthly,Active,Not Claimed,0,AG1087,2022-12-25,26-35,2022,2022-12
LIC100310,44,Male,Ahmedabad,Gujarat,Pension,37800,535000,15,Yearly,Matured,Not Claimed,0,AG1240,2024-02-04,36-45,2024,2024-02
LIC100311,33,Female,Mumbai,Maharashtra,Money Back,29000,627000,12,Yearly,Matured,Not Claimed,0,AG1155,2020-01-24,26-35,2020,2020-01
LIC100312,26,Female,Jaipur,Rajasthan,Pension,77000,670000,12,Yearly,Active,Not Claimed,0,AG1180,2021-07-31,26-35,2021,2021-07
LIC100313,37,Male,Patna,Bihar,Term,22200,443000,10,Yearly,Active,Not Claimed,0,AG1080,2022-07-17,36-45,2022,2022-07
LIC100314,36,Male,Kanpur,Uttar Pradesh,Term,15700,301000,15,Quarterly,Active,Claimed,196000,AG1007,2019-03-13,36-45,2019,2019-03
LIC100315,32,Male,Hyderabad,Telangana,Term,24400,305000,10,Quarterly,Active,Not Claimed,0,AG1251,2026-03-30,26-35,2026,2026-03
LIC100316,33,Female,Lucknow,Uttar Pradesh,Term,17200,160000,20,Monthly,Matured,Not Claimed,0,AG1191,2022-12-23,26-35,2022,2022-12
LIC100317,52,Other,Bengaluru,Karnataka,Money Back,63300,1491000,10,Yearly,Lapsed,Not Claimed,0,AG1077,2019-11-10,46-55,2019,2019-11
LIC100318,35,Male,Kochi,Kerala,Whole Life,55700,730000,30,Monthly,Active,Not Claimed,0,AG1055,2019-06-09,26-35,2019,2019-06
LIC100319,27,Female,Indore,Madhya Pradesh,Term,24000,237000,10,Half-Yearly,Active,Not Claimed,0,AG1204,2023-10-20,26-35,2023,2023-10
LIC100320,34,Male,Hyderabad,Telangana,Pension,49300,966000,30,Half-Yearly,Surrendered,Claimed,619000,AG1159,2018-02-23,26-35,2018,2018-02
LIC100321,40,Male,Chennai,Tamil Nadu,Pension,61900,723000,25,Half-Yearly,Active,Not Claimed,0,AG1139,2023-08-23,36-45,2023,2023-08
LIC100322,24,Male,Indore,Madhya Pradesh,Endowment,42200,679000,20,Single Premium,Lapsed,Not Claimed,0,AG1230,2021-10-31,18-25,2021,2021-10
LIC100323,57,Male,Varanasi,Uttar Pradesh,Term,13600,120000,25,Monthly,Lapsed,Not Claimed,0,AG1067,2021-07-07,56-65,2021,2021-07
LIC100324,49,Male,Mumbai,Maharashtra,Term,17500,435000,10,Yearly,Active,Not Claimed,0,AG1098,2018-03-21,46-55,2018,2018-03
LIC100325,55,Male,Ahmedabad,Gujarat,Term,17100,267000,10,Monthly,Active,Not Claimed,0,AG1114,2024-11-28,46-55,2024,2024-11
LIC100326,43,Female,Nagpur,Maharashtra,Term,16300,407000,12,Monthly,Active,Not Claimed,0,AG1013,2026-07-29,36-45,2026,2026-07
LIC100327,18,Male,Kanpur,Uttar Pradesh,Money Back,59500,866000,12,Quarterly,Active,Not Claimed,0,AG1147,2026-07-16,18-25,2026,2026-07
LIC100328,56,Male,Nagpur,Maharashtra,Endowment,72000,1002000,12,Monthly,Active,Not Claimed,0,AG1222,2023-02-12,56-65,2023,2023-02
LIC100329,30,Male,Bhopal,Madhya Pradesh,Endowment,47500,1119000,20,Yearly,Active,Not Claimed,0,AG1021,2022-02-22,26-35,2022,2022-02
LIC100330,30,Male,Coimbatore,Tamil Nadu,Micro Insurance,7500,102000,5,Half-Yearly,Lapsed,Not Claimed,0,AG1215,2025-07-24,26-35,2025,2025-07
LIC100331,41,Male,Surat,Gujarat,Whole Life,18900,290000,15,Monthly,Active,Not Claimed,0,AG1144,2026-07-05,36-45,2026,2026-07
LIC100332,54,Male,Delhi,Delhi,Pension,72300,674000,12,Monthly,Active,Not Claimed,0,AG1112,2018-10-13,46-55,2018,2018-10
LIC100333,51,Male,Delhi,Delhi,Term,27900,676000,20,Half-Yearly,Active,Not Claimed,0,AG1078,2022-04-26,46-55,2022,2022-04
LIC100334,49,Male,Coimbatore,Tamil Nadu,Endowment,26200,248000,30,Yearly,Active,Not Claimed,0,AG1154,2020-08-01,46-55,2020,2020-08
LIC100335,36,Male,Chandigarh,Chandigarh,Money Back,45100,952000,15,Quarterly,Active,Not Claimed,0,AG1086,2018-08-16,36-45,2018,2018-08
LIC100336,35,Male,Varanasi,Uttar Pradesh,Term,12100,208000,15,Half-Yearly,Active,Not Claimed,0,AG1076,2023-05-31,26-35,2023,2023-05
LIC100337,43,Female,Lucknow,Uttar Pradesh,Term,11400,103000,15,Yearly,Active,Not Claimed,0,AG1031,2024-01-28,36-45,2024,2024-01
LIC100338,38,Female,Pune,Maharashtra,Whole Life,45100,362000,20,Half-Yearly,Active,Not Claimed,0,AG1168,2022-03-01,36-45,2022,2022-03
LIC100339,49,Male,Surat,Gujarat,Whole Life,26400,631000,10,Monthly,Active,Not Claimed,0,AG1283,2023-06-08,46-55,2023,2023-06
LIC100340,48,Male,Patna,Bihar,Endowment,39700,818000,30,Half-Yearly,Active,Not Claimed,0,AG1220,2019-06-08,46-55,2019,2019-06
LIC100341,46,Male,Kolkata,West Bengal,Money Back,53800,1058000,15,Half-Yearly,Active,Not Claimed,0,AG1272,2022-10-17,46-55,2022,2022-10
LIC100342,18,Male,Mumbai,Maharashtra,Endowment,38600,597000,12,Yearly,Active,Not Claimed,0,AG1200,2024-06-03,18-25,2024,2024-06
LIC100343,40,Male,Ahmedabad,Gujarat,Term,18100,218000,30,Half-Yearly,Matured,Not Claimed,0,AG1113,2024-11-09,36-45,2024,2024-11
LIC100344,38,Male,Bhopal,Madhya Pradesh,Endowment,41100,804000,25,Single Premium,Active,Not Claimed,0,AG1013,2021-12-31,36-45,2021,2021-12
LIC100345,41,Male,Bhopal,Madhya Pradesh,Term,21300,391000,20,Monthly,Active,Not Claimed,0,AG1060,2019-04-23,36-45,2019,2019-04
LIC100346,31,Female,Kolkata,West Bengal,Term,16900,344000,5,Single Premium,Matured,Claimed,265000,AG1188,2021-04-23,26-35,2021,2021-04
LIC100347,24,Male,Hyderabad,Telangana,Pension,49600,705000,20,Half-Yearly,Active,Not Claimed,0,AG1288,2024-05-08,18-25,2024,2024-05
LIC100348,44,Male,Chennai,Tamil Nadu,Money Back,34600,857000,15,Yearly,Matured,Not Claimed,0,AG1055,2024-11-13,36-45,2024,2024-11
LIC100349,35,Male,Pune,Maharashtra,ULIP,57400,525000,15,Monthly,Active,Not Claimed,0,AG1243,2021-01-27,26-35,2021,2021-01
LIC100350,45,Female,Indore,Madhya Pradesh,Endowment,51400,481000,10,Quarterly,Active,Not Claimed,0,AG1153,2024-10-17,36-45,2024,2024-10
LIC100351,32,Female,Varanasi,Uttar Pradesh,Endowment,71500,1686000,15,Yearly,Active,Not Claimed,0,AG1169,2022-07-26,26-35,2022,2022-07
LIC100352,55,Male,Surat,Gujarat,Endowment,46800,890000,20,Yearly,Active,Not Claimed,0,AG1282,2025-04-28,46-55,2025,2025-04
LIC100353,50,Female,Bengaluru,Karnataka,Term,20200,274000,12,Monthly,Active,Not Claimed,0,AG1109,2022-02-05,46-55,2022,2022-02
LIC100354,42,Male,Ahmedabad,Gujarat,Term,20900,438000,25,Half-Yearly,Active,Not Claimed,0,AG1036,2021-07-16,36-45,2021,2021-07
LIC100355,37,Female,Varanasi,Uttar Pradesh,ULIP,69800,1096000,10,Monthly,Active,Not Claimed,0,AG1212,2025-10-14,36-45,2025,2025-10
LIC100356,48,Female,Kanpur,Uttar Pradesh,Whole Life,25500,213000,10,Single Premium,Matured,Not Claimed,0,AG1131,2019-09-13,46-55,2019,2019-09
LIC100357,43,Male,Indore,Madhya Pradesh,Money Back,40600,774000,20,Yearly,Active,Not Claimed,0,AG1059,2024-09-09,36-45,2024,2024-09
LIC100358,42,Female,Kochi,Kerala,Money Back,19300,234000,25,Monthly,Active,Not Claimed,0,AG1162,2021-12-02,36-45,2021,2021-12
LIC100359,50,Male,Lucknow,Uttar Pradesh,Pension,52500,523000,30,Yearly,Active,Not Claimed,0,AG1262,2025-12-17,46-55,2025,2025-12
LIC100360,55,Male,Coimbatore,Tamil Nadu,Term,30100,356000,20,Yearly,Active,Not Claimed,0,AG1159,2023-04-05,46-55,2023,2023-04
LIC100361,25,Male,Chandigarh,Chandigarh,Endowment,34300,552000,10,Quarterly,Lapsed,Not Claimed,0,AG1227,2020-07-18,18-25,2020,2020-07
LIC100362,27,Female,Coimbatore,Tamil Nadu,Endowment,44100,390000,30,Yearly,Active,Not Claimed,0,AG1160,2019-01-22,26-35,2019,2019-01
LIC100363,30,Male,Kolkata,West Bengal,ULIP,44800,1031000,25,Quarterly,Active,Not Claimed,0,AG1298,2025-01-25,26-35,2025,2025-01
LIC100364,22,Male,Jaipur,Rajasthan,Micro Insurance,4700,100000,10,Yearly,Active,Not Claimed,0,AG1046,2023-04-25,18-25,2023,2023-04
LIC100365,38,Female,Bhopal,Madhya Pradesh,Endowment,57100,741000,15,Quarterly,Matured,Not Claimed,0,AG1123,2018-08-02,36-45,2018,2018-08
LIC100366,46,Male,Mumbai,Maharashtra,Pension,40500,797000,15,Quarterly,Active,Not Claimed,0,AG1214,2024-09-10,46-55,2024,2024-09
LIC100367,39,Male,Mumbai,Maharashtra,Pension,54600,1183000,15,Quarterly,Active,Not Claimed,0,AG1158,2023-09-23,36-45,2023,2023-09
LIC100368,33,Male,Surat,Gujarat,Endowment,45800,844000,30,Monthly,Active,Not Claimed,0,AG1164,2019-08-15,26-35,2019,2019-08
LIC100369,51,Male,Delhi,Delhi,Endowment,39400,451000,10,Yearly,Active,Not Claimed,0,AG1282,2019-01-01,46-55,2019,2019-01
LIC100370,41,Male,Kanpur,Uttar Pradesh,Endowment,47000,464000,20,Quarterly,Active,Not Claimed,0,AG1050,2022-12-21,36-45,2022,2022-12
LIC100371,43,Male,Ahmedabad,Gujarat,Micro Insurance,5100,115000,10,Quarterly,Active,Not Claimed,0,AG1130,2024-01-31,36-45,2024,2024-01
LIC100372,52,Female,Indore,Madhya Pradesh,Term,25100,301000,15,Yearly,Matured,Not Claimed,0,AG1263,2018-09-30,46-55,2018,2018-09
LIC100373,38,Female,Mumbai,Maharashtra,ULIP,37300,311000,20,Half-Yearly,Active,Claimed,282000,AG1155,2022-12-02,36-45,2022,2022-12
LIC100374,62,Male,Kanpur,Uttar Pradesh,Endowment,50600,958000,12,Half-Yearly,Active,Not Claimed,0,AG1046,2019-05-05,56-65,2019,2019-05
LIC100375,34,Male,Hyderabad,Telangana,ULIP,48400,513000,15,Single Premium,Active,Not Claimed,0,AG1248,2023-05-01,26-35,2023,2023-05
LIC100376,61,Male,Kolkata,West Bengal,Endowment,75300,1871000,30,Yearly,Active,Not Claimed,0,AG1221,2022-06-29,56-65,2022,2022-06
LIC100377,28,Male,Bengaluru,Karnataka,Money Back,37400,852000,20,Monthly,Active,Not Claimed,0,AG1213,2019-08-25,26-35,2019,2019-08
LIC100378,45,Male,Bhopal,Madhya Pradesh,Pension,70200,1288000,20,Half-Yearly,Active,Not Claimed,0,AG1002,2026-08-09,36-45,2026,2026-08
LIC100379,32,Male,Kanpur,Uttar Pradesh,ULIP,60700,1346000,10,Single Premium,Active,Not Claimed,0,AG1206,2019-09-04,26-35,2019,2019-09
LIC100380,51,Female,Coimbatore,Tamil Nadu,Pension,66700,1067000,15,Quarterly,Active,Not Claimed,0,AG1230,2018-11-23,46-55,2018,2018-11
LIC100381,34,Male,Kolkata,West Bengal,Term,16400,351000,20,Quarterly,Active,Not Claimed,0,AG1192,2022-09-03,26-35,2022,2022-09
LIC100382,42,Male,Nagpur,Maharashtra,Whole Life,43300,822000,25,Monthly,Active,Not Claimed,0,AG1253,2018-12-13,36-45,2018,2018-12
LIC100383,32,Female,Kolkata,West Bengal,Term,16300,138000,12,Monthly,Active,Not Claimed,0,AG1089,2018-06-15,26-35,2018,2018-06
LIC100384,49,Male,Surat,Gujarat,Endowment,30200,729000,20,Yearly,Active,Not Claimed,0,AG1015,2026-01-06,46-55,2026,2026-01
LIC100385,32,Male,Chandigarh,Chandigarh,Money Back,33900,767000,10,Yearly,Active,Not Claimed,0,AG1165,2020-01-22,26-35,2020,2020-01
LIC100386,58,Female,Nagpur,Maharashtra,Endowment,60800,1472000,5,Single Premium,Active,Not Claimed,0,AG1262,2021-05-24,56-65,2021,2021-05
LIC100387,28,Male,Varanasi,Uttar Pradesh,Money Back,23000,470000,15,Yearly,Lapsed,Not Claimed,0,AG1045,2024-07-19,26-35,2024,2024-07
LIC100388,24,Female,Kolkata,West Bengal,Micro Insurance,4700,100000,10,Monthly,Active,Not Claimed,0,AG1180,2023-10-10,18-25,2023,2023-10
LIC100389,49,Male,Bhopal,Madhya Pradesh,Term,14900,172000,10,Monthly,Active,Not Claimed,0,AG1106,2023-05-19,46-55,2023,2023-05
LIC100390,32,Female,Kanpur,Uttar Pradesh,Whole Life,37400,414000,20,Single Premium,Matured,Not Claimed,0,AG1148,2021-04-24,26-35,2021,2021-04
LIC100391,39,Female,Kanpur,Uttar Pradesh,Endowment,70300,736000,15,Quarterly,Active,Not Claimed,0,AG1190,2018-12-30,36-45,2018,2018-12
LIC100392,35,Female,Hyderabad,Telangana,Term,17000,200000,20,Quarterly,Matured,Not Claimed,0,AG1129,2026-02-20,26-35,2026,2026-02
LIC100393,25,Female,Chennai,Tamil Nadu,Term,20900,363000,20,Yearly,Active,Not Claimed,0,AG1205,2020-10-20,18-25,2020,2020-10
LIC100394,38,Male,Mumbai,Maharashtra,Pension,57300,1124000,20,Half-Yearly,Active,Not Claimed,0,AG1030,2021-04-20,36-45,2021,2021-04
LIC100395,53,Male,Kolkata,West Bengal,Pension,90200,1203000,12,Monthly,Active,Not Claimed,0,AG1010,2022-10-21,46-55,2022,2022-10
LIC100396,50,Male,Lucknow,Uttar Pradesh,Pension,47200,818000,12,Yearly,Active,Not Claimed,0,AG1109,2023-09-13,46-55,2023,2023-09
LIC100397,42,Female,Kolkata,West Bengal,Micro Insurance,6100,100000,20,Single Premium,Surrendered,Not Claimed,0,AG1150,2019-02-09,36-45,2019,2019-02
LIC100398,51,Female,Chennai,Tamil Nadu,Endowment,45500,903000,10,Monthly,Active,Not Claimed,0,AG1285,2022-04-30,46-55,2022,2022-04
LIC100399,27,Male,Delhi,Delhi,Endowment,42900,1064000,20,Yearly,Active,Claimed,278000,AG1139,2026-01-23,26-35,2026,2026-01
LIC100400,35,Female,Varanasi,Uttar Pradesh,Whole Life,60500,1193000,15,Quarterly,Active,Not Claimed,0,AG1154,2023-12-26,26-35,2023,2023-12
LIC100401,43,Female,Lucknow,Uttar Pradesh,Money Back,39800,358000,10,Half-Yearly,Active,Not Claimed,0,AG1147,2023-03-01,36-45,2023,2023-03
LIC100402,38,Female,Coimbatore,Tamil Nadu,Endowment,34300,553000,20,Yearly,Active,Not Claimed,0,AG1036,2023-09-07,36-45,2023,2023-09
LIC100403,36,Female,Mumbai,Maharashtra,Endowment,30800,650000,30,Single Premium,Active,Not Claimed,0,AG1184,2018-04-16,36-45,2018,2018-04
LIC100404,26,Male,Kolkata,West Bengal,Money Back,51100,880000,10,Quarterly,Active,Not Claimed,0,AG1265,2024-01-14,26-35,2024,2024-01
LIC100405,18,Male,Indore,Madhya Pradesh,Money Back,28300,684000,10,Monthly,Matured,Claimed,449000,AG1135,2022-12-28,18-25,2022,2022-12
LIC100406,48,Male,Chennai,Tamil Nadu,Term,25100,224000,25,Monthly,Active,Not Claimed,0,AG1018,2021-06-10,46-55,2021,2021-06
LIC100407,42,Male,Kanpur,Uttar Pradesh,Money Back,32300,418000,10,Half-Yearly,Active,Not Claimed,0,AG1137,2018-07-15,36-45,2018,2018-07
LIC100408,49,Male,Kanpur,Uttar Pradesh,Money Back,29500,347000,5,Monthly,Active,Not Claimed,0,AG1198,2026-05-15,46-55,2026,2026-05
LIC100409,34,Female,Delhi,Delhi,Money Back,42600,897000,15,Quarterly,Surrendered,Claimed,521000,AG1045,2023-02-18,26-35,2023,2023-02
LIC100410,31,Female,Chandigarh,Chandigarh,Endowment,35200,595000,15,Monthly,Active,Not Claimed,0,AG1079,2018-07-21,26-35,2018,2018-07
LIC100411,39,Male,,Uttar Pradesh,ULIP,61400,636000,15,Quarterly,Active,Not Claimed,0,AG1087,2023-11-27,36-45,2023,2023-11
LIC100412,48,Male,Bhopal,Madhya Pradesh,Term,23900,307000,15,Monthly,Surrendered,Not Claimed,0,AG1209,2019-06-27,46-55,2019,2019-06
LIC100413,36,Male,Kochi,Kerala,Endowment,49500,836000,25,Yearly,Active,Not Claimed,0,AG1224,2022-10-28,36-45,2022,2022-10
LIC100414,48,Male,Bengaluru,Karnataka,ULIP,55800,1391000,20,Monthly,Active,Not Claimed,0,AG1253,2018-02-10,46-55,2018,2018-02
LIC100415,28,Male,Mumbai,Maharashtra,Money Back,43600,619000,30,Quarterly,Active,Not Claimed,0,AG1160,2020-12-23,26-35,2020,2020-12
LIC100416,37,Male,Mumbai,Maharashtra,Endowment,33200,354000,15,Yearly,Matured,Not Claimed,0,AG1229,2020-06-08,36-45,2020,2020-06
LIC100417,38,Male,Coimbatore,Tamil Nadu,Whole Life,15600,257000,10,Yearly,Surrendered,Not Claimed,0,AG1195,2019-11-13,36-45,2019,2019-11
LIC100418,52,Male,Patna,Bihar,Money Back,52800,701000,30,Monthly,Lapsed,Not Claimed,0,AG1144,2025-10-30,46-55,2025,2025-10
LIC100419,41,Male,Kolkata,West Bengal,ULIP,58400,1029000,5,Monthly,Active,Not Claimed,0,AG1130,2024-09-28,36-45,2024,2024-09
LIC100420,58,Male,Bhopal,Madhya Pradesh,ULIP,55900,891000,20,Yearly,Active,Not Claimed,0,AG1041,2023-07-31,56-65,2023,2023-07
LIC100421,24,Male,Bengaluru,Karnataka,Whole Life,19900,392000,5,Quarterly,Active,Claimed,338000,AG1179,2024-08-16,18-25,2024,2024-08
LIC100422,40,Male,Mumbai,Maharashtra,Money Back,21600,509000,20,Yearly,Matured,Not Claimed,0,AG1014,2022-08-02,36-45,2022,2022-08
LIC100423,41,Male,Mumbai,Maharashtra,Term,19600,224000,25,Quarterly,Matured,Claimed,67000,AG1232,2025-10-22,36-45,2025,2025-10
LIC100424,46,Female,Ahmedabad,Gujarat,Endowment,75400,1656000,15,Quarterly,Active,Not Claimed,0,AG1027,2018-12-30,46-55,2018,2018-12
LIC100425,30,Male,Lucknow,Uttar Pradesh,Endowment,40400,975000,12,Quarterly,Active,Not Claimed,0,AG1010,2021-06-13,26-35,2021,2021-06
LIC100426,58,Male,Patna,Bihar,Money Back,41500,596000,10,Yearly,Active,Not Claimed,0,AG1085,2024-11-23,56-65,2024,2024-11
LIC100427,39,Female,Bhopal,Madhya Pradesh,Money Back,37500,372000,15,Yearly,Active,Not Claimed,0,AG1002,2023-03-11,36-45,2023,2023-03
LIC100428,27,Male,Indore,Madhya Pradesh,Endowment,77300,1698000,10,Monthly,Active,Not Claimed,0,AG1207,2019-05-15,26-35,2019,2019-05
LIC100429,39,Female,Bhopal,Madhya Pradesh,Term,23300,464000,20,Half-Yearly,Active,Not Claimed,0,AG1089,2026-05-12,36-45,2026,2026-05
LIC100430,36,Male,Nagpur,Maharashtra,Money Back,28100,326000,15,Monthly,Active,Not Claimed,0,,2024-10-06,36-45,2024,2024-10
LIC100431,70,Male,Delhi,Delhi,Endowment,60100,936000,12,Half-Yearly,Active,Not Claimed,0,AG1030,2019-08-02,66+,2019,2019-08
LIC100432,51,Male,Coimbatore,Tamil Nadu,ULIP,68000,1212000,15,Yearly,Lapsed,Not Claimed,0,AG1009,2021-04-26,46-55,2021,2021-04
LIC100433,40,Male,Kochi,Kerala,Term,14200,155000,15,Quarterly,Matured,Not Claimed,0,AG1129,2024-09-16,36-45,2024,2024-09
LIC100434,38,Male,Bengaluru,Karnataka,Money Back,46100,929000,10,Single Premium,Surrendered,Not Claimed,0,AG1204,2024-12-16,36-45,2024,2024-12
LIC100435,49,Male,Chandigarh,Chandigarh,Pension,44600,880000,20,Half-Yearly,Active,Claimed,487000,AG1138,2022-10-13,46-55,2022,2022-10
LIC100436,50,Male,Ahmedabad,Gujarat,Term,13900,321000,25,Single Premium,Active,Not Claimed,0,AG1145,2021-06-11,46-55,2021,2021-06
LIC100437,18,Male,Lucknow,Uttar Pradesh,Money Back,36800,649000,12,Yearly,Active,Not Claimed,0,AG1174,2024-12-14,18-25,2024,2024-12
LIC100438,46,Male,Delhi,Delhi,Term,19900,353000,10,Monthly,Surrendered,Claimed,183000,AG1049,2026-02-20,46-55,2026,2026-02
LIC100439,39,Female,Coimbatore,Tamil Nadu,Whole Life,31400,582000,20,Monthly,Active,Not Claimed,0,AG1243,2020-08-03,36-45,2020,2020-08
LIC100440,25,Male,Jaipur,Rajasthan,Money Back,29100,368000,10,Quarterly,Active,Not Claimed,0,AG1090,2025-01-22,18-25,2025,2025-01
LIC100441,49,Male,Hyderabad,Telangana,Endowment,41200,861000,5,Monthly,Active,Not Claimed,0,AG1100,2021-08-28,46-55,2021,2021-08
LIC100442,64,Male,Chennai,Tamil Nadu,Money Back,66600,1283000,20,Half-Yearly,Lapsed,Not Claimed,0,AG1203,2026-03-08,56-65,2026,2026-03
LIC100443,45,Female,Kochi,Kerala,Pension,60800,1354000,12,Half-Yearly,Active,Not Claimed,0,AG1208,2023-12-01,36-45,2023,2023-12
LIC100444,51,Male,Indore,Madhya Pradesh,Term,16400,345000,10,Single Premium,Active,Not Claimed,0,AG1093,2022-03-05,46-55,2022,2022-03
LIC100445,59,Male,Patna,Bihar,Term,13400,253000,30,Quarterly,Active,Not Claimed,0,AG1237,2024-07-19,56-65,2024,2024-07
LIC100446,30,Male,Chennai,Tamil Nadu,Pension,37200,399000,12,Yearly,Matured,Not Claimed,0,AG1274,2018-12-24,26-35,2018,2018-12
LIC100447,19,Male,Chennai,Tamil Nadu,Money Back,37600,888000,25,Single Premium,Active,Not Claimed,0,AG1267,2018-05-06,18-25,2018,2018-05
LIC100448,46,Female,Lucknow,Uttar Pradesh,Pension,45500,648000,10,Yearly,Active,Not Claimed,0,AG1201,2022-10-10,46-55,2022,2022-10
LIC100449,36,Female,Kolkata,West Bengal,Money Back,29900,729000,20,Monthly,Active,Not Claimed,0,AG1250,2023-10-31,36-45,2023,2023-10
LIC100450,24,Male,Jaipur,Rajasthan,Pension,40700,604000,15,Half-Yearly,Lapsed,Not Claimed,0,AG1096,2018-09-09,18-25,2018,2018-09
LIC100451,38,Male,Bengaluru,Karnataka,Endowment,42600,446000,10,Quarterly,Lapsed,Not Claimed,0,AG1226,2022-04-26,36-45,2022,2022-04
LIC100452,47,Female,Chandigarh,Chandigarh,ULIP,74100,1707000,20,Quarterly,Active,Not Claimed,0,AG1104,2019-01-17,46-55,2019,2019-01
LIC100453,37,Male,Bengaluru,Karnataka,Pension,49100,1056000,25,Quarterly,Active,Not Claimed,0,AG1144,2022-12-10,36-45,2022,2022-12
LIC100454,30,Female,Kanpur,Uttar Pradesh,Money Back,36600,782000,10,Yearly,Matured,Not Claimed,0,AG1137,2023-06-11,26-35,2023,2023-06
LIC100455,37,Female,Chennai,Tamil Nadu,Term,17300,165000,20,Quarterly,Active,Not Claimed,0,AG1068,2019-12-18,36-45,2019,2019-12
LIC100456,39,Male,Kochi,Kerala,Endowment,38300,879000,15,Half-Yearly,Lapsed,Not Claimed,0,AG1173,2021-01-27,36-45,2021,2021-01
LIC100457,18,Female,Chandigarh,Chandigarh,Term,23100,419000,20,Single Premium,Active,Not Claimed,0,AG1002,2024-11-04,18-25,2024,2024-11
LIC100458,37,Male,Hyderabad,Telangana,Endowment,52900,846000,20,Monthly,Active,Not Claimed,0,AG1119,2025-03-27,36-45,2025,2025-03
LIC100459,24,Female,Kolkata,West Bengal,Endowment,74500,1753000,5,Half-Yearly,Matured,Claimed,1602000,AG1120,2018-01-24,18-25,2018,2018-01
LIC100460,46,Male,Bhopal,Madhya Pradesh,Money Back,48300,933000,10,Yearly,Active,Not Claimed,0,AG1278,2018-12-19,46-55,2018,2018-12
LIC100461,22,Male,Chandigarh,Chandigarh,Money Back,31300,321000,15,Monthly,Active,Not Claimed,0,AG1149,2023-10-22,18-25,2023,2023-10
LIC100462,50,Male,Indore,Madhya Pradesh,Endowment,38500,648000,25,Half-Yearly,Active,Not Claimed,0,AG1219,2019-11-26,46-55,2019,2019-11
LIC100463,34,Female,Bengaluru,Karnataka,Whole Life,39200,738000,15,Monthly,Lapsed,Not Claimed,0,AG1183,2019-05-30,26-35,2019,2019-05
LIC100464,33,Male,Jaipur,Rajasthan,Term,14300,333000,20,Yearly,Active,Not Claimed,0,AG1004,2020-02-10,26-35,2020,2020-02
LIC100465,42,Male,Chandigarh,Chandigarh,Term,24500,313000,5,Quarterly,Active,Not Claimed,0,AG1058,2020-11-19,36-45,2020,2020-11
LIC100466,29,Male,Chandigarh,Chandigarh,Term,14600,314000,20,Quarterly,Matured,Not Claimed,0,AG1198,2019-10-20,26-35,2019,2019-10
LIC100467,42,Male,Varanasi,Uttar Pradesh,Money Back,43000,929000,20,Half-Yearly,Active,Not Claimed,0,AG1026,2022-01-13,36-45,2022,2022-01
LIC100468,31,Male,Kanpur,Uttar Pradesh,Endowment,31200,318000,20,Monthly,Active,Not Claimed,0,AG1113,2026-03-06,26-35,2026,2026-03
LIC100469,33,Male,Indore,Madhya Pradesh,Endowment,52200,433000,25,Quarterly,Active,Not Claimed,0,AG1197,2022-01-20,26-35,2022,2022-01
LIC100470,43,Male,Coimbatore,Tamil Nadu,Endowment,32600,583000,10,Quarterly,Surrendered,Not Claimed,0,AG1229,2025-11-21,36-45,2025,2025-11
LIC100471,26,Male,Chandigarh,Chandigarh,Pension,51800,1110000,12,Quarterly,Active,Not Claimed,0,AG1098,2022-10-14,26-35,2022,2022-10
LIC100472,25,Male,Chennai,Tamil Nadu,Term,17000,296000,30,Half-Yearly,Active,Not Claimed,0,AG1200,2020-11-16,18-25,2020,2020-11
LIC100473,42,Male,Bhopal,Madhya Pradesh,Whole Life,33500,731000,10,Half-Yearly,Active,Not Claimed,0,AG1021,2021-10-11,36-45,2021,2021-10
LIC100474,39,Male,Jaipur,Rajasthan,Whole Life,28100,522000,20,Half-Yearly,Matured,Not Claimed,0,AG1186,2019-09-14,36-45,2019,2019-09
LIC100475,41,Female,Coimbatore,Tamil Nadu,ULIP,49600,948000,20,Yearly,Lapsed,Not Claimed,0,AG1175,2018-01-19,36-45,2018,2018-01
LIC100476,43,Male,Bhopal,Madhya Pradesh,Pension,54900,465000,20,Quarterly,Active,Not Claimed,0,AG1279,2025-01-19,36-45,2025,2025-01
LIC100477,40,Female,Jaipur,Rajasthan,Term,14400,137000,10,Monthly,Active,Not Claimed,0,AG1208,2020-03-04,36-45,2020,2020-03
LIC100478,46,Female,Hyderabad,Telangana,Term,15400,313000,10,Yearly,Matured,Not Claimed,0,AG1091,2021-03-15,46-55,2021,2021-03
LIC100479,40,Male,Nagpur,Maharashtra,Pension,46000,965000,20,Yearly,Active,Not Claimed,0,AG1263,2023-03-18,36-45,2023,2023-03
LIC100480,18,Male,Varanasi,Uttar Pradesh,Money Back,32200,554000,10,Monthly,Matured,Not Claimed,0,AG1216,2019-06-26,18-25,2019,2019-06
LIC100481,20,Female,Coimbatore,Tamil Nadu,Money Back,27200,490000,20,Quarterly,Active,Claimed,487000,AG1253,2019-09-09,18-25,2019,2019-09
LIC100482,60,Male,Surat,Gujarat,Whole Life,50500,931000,15,Half-Yearly,Active,Claimed,516000,AG1031,2023-04-25,56-65,2023,2023-04
LIC100483,39,Male,Kanpur,Uttar Pradesh,Whole Life,28600,280000,15,Half-Yearly,Active,Not Claimed,0,AG1125,2021-04-21,36-45,2021,2021-04
LIC100484,49,Female,Kolkata,West Bengal,Pension,52600,1018000,12,Yearly,Lapsed,Not Claimed,0,AG1196,2026-07-11,46-55,2026,2026-07
LIC100485,35,Male,Bengaluru,Karnataka,Micro Insurance,4100,100000,30,Monthly,Active,Not Claimed,0,AG1291,2018-06-14,26-35,2018,2018-06
LIC100486,38,Female,Bhopal,Madhya Pradesh,ULIP,96200,1755000,15,Yearly,Active,Not Claimed,0,AG1034,2025-10-27,36-45,2025,2025-10
LIC100487,34,Male,Varanasi,Uttar Pradesh,Endowment,82900,1457000,15,Monthly,Active,Not Claimed,0,AG1231,2025-12-21,26-35,2025,2025-12
LIC100488,66,Female,Chennai,Tamil Nadu,Pension,52900,1109000,30,Half-Yearly,Active,Not Claimed,0,AG1015,2021-05-22,66+,2021,2021-05
LIC100489,42,Male,Kanpur,Uttar Pradesh,Term,27500,369000,20,Yearly,Active,Not Claimed,0,AG1170,2021-04-26,36-45,2021,2021-04
LIC100490,33,Male,Hyderabad,Telangana,Endowment,40900,587000,30,Quarterly,Active,Not Claimed,0,AG1146,2026-08-26,26-35,2026,2026-08
LIC100491,21,Male,Indore,Madhya Pradesh,Pension,75200,1102000,10,Monthly,Matured,Not Claimed,0,AG1206,2022-01-21,18-25,2022,2022-01
LIC100492,61,Male,Lucknow,Uttar Pradesh,Endowment,60500,1268000,25,Single Premium,Active,Not Claimed,0,AG1038,2022-02-04,56-65,2022,2022-02
LIC100493,37,Female,Hyderabad,Telangana,Endowment,44200,678000,15,Yearly,Active,Not Claimed,0,AG1029,2022-11-28,36-45,2022,2022-11
LIC100494,47,Male,Nagpur,Maharashtra,Term,10200,112000,20,Yearly,Active,Not Claimed,0,AG1010,2020-12-13,46-55,2020,2020-12
LIC100495,48,Female,Kolkata,West Bengal,Pension,43400,1072000,25,Quarterly,Active,Not Claimed,0,AG1273,2024-08-16,46-55,2024,2024-08
LIC100496,34,Male,Bengaluru,Karnataka,Money Back,36200,593000,12,Monthly,Active,Not Claimed,0,AG1115,2023-05-05,26-35,2023,2023-05
LIC100497,46,Male,Patna,Bihar,Whole Life,35900,354000,15,Single Premium,Surrendered,Claimed,139000,AG1084,2018-12-31,46-55,2018,2018-12
LIC100498,32,Male,Patna,Bihar,Endowment,29900,580000,20,Half-Yearly,Lapsed,Not Claimed,0,AG1081,2026-07-06,26-35,2026,2026-07
LIC100499,28,Male,Kochi,Kerala,ULIP,42400,872000,10,Yearly,Active,Not Claimed,0,AG1071,2018-04-29,26-35,2018,2018-04
LIC100500,52,Male,Surat,Gujarat,ULIP,73100,1206000,20,Quarterly,Lapsed,Not Claimed,0,AG1056,2019-02-13,46-55,2019,2019-02
LIC100501,37,Male,Bhopal,Madhya Pradesh,Endowment,29200,555000,10,Quarterly,Active,Not Claimed,0,AG1300,2018-12-29,36-45,2018,2018-12
LIC100502,45,Female,Jaipur,Rajasthan,Endowment,48800,534000,25,Single Premium,Active,Not Claimed,0,AG1222,2020-08-15,36-45,2020,2020-08
LIC100503,44,Female,Lucknow,Uttar Pradesh,Endowment,65800,938000,12,Half-Yearly,Active,Claimed,811000,AG1104,2021-03-22,36-45,2021,2021-03
LIC100504,46,Male,Bhopal,Madhya Pradesh,Micro Insurance,7600,100000,20,Monthly,Active,Not Claimed,0,AG1233,2018-11-19,46-55,2018,2018-11
LIC100505,22,Male,Chandigarh,Chandigarh,Whole Life,33000,481000,10,Monthly,Active,Not Claimed,0,AG1178,2020-01-28,18-25,2020,2020-01
LIC100506,33,Male,Pune,Maharashtra,Pension,27300,480000,12,Half-Yearly,Active,Not Claimed,0,AG1074,2026-03-11,26-35,2026,2026-03
LIC100507,35,Male,Hyderabad,Telangana,Endowment,33400,518000,15,Monthly,Active,Not Claimed,0,AG1288,2019-03-24,26-35,2019,2019-03
LIC100508,30,Male,Nagpur,Maharashtra,ULIP,92400,1671000,15,Half-Yearly,Lapsed,Not Claimed,0,AG1053,2025-07-14,26-35,2025,2025-07
LIC100509,44,Male,Indore,Madhya Pradesh,ULIP,48700,805000,5,Quarterly,Active,Not Claimed,0,AG1257,2025-07-19,36-45,2025,2025-07
LIC100510,52,Female,Ahmedabad,Gujarat,Whole Life,51500,690000,25,Yearly,Active,Not Claimed,0,AG1118,2022-11-27,46-55,2022,2022-11
LIC100511,54,Female,Lucknow,Uttar Pradesh,Micro Insurance,6200,100000,5,Quarterly,Lapsed,Not Claimed,0,AG1218,2026-04-15,46-55,2026,2026-04
LIC100512,35,Male,Jaipur,Rajasthan,Endowment,38900,478000,20,Single Premium,Lapsed,Not Claimed,0,AG1030,2022-08-11,26-35,2022,2022-08
LIC100513,42,Male,Kochi,Kerala,Term,22500,257000,15,Monthly,Matured,Not Claimed,0,AG1265,2024-07-17,36-45,2024,2024-07
LIC100514,44,Male,Delhi,Delhi,Whole Life,34200,685000,15,Half-Yearly,Active,Not Claimed,0,AG1108,2021-07-14,36-45,2021,2021-07
LIC100515,46,Female,Kolkata,West Bengal,ULIP,65500,1437000,10,Monthly,Lapsed,Not Claimed,0,AG1289,2019-04-20,46-55,2019,2019-04
LIC100516,29,Male,Kolkata,West Bengal,Money Back,28600,579000,20,Yearly,Lapsed,Not Claimed,0,AG1282,2018-10-18,26-35,2018,2018-10
LIC100517,59,Male,Pune,Maharashtra,Endowment,39400,746000,15,Single Premium,Active,Not Claimed,0,AG1298,2018-06-21,56-65,2018,2018-06
LIC100518,49,Female,Coimbatore,Tamil Nadu,Money Back,32800,434000,10,Yearly,Active,Claimed,404000,AG1202,2022-01-02,46-55,2022,2022-01
LIC100519,49,Male,Ahmedabad,Gujarat,Endowment,42300,850000,12,Half-Yearly,Active,Not Claimed,0,AG1298,2018-10-28,46-55,2018,2018-10
LIC100520,52,Male,Kanpur,Uttar Pradesh,Endowment,47400,867000,10,Half-Yearly,Active,Not Claimed,0,AG1096,2024-01-06,46-55,2024,2024-01
LIC100521,45,Male,Indore,Madhya Pradesh,Whole Life,44900,395000,10,Yearly,Active,Not Claimed,0,AG1039,2025-05-31,36-45,2025,2025-05
LIC100522,28,Male,Mumbai,Maharashtra,ULIP,53300,1249000,5,Single Premium,Surrendered,Claimed,913000,AG1248,2025-07-08,26-35,2025,2025-07
LIC100523,37,Male,Varanasi,Uttar Pradesh,Endowment,49300,461000,10,Single Premium,Active,Not Claimed,0,AG1240,2026-04-03,36-45,2026,2026-04
LIC100524,21,Male,Chandigarh,Chandigarh,Endowment,43700,723000,20,Quarterly,Active,Not Claimed,0,AG1180,2024-09-30,18-25,2024,2024-09
LIC100525,44,Male,Hyderabad,Telangana,Endowment,34100,570000,12,Single Premium,Active,Not Claimed,0,AG1161,2024-04-23,36-45,2024,2024-04
LIC100526,37,Male,Indore,Madhya Pradesh,Term,18500,411000,15,Monthly,Active,Not Claimed,0,AG1155,2022-10-13,36-45,2022,2022-10
LIC100527,39,Female,Chennai,Tamil Nadu,ULIP,56500,1329000,10,Monthly,Active,Not Claimed,0,AG1157,2019-05-30,36-45,2019,2019-05
LIC100528,52,Male,Chennai,Tamil Nadu,Pension,71500,1714000,20,Monthly,Active,Not Claimed,0,AG1210,2019-11-10,46-55,2019,2019-11
LIC100529,34,Male,Pune,Maharashtra,Endowment,31100,550000,15,Quarterly,Active,Not Claimed,0,AG1111,2020-06-30,26-35,2020,2020-06
LIC100530,36,Male,Coimbatore,Tamil Nadu,ULIP,29700,580000,20,Yearly,Surrendered,Not Claimed,0,AG1284,2024-03-02,36-45,2024,2024-03
LIC100531,39,Female,Bhopal,Madhya Pradesh,Pension,52800,502000,20,Yearly,Active,Not Claimed,0,AG1266,2019-11-21,36-45,2019,2019-11
LIC100532,19,Female,Hyderabad,Telangana,Pension,53000,864000,20,Yearly,Matured,Not Claimed,0,AG1144,2018-12-10,18-25,2018,2018-12
LIC100533,36,Male,Lucknow,Uttar Pradesh,Term,17300,402000,12,Half-Yearly,Active,Claimed,274000,AG1100,2024-11-17,36-45,2024,2024-11
LIC100534,18,Male,Coimbatore,Tamil Nadu,Pension,48400,762000,15,Half-Yearly,Active,Not Claimed,0,AG1257,2018-01-29,18-25,2018,2018-01
LIC100535,33,Female,Hyderabad,Telangana,Endowment,53700,493000,12,Yearly,Active,Not Claimed,0,AG1118,2023-11-23,26-35,2023,2023-11
LIC100536,48,Female,Bengaluru,Karnataka,Endowment,42700,487000,25,Quarterly,Active,Not Claimed,0,AG1213,2024-07-09,46-55,2024,2024-07
LIC100537,44,Male,Indore,Madhya Pradesh,Term,18400,282000,20,Yearly,Active,Not Claimed,0,AG1132,2026-08-07,36-45,2026,2026-08
LIC100538,32,Female,Indore,Madhya Pradesh,Money Back,36800,443000,15,Yearly,Active,Not Claimed,0,AG1115,2018-04-17,26-35,2018,2018-04
LIC100539,39,Male,Kochi,Kerala,Term,13400,197000,30,Yearly,Active,Not Claimed,0,AG1291,2022-09-12,36-45,2022,2022-09
LIC100540,27,Female,Varanasi,Uttar Pradesh,Endowment,40300,551000,15,Half-Yearly,Lapsed,Not Claimed,0,AG1116,2018-04-12,26-35,2018,2018-04
LIC100541,39,Female,Ahmedabad,Gujarat,Endowment,43200,580000,12,Yearly,Active,Not Claimed,0,AG1057,2021-07-09,36-45,2021,2021-07
LIC100542,71,Female,Jaipur,Rajasthan,ULIP,117800,1125000,10,Monthly,Active,Not Claimed,0,AG1152,2022-08-15,66+,2022,2022-08
LIC100543,59,Female,Hyderabad,Telangana,Pension,56900,1309000,15,Quarterly,Active,Not Claimed,0,AG1276,2025-02-12,56-65,2025,2025-02
LIC100544,40,Female,Mumbai,Maharashtra,Endowment,47100,931000,25,Yearly,Lapsed,Not Claimed,0,AG1166,2023-12-25,36-45,2023,2023-12
LIC100545,41,Male,Bengaluru,Karnataka,Pension,66500,1237000,25,Half-Yearly,Lapsed,Not Claimed,0,AG1152,2019-05-05,36-45,2019,2019-05
LIC100546,28,Male,Indore,Madhya Pradesh,Pension,38000,696000,20,Yearly,Lapsed,Not Claimed,0,AG1212,2018-03-08,26-35,2018,2018-03
LIC100547,30,Male,Chandigarh,Chandigarh,ULIP,76400,1126000,15,Quarterly,Active,Not Claimed,0,AG1280,2018-10-05,26-35,2018,2018-10
LIC100548,43,Male,Mumbai,Maharashtra,Term,32300,710000,20,Quarterly,Active,Not Claimed,0,AG1102,2023-02-07,36-45,2023,2023-02
LIC100549,33,Female,Pune,Maharashtra,Whole Life,29800,710000,20,Yearly,Lapsed,Not Claimed,0,AG1253,2024-03-09,26-35,2024,2024-03
LIC100550,49,Male,Pune,Maharashtra,Pension,48200,390000,15,Half-Yearly,Active,Not Claimed,0,AG1281,2021-10-05,46-55,2021,2021-10
LIC100551,56,Male,Bhopal,Madhya Pradesh,Whole Life,59200,553000,15,Half-Yearly,Active,Not Claimed,0,AG1081,2019-09-20,56-65,2019,2019-09
LIC100552,43,Male,Indore,Madhya Pradesh,Endowment,57500,1120000,20,Quarterly,Active,Not Claimed,0,AG1273,2025-05-19,36-45,2025,2025-05
LIC100553,40,Female,Indore,Madhya Pradesh,Money Back,39000,469000,25,Quarterly,Active,Not Claimed,0,AG1058,2021-03-16,36-45,2021,2021-03
LIC100554,21,Male,Surat,Gujarat,Whole Life,44700,1050000,20,Yearly,Active,Not Claimed,0,AG1002,2018-12-31,18-25,2018,2018-12
LIC100555,47,Male,Kanpur,Uttar Pradesh,Money Back,59600,1153000,5,Monthly,Active,Not Claimed,0,AG1009,2019-11-09,46-55,2019,2019-11
LIC100556,26,Male,Patna,Bihar,Term,16400,234000,10,Yearly,Active,Not Claimed,0,AG1191,2022-09-12,26-35,2022,2022-09
LIC100557,34,Female,Kolkata,West Bengal,Endowment,45000,678000,25,Yearly,Active,Not Claimed,0,AG1123,2025-12-20,26-35,2025,2025-12
LIC100558,50,Male,Chennai,Tamil Nadu,ULIP,72100,1424000,25,Monthly,Matured,Not Claimed,0,AG1104,2024-09-08,46-55,2024,2024-09
LIC100559,50,Male,Bengaluru,Karnataka,Pension,57100,594000,15,Yearly,Active,Not Claimed,0,AG1083,2019-07-09,46-55,2019,2019-07
LIC100560,34,Male,Coimbatore,Tamil Nadu,Term,12200,281000,20,Half-Yearly,Active,Not Claimed,0,AG1109,2020-03-13,26-35,2020,2020-03
LIC100561,35,Male,Varanasi,Uttar Pradesh,Pension,36900,298000,25,Monthly,Active,Not Claimed,0,AG1120,2021-03-08,26-35,2021,2021-03
LIC100562,31,Female,Kochi,Kerala,Endowment,28700,707000,25,Quarterly,Active,Not Claimed,0,AG1228,2019-02-28,26-35,2019,2019-02
LIC100563,26,Male,Surat,Gujarat,Whole Life,34400,373000,20,Quarterly,Active,Not Claimed,0,AG1267,2021-06-30,26-35,2021,2021-06
LIC100564,32,Male,Jaipur,Rajasthan,ULIP,37300,769000,10,Yearly,Active,Not Claimed,0,AG1106,2019-02-20,26-35,2019,2019-02
LIC100565,21,Male,Chandigarh,Chandigarh,Pension,50700,440000,20,Half-Yearly,Active,Not Claimed,0,AG1217,2026-03-12,18-25,2026,2026-03
LIC100566,47,Male,Nagpur,Maharashtra,Pension,91700,1406000,10,Half-Yearly,Active,Not Claimed,0,AG1128,2022-03-11,46-55,2022,2022-03
LIC100567,43,Male,Surat,Gujarat,Endowment,68700,1286000,25,Yearly,Matured,Not Claimed,0,AG1286,2024-07-21,36-45,2024,2024-07
LIC100568,45,Male,Mumbai,Maharashtra,Pension,32100,295000,10,Yearly,Active,Not Claimed,0,AG1149,2023-06-29,36-45,2023,2023-06
LIC100569,29,Male,Bengaluru,Karnataka,Term,12600,196000,20,Half-Yearly,Active,Not Claimed,0,AG1151,2025-07-07,26-35,2025,2025-07
LIC100570,26,Male,Kanpur,Uttar Pradesh,Whole Life,24100,317000,20,Yearly,Active,Not Claimed,0,AG1061,2019-07-31,26-35,2019,2019-07
LIC100571,40,Female,Patna,Bihar,ULIP,39700,654000,20,Quarterly,Surrendered,Claimed,284000,AG1158,2025-11-03,36-45,2025,2025-11
LIC100572,40,Female,Bhopal,Madhya Pradesh,Whole Life,20000,332000,15,Yearly,Active,Not Claimed,0,AG1174,2023-07-06,36-45,2023,2023-07
LIC100573,37,Male,Lucknow,Uttar Pradesh,Endowment,42900,916000,10,Half-Yearly,Lapsed,Not Claimed,0,AG1274,2018-06-29,36-45,2018,2018-06
LIC100574,36,Male,Kanpur,Uttar Pradesh,Pension,59200,598000,20,Yearly,Active,Not Claimed,0,AG1244,2023-01-05,36-45,2023,2023-01
LIC100575,58,Male,Ahmedabad,Gujarat,Term,30000,282000,15,Half-Yearly,Active,Claimed,142000,AG1173,2018-08-02,56-65,2018,2018-08
LIC100576,44,Male,Pune,Maharashtra,Term,17500,260000,12,Monthly,Active,Not Claimed,0,AG1059,2024-10-21,36-45,2024,2024-10
LIC100577,61,Male,Bhopal,Madhya Pradesh,Whole Life,36500,843000,30,Half-Yearly,Active,Not Claimed,0,AG1110,2018-06-02,56-65,2018,2018-06
LIC100578,53,Male,Ahmedabad,Gujarat,Money Back,48400,1091000,20,Quarterly,Active,Not Claimed,0,AG1215,2025-12-29,46-55,2025,2025-12
LIC100579,58,Male,Chennai,Tamil Nadu,Pension,59400,1041000,20,Yearly,Active,Not Claimed,0,AG1065,2020-07-29,56-65,2020,2020-07
LIC100580,27,Male,Ahmedabad,Gujarat,Endowment,52700,1218000,15,Half-Yearly,Active,Not Claimed,0,AG1252,2021-12-07,26-35,2021,2021-12
LIC100581,46,Male,Kochi,Kerala,Term,23000,499000,20,Yearly,Active,Not Claimed,0,AG1298,2021-02-20,46-55,2021,2021-02
LIC100582,34,Female,Kolkata,West Bengal,Pension,43200,550000,20,Yearly,Active,Not Claimed,0,AG1148,2025-04-07,26-35,2025,2025-04
LIC100583,21,Male,Jaipur,Rajasthan,Money Back,21400,233000,20,Yearly,Matured,Not Claimed,0,AG1228,2023-03-31,18-25,2023,2023-03
LIC100584,55,Male,Chennai,Tamil Nadu,Term,34000,446000,30,Monthly,Matured,Not Claimed,0,AG1299,2022-06-06,46-55,2022,2022-06
LIC100585,36,Female,Chandigarh,Chandigarh,ULIP,43400,515000,15,Single Premium,Active,Not Claimed,0,AG1208,2022-07-02,36-45,2022,2022-07
LIC100586,27,Male,Jaipur,Rajasthan,Money Back,39800,740000,20,Yearly,Surrendered,Not Claimed,0,AG1197,2025-08-31,26-35,2025,2025-08
LIC100587,34,Male,Mumbai,Maharashtra,Whole Life,17500,314000,20,Yearly,Active,Not Claimed,0,AG1243,2022-05-22,26-35,2022,2022-05
LIC100588,30,Male,Varanasi,Uttar Pradesh,Money Back,35900,652000,15,Quarterly,Active,Not Claimed,0,AG1191,2022-12-09,26-35,2022,2022-12
LIC100589,31,Male,Indore,Madhya Pradesh,Pension,49400,554000,15,Half-Yearly,Active,Not Claimed,0,AG1171,2020-08-11,26-35,2020,2020-08
LIC100590,37,Male,Kanpur,Uttar Pradesh,Pension,51200,1099000,30,Monthly,Active,Not Claimed,0,AG1242,2020-02-27,36-45,2020,2020-02
LIC100591,58,Female,Indore,Madhya Pradesh,Whole Life,89000,1368000,5,Half-Yearly,Active,Not Claimed,0,AG1258,2021-08-22,56-65,2021,2021-08
LIC100592,32,Male,Nagpur,Maharashtra,Term,15100,242000,15,Monthly,Active,Not Claimed,0,AG1151,2021-03-28,26-35,2021,2021-03
LIC100593,57,Male,Bengaluru,Karnataka,Pension,76300,1904000,15,Half-Yearly,Active,Not Claimed,0,AG1300,2018-06-01,56-65,2018,2018-06
LIC100594,48,Female,Pune,Maharashtra,Whole Life,40200,515000,5,Yearly,Active,Not Claimed,0,AG1237,2026-01-20,46-55,2026,2026-01
LIC100595,43,Female,Kochi,Kerala,Whole Life,27200,400000,25,Quarterly,Matured,Not Claimed,0,AG1153,2020-06-27,36-45,2020,2020-06
LIC100596,47,Male,Coimbatore,Tamil Nadu,Endowment,60200,1174000,12,Half-Yearly,Matured,Not Claimed,0,AG1291,2023-08-06,46-55,2023,2023-08
LIC100597,39,Female,Kolkata,West Bengal,Pension,48000,1102000,12,Yearly,Active,Not Claimed,0,AG1065,2024-11-08,36-45,2024,2024-11
LIC100598,53,Male,Surat,Gujarat,ULIP,80800,821000,25,Monthly,Active,Not Claimed,0,AG1250,2018-11-30,46-55,2018,2018-11
LIC100599,45,Male,Delhi,Delhi,Term,34900,715000,12,Yearly,Active,Not Claimed,0,AG1190,2019-04-08,36-45,2019,2019-04
LIC100600,21,Male,Lucknow,Uttar Pradesh,Endowment,43800,1034000,20,Monthly,Active,Not Claimed,0,AG1159,2022-02-01,18-25,2022,2022-02
LIC100601,42,Male,Kochi,Kerala,Pension,48100,731000,25,Monthly,Active,Not Claimed,0,AG1032,2023-02-14,36-45,2023,2023-02
LIC100602,48,Female,Indore,Madhya Pradesh,Term,27900,359000,20,Monthly,Active,Not Claimed,0,AG1060,2020-11-15,46-55,2020,2020-11
LIC100603,36,Male,Kolkata,West Bengal,Micro Insurance,9000,176000,20,Yearly,Active,Not Claimed,0,AG1179,2020-03-16,36-45,2020,2020-03
LIC100604,40,Male,Mumbai,Maharashtra,Whole Life,24800,302000,10,Quarterly,Active,Not Claimed,0,AG1236,2019-03-15,36-45,2019,2019-03
LIC100605,32,Male,Mumbai,Maharashtra,Whole Life,26400,384000,10,Yearly,Surrendered,Not Claimed,0,AG1187,2023-11-15,26-35,2023,2023-11
LIC100606,24,Male,Kochi,Kerala,Endowment,50700,1179000,12,Half-Yearly,Lapsed,Not Claimed,0,AG1205,2019-01-29,18-25,2019,2019-01
LIC100607,22,Male,Surat,Gujarat,Endowment,40500,730000,5,Monthly,Active,Not Claimed,0,AG1115,2018-09-24,18-25,2018,2018-09
LIC100608,22,Male,Chandigarh,Chandigarh,Pension,36700,353000,15,Yearly,Active,Not Claimed,0,AG1254,2023-04-07,18-25,2023,2023-04
LIC100609,46,Female,Patna,Bihar,Endowment,55300,752000,15,Monthly,Matured,Not Claimed,0,AG1068,2022-04-08,46-55,2022,2022-04
LIC100610,18,Male,Chandigarh,Chandigarh,ULIP,62800,1172000,15,Yearly,Active,Not Claimed,0,AG1223,2025-11-17,18-25,2025,2025-11
LIC100611,32,Male,Indore,Madhya Pradesh,Endowment,38200,618000,12,Monthly,Active,Not Claimed,0,AG1172,2021-05-06,26-35,2021,2021-05
LIC100612,31,Male,Mumbai,Maharashtra,Term,18300,352000,15,Quarterly,Active,Not Claimed,0,AG1210,2026-07-10,26-35,2026,2026-07
LIC100613,36,Male,Delhi,Delhi,Term,15500,325000,15,Yearly,Active,Not Claimed,0,AG1127,2023-12-09,36-45,2023,2023-12
LIC100614,19,Male,Jaipur,Rajasthan,Money Back,26500,429000,10,Single Premium,Lapsed,Not Claimed,0,AG1158,2024-10-08,18-25,2024,2024-10
LIC100615,43,Female,Bengaluru,Karnataka,Micro Insurance,5700,141000,20,Quarterly,Active,Not Claimed,0,AG1088,2023-02-28,36-45,2023,2023-02
LIC100616,25,Female,Mumbai,Maharashtra,Endowment,42900,1010000,20,Yearly,Active,Not Claimed,0,AG1054,2023-08-14,18-25,2023,2023-08
LIC100617,51,Male,Kanpur,Uttar Pradesh,Endowment,33100,299000,25,Monthly,Active,Not Claimed,0,AG1048,2019-10-05,46-55,2019,2019-10
LIC100618,32,Male,Pune,Maharashtra,Endowment,37300,467000,25,Yearly,Active,Not Claimed,0,AG1291,2026-05-29,26-35,2026,2026-05
LIC100619,38,Female,Chandigarh,Chandigarh,Money Back,38200,501000,20,Yearly,Active,Not Claimed,0,AG1026,2025-11-06,36-45,2025,2025-11
LIC100620,39,Male,Kolkata,West Bengal,Money Back,52700,587000,20,Monthly,Active,Not Claimed,0,AG1088,2018-07-02,36-45,2018,2018-07
LIC100621,42,Male,Kolkata,West Bengal,Pension,47700,635000,10,Quarterly,Active,Not Claimed,0,AG1107,2024-12-21,36-45,2024,2024-12
LIC100622,39,Male,Pune,Maharashtra,Money Back,26600,405000,10,Monthly,Active,Not Claimed,0,AG1237,2023-10-21,36-45,2023,2023-10
LIC100623,34,Female,Bengaluru,Karnataka,Money Back,33900,301000,20,Quarterly,Active,Not Claimed,0,AG1204,2023-10-19,26-35,2023,2023-10
LIC100624,43,Male,Kolkata,West Bengal,Term,16800,171000,12,Monthly,Active,Not Claimed,0,AG1069,2025-03-13,36-45,2025,2025-03
LIC100625,44,Female,Kolkata,West Bengal,Micro Insurance,7800,100000,15,Yearly,Active,Not Claimed,0,AG1080,2022-12-05,36-45,2022,2022-12
LIC100626,31,Female,Lucknow,Uttar Pradesh,Endowment,38200,336000,10,Single Premium,Active,Not Claimed,0,AG1157,2018-05-03,26-35,2018,2018-05
LIC100627,44,Male,Lucknow,Uttar Pradesh,Term,9300,151000,10,Monthly,Active,Not Claimed,0,AG1126,2019-01-27,36-45,2019,2019-01
LIC100628,52,Female,Coimbatore,Tamil Nadu,Whole Life,101500,1388000,20,Half-Yearly,Active,Not Claimed,0,AG1025,2020-07-03,46-55,2020,2020-07
LIC100629,47,Female,Chandigarh,Chandigarh,Money Back,42900,1025000,12,Half-Yearly,Active,Not Claimed,0,AG1027,2024-08-12,46-55,2024,2024-08
LIC100630,49,Male,Nagpur,Maharashtra,Endowment,50300,490000,15,Yearly,Surrendered,Claimed,483000,AG1022,2019-04-03,46-55,2019,2019-04
LIC100631,41,Male,Jaipur,Rajasthan,Endowment,29200,693000,10,Half-Yearly,Active,Not Claimed,0,AG1228,2024-02-09,36-45,2024,2024-02
LIC100632,29,Male,Nagpur,Maharashtra,ULIP,34500,327000,20,Half-Yearly,Active,Not Claimed,0,AG1204,2026-08-10,26-35,2026,2026-08
LIC100633,30,Male,Mumbai,Maharashtra,Term,17500,324000,20,Half-Yearly,Active,Not Claimed,0,AG1265,2025-01-03,26-35,2025,2025-01
LIC100634,43,Male,Coimbatore,Tamil Nadu,Pension,57800,706000,15,Quarterly,Active,Not Claimed,0,AG1054,2026-06-07,36-45,2026,2026-06
LIC100635,49,Male,Indore,Madhya Pradesh,Whole Life,42700,942000,20,Monthly,Active,Not Claimed,0,AG1099,2023-05-31,46-55,2023,2023-05
LIC100636,70,Male,Indore,Madhya Pradesh,Endowment,63700,576000,12,Quarterly,Active,Not Claimed,0,AG1083,2020-12-31,66+,2020,2020-12
LIC100637,50,Female,Chennai,Tamil Nadu,Money Back,30500,738000,20,Monthly,Active,Not Claimed,0,AG1220,2025-08-03,46-55,2025,2025-08
LIC100638,26,Male,Mumbai,Maharashtra,Endowment,20800,183000,20,Half-Yearly,Active,Not Claimed,0,AG1008,2022-12-04,26-35,2022,2022-12
LIC100639,31,Male,Chandigarh,Chandigarh,ULIP,50600,612000,30,Quarterly,Active,Not Claimed,0,AG1112,2018-02-15,26-35,2018,2018-02
LIC100640,64,Male,Ahmedabad,Gujarat,Money Back,41800,664000,12,Half-Yearly,Active,Not Claimed,0,AG1253,2019-08-16,56-65,2019,2019-08
LIC100641,37,Male,Delhi,Delhi,Endowment,30200,630000,10,Monthly,Active,Not Claimed,0,AG1224,2026-03-07,36-45,2026,2026-03
LIC100642,40,Male,Ahmedabad,Gujarat,Money Back,48100,1163000,12,Single Premium,Active,Not Claimed,0,AG1213,2020-02-12,36-45,2020,2020-02
LIC100643,28,Male,Hyderabad,Telangana,Micro Insurance,3900,100000,10,Yearly,Lapsed,Not Claimed,0,AG1138,2019-04-27,26-35,2019,2019-04
LIC100644,56,Male,Delhi,Delhi,Endowment,62500,1305000,10,Monthly,Matured,Claimed,375000,AG1144,2021-12-03,56-65,2021,2021-12
LIC100645,45,Female,Bengaluru,Karnataka,Pension,36200,737000,15,Quarterly,Active,Not Claimed,0,AG1011,2021-04-13,36-45,2021,2021-04
LIC100646,30,Female,Kochi,Kerala,Endowment,43600,772000,15,Half-Yearly,Active,Not Claimed,0,AG1019,2021-12-21,26-35,2021,2021-12
LIC100647,28,Male,Bhopal,Madhya Pradesh,Term,23400,462000,25,Monthly,Active,Not Claimed,0,AG1052,2019-10-17,26-35,2019,2019-10
LIC100648,42,Female,Mumbai,Maharashtra,Endowment,41400,358000,10,Quarterly,Active,Not Claimed,0,AG1205,2022-08-22,36-45,2022,2022-08
LIC100649,39,Female,Bhopal,Madhya Pradesh,Endowment,70600,1095000,30,Monthly,Active,Not Claimed,0,AG1143,2024-04-03,36-45,2024,2024-04
LIC100650,48,Male,Kolkata,West Bengal,Endowment,83100,1775000,20,Yearly,Active,Not Claimed,0,AG1042,2026-04-27,46-55,2026,2026-04
LIC100651,45,Female,Chandigarh,Chandigarh,Term,21500,345000,25,Yearly,Active,Not Claimed,0,AG1096,2025-06-27,36-45,2025,2025-06
LIC100652,36,Female,Kanpur,Uttar Pradesh,Pension,56500,1291000,25,Half-Yearly,Active,Not Claimed,0,AG1166,2021-03-09,36-45,2021,2021-03
LIC100653,33,Male,Surat,Gujarat,Pension,64600,1432000,20,Half-Yearly,Active,Not Claimed,0,AG1086,2018-03-05,26-35,2018,2018-03
LIC100654,37,Male,Surat,Gujarat,ULIP,62000,1406000,20,Single Premium,Lapsed,Not Claimed,0,AG1084,2024-05-15,36-45,2024,2024-05
LIC100655,33,Male,Kolkata,West Bengal,Term,20300,207000,15,Single Premium,Active,Not Claimed,0,AG1199,2018-02-19,26-35,2018,2018-02
LIC100656,38,Male,Nagpur,Maharashtra,Term,16100,196000,15,Single Premium,Active,Not Claimed,0,AG1150,2018-08-03,36-45,2018,2018-08
LIC100657,39,Female,Delhi,Delhi,Term,11800,100000,25,Monthly,Active,Not Claimed,0,AG1050,2022-07-19,36-45,2022,2022-07
LIC100658,29,Male,Patna,Bihar,ULIP,35200,870000,15,Monthly,Active,Not Claimed,0,AG1124,2023-09-15,26-35,2023,2023-09
LIC100659,46,Female,Coimbatore,Tamil Nadu,Pension,105900,1272000,5,Yearly,Active,Not Claimed,0,AG1019,2022-08-02,46-55,2022,2022-08
LIC100660,35,Female,Hyderabad,Telangana,Endowment,46000,655000,20,Half-Yearly,Active,Not Claimed,0,AG1072,2024-10-14,26-35,2024,2024-10
LIC100661,30,Male,Pune,Maharashtra,Term,16800,213000,20,Monthly,Active,Not Claimed,0,AG1146,2019-05-20,26-35,2019,2019-05
LIC100662,35,Female,Delhi,Delhi,Money Back,51300,445000,20,Monthly,Active,Not Claimed,0,AG1266,2022-05-11,26-35,2022,2022-05
LIC100663,42,Male,Pune,Maharashtra,Endowment,36900,459000,10,Yearly,Active,Not Claimed,0,AG1050,2018-09-06,36-45,2018,2018-09
LIC100664,40,Male,Kochi,Kerala,Endowment,52400,507000,20,Yearly,Active,Not Claimed,0,AG1049,2020-01-04,36-45,2020,2020-01
LIC100665,44,Male,Delhi,Delhi,Whole Life,34000,500000,12,Quarterly,Active,Not Claimed,0,AG1099,2023-02-04,36-45,2023,2023-02
LIC100666,49,Male,Kochi,Kerala,Whole Life,39900,975000,25,Yearly,Active,Not Claimed,0,AG1023,2025-10-23,46-55,2025,2025-10
LIC100667,53,Male,Surat,Gujarat,Term,19900,395000,10,Half-Yearly,Active,Not Claimed,0,AG1076,2019-04-13,46-55,2019,2019-04
LIC100668,42,Female,Coimbatore,Tamil Nadu,Term,14900,298000,25,Yearly,Active,Not Claimed,0,AG1113,2025-09-09,36-45,2025,2025-09
LIC100669,27,Female,Delhi,Delhi,Micro Insurance,4800,100000,10,Quarterly,Active,Not Claimed,0,AG1283,2019-05-25,26-35,2019,2019-05
LIC100670,36,Male,Varanasi,Uttar Pradesh,Endowment,34100,743000,5,Monthly,Matured,Not Claimed,0,AG1006,2022-01-03,36-45,2022,2022-01
LIC100671,28,Female,Pune,Maharashtra,Term,18000,422000,12,Quarterly,Active,Not Claimed,0,AG1280,2025-08-05,26-35,2025,2025-08
LIC100672,58,Female,Mumbai,Maharashtra,Term,14900,363000,15,Quarterly,Matured,Claimed,218000,AG1086,2025-10-28,56-65,2025,2025-10
LIC100673,61,Male,Surat,Gujarat,Term,16700,162000,20,Half-Yearly,Active,Not Claimed,0,AG1070,2022-12-19,56-65,2022,2022-12
LIC100674,46,Male,Lucknow,Uttar Pradesh,Endowment,49400,1134000,10,Monthly,Surrendered,Not Claimed,0,AG1298,2022-02-18,46-55,2022,2022-02
LIC100675,48,Female,Coimbatore,Tamil Nadu,ULIP,58000,686000,15,Single Premium,Active,Not Claimed,0,AG1176,2018-06-15,46-55,2018,2018-06
LIC100676,42,Male,Chandigarh,Chandigarh,Endowment,48000,708000,10,Monthly,Surrendered,Not Claimed,0,AG1231,2020-12-15,36-45,2020,2020-12
LIC100677,43,Male,Kolkata,West Bengal,Money Back,39000,541000,25,Monthly,Active,Not Claimed,0,AG1087,2021-11-02,36-45,2021,2021-11
LIC100678,21,Male,Chennai,Tamil Nadu,Whole Life,60700,1182000,5,Half-Yearly,Active,Not Claimed,0,AG1108,2025-12-03,18-25,2025,2025-12
LIC100679,38,Female,Lucknow,Uttar Pradesh,Money Back,38600,701000,15,Half-Yearly,Active,Not Claimed,0,AG1207,2021-11-19,36-45,2021,2021-11
LIC100680,29,Male,Chandigarh,Chandigarh,Pension,43200,426000,20,Quarterly,Surrendered,Not Claimed,0,AG1222,2021-11-15,26-35,2021,2021-11
LIC100681,42,Male,Lucknow,Uttar Pradesh,Pension,53500,1140000,25,Yearly,Active,Not Claimed,0,AG1225,2021-10-07,36-45,2021,2021-10
LIC100682,38,Male,Chandigarh,Chandigarh,Term,24800,384000,25,Half-Yearly,Active,Not Claimed,0,AG1182,2026-08-20,36-45,2026,2026-08
LIC100683,60,Other,Varanasi,Uttar Pradesh,ULIP,66700,536000,25,Half-Yearly,Active,Not Claimed,0,AG1147,2026-05-18,56-65,2026,2026-05
LIC100684,49,Male,Kolkata,West Bengal,Money Back,50900,766000,10,Yearly,Active,Not Claimed,0,AG1201,2025-02-06,46-55,2025,2025-02
LIC100685,42,Male,Delhi,Delhi,Micro Insurance,7300,122000,25,Monthly,Active,Not Claimed,0,AG1071,2018-03-04,36-45,2018,2018-03
LIC100686,36,Female,Pune,Maharashtra,Money Back,33600,308000,20,Half-Yearly,Active,Not Claimed,0,AG1024,2025-07-12,36-45,2025,2025-07
LIC100687,57,Male,Delhi,Delhi,Micro Insurance,7800,100000,25,Yearly,Surrendered,Not Claimed,0,AG1138,2019-07-09,56-65,2019,2019-07
LIC100688,39,Female,Indore,Madhya Pradesh,ULIP,85300,2123000,12,Monthly,Matured,Not Claimed,0,AG1149,2025-04-08,36-45,2025,2025-04
LIC100689,43,Female,Patna,Bihar,Endowment,49300,1125000,25,Quarterly,Active,Not Claimed,0,AG1064,2024-01-05,36-45,2024,2024-01
LIC100690,39,Female,Patna,Bihar,Money Back,28600,294000,15,Single Premium,Active,Not Claimed,0,AG1141,2022-03-23,36-45,2022,2022-03
LIC100691,35,Male,Kanpur,Uttar Pradesh,Micro Insurance,5500,100000,20,Quarterly,Active,Not Claimed,0,AG1242,2022-10-16,26-35,2022,2022-10
LIC100692,39,Male,Patna,Bihar,Pension,27800,402000,15,Quarterly,Active,Not Claimed,0,AG1247,2018-11-04,36-45,2018,2018-11
LIC100693,18,Female,Coimbatore,Tamil Nadu,Term,18700,322000,15,Single Premium,Active,Not Claimed,0,AG1071,2023-01-03,18-25,2023,2023-01
LIC100694,22,Female,Surat,Gujarat,Whole Life,43300,693000,15,Monthly,Lapsed,Not Claimed,0,AG1248,2018-04-08,18-25,2018,2018-04
LIC100695,43,Male,Kanpur,Uttar Pradesh,Endowment,31600,279000,15,Monthly,Active,Not Claimed,0,AG1105,2021-08-18,36-45,2021,2021-08
LIC100696,56,Female,Patna,Bihar,Term,23500,314000,20,Yearly,Matured,Claimed,179000,AG1052,2020-12-01,56-65,2020,2020-12
LIC100697,43,Male,Kanpur,Uttar Pradesh,Endowment,60700,615000,20,Yearly,Matured,Not Claimed,0,AG1258,2024-06-21,36-45,2024,2024-06
LIC100698,31,Male,Ahmedabad,Gujarat,Endowment,57000,930000,20,Half-Yearly,Active,Not Claimed,0,AG1119,2020-01-24,26-35,2020,2020-01
LIC100699,23,Male,Chennai,Tamil Nadu,Pension,68700,1609000,12,Half-Yearly,Surrendered,Not Claimed,0,AG1004,2022-11-18,18-25,2022,2022-11
LIC100700,48,Female,Ahmedabad,Gujarat,Endowment,28800,718000,30,Yearly,Active,Not Claimed,0,AG1052,2025-03-22,46-55,2025,2025-03
LIC100701,33,Male,Chennai,Tamil Nadu,Pension,55300,1330000,20,Yearly,Active,Not Claimed,0,AG1007,2022-07-18,26-35,2022,2022-07
LIC100702,46,Male,Bengaluru,Karnataka,Term,13400,332000,10,Quarterly,Active,Not Claimed,0,AG1001,2023-07-18,46-55,2023,2023-07
LIC100703,43,Other,Bengaluru,Karnataka,Endowment,34800,287000,20,Monthly,Active,Not Claimed,0,AG1186,2020-11-21,36-45,2020,2020-11
LIC100704,44,Male,Kochi,Kerala,Endowment,58600,1195000,10,Half-Yearly,Active,Not Claimed,0,AG1190,2026-03-01,36-45,2026,2026-03
LIC100705,39,Male,Coimbatore,Tamil Nadu,Endowment,46000,581000,10,Yearly,Active,Not Claimed,0,AG1114,2019-11-10,36-45,2019,2019-11
LIC100706,43,Male,Coimbatore,Tamil Nadu,Term,24200,550000,15,Yearly,Active,Not Claimed,0,AG1194,2021-07-29,36-45,2021,2021-07
LIC100707,38,Male,Kolkata,West Bengal,Term,14400,314000,15,Single Premium,Active,Not Claimed,0,AG1055,2026-06-29,36-45,2026,2026-06
LIC100708,32,Female,Kochi,Kerala,Money Back,54400,827000,10,Yearly,Active,Not Claimed,0,AG1117,2022-11-25,26-35,2022,2022-11
LIC100709,28,Female,Lucknow,Uttar Pradesh,Endowment,50900,817000,15,Half-Yearly,Active,Not Claimed,0,AG1269,2025-06-21,26-35,2025,2025-06
LIC100710,18,Male,Pune,Maharashtra,Endowment,53900,674000,30,Quarterly,Active,Not Claimed,0,AG1284,2025-12-28,18-25,2025,2025-12
LIC100711,37,Female,Mumbai,Maharashtra,Endowment,31800,411000,12,Yearly,Active,Not Claimed,0,AG1270,2024-09-06,36-45,2024,2024-09
LIC100712,56,Male,Kolkata,West Bengal,Pension,83400,2058000,10,Yearly,Active,Not Claimed,0,AG1272,2026-07-01,56-65,2026,2026-07
LIC100713,47,Male,Jaipur,Rajasthan,Pension,50300,1162000,30,Half-Yearly,Active,Not Claimed,0,AG1098,2025-07-06,46-55,2025,2025-07
LIC100714,42,Male,Bhopal,Madhya Pradesh,Money Back,32900,371000,12,Monthly,Matured,Not Claimed,0,AG1169,2022-05-08,36-45,2022,2022-05
LIC100715,31,Male,Nagpur,Maharashtra,Endowment,50000,634000,20,Single Premium,Active,Not Claimed,0,AG1157,2026-04-08,26-35,2026,2026-04
LIC100716,50,Male,Delhi,Delhi,Term,25000,246000,12,Quarterly,Active,Not Claimed,0,AG1275,2026-02-14,46-55,2026,2026-02
LIC100717,38,Male,Chandigarh,Chandigarh,Pension,39200,973000,15,Quarterly,Active,Not Claimed,0,AG1148,2025-12-06,36-45,2025,2025-12
LIC100718,56,Male,Nagpur,Maharashtra,Term,40100,939000,15,Half-Yearly,Active,Not Claimed,0,AG1277,2020-08-05,56-65,2020,2020-08
LIC100719,28,Male,Indore,Madhya Pradesh,Endowment,69800,1214000,30,Yearly,Active,Not Claimed,0,AG1148,2021-01-04,26-35,2021,2021-01
LIC100720,31,Male,Jaipur,Rajasthan,Endowment,49800,985000,15,Monthly,Active,Not Claimed,0,AG1091,2020-09-08,26-35,2020,2020-09
LIC100721,30,Male,Surat,Gujarat,Endowment,47400,982000,20,Yearly,Lapsed,Not Claimed,0,AG1044,2019-02-11,26-35,2019,2019-02
LIC100722,23,Female,Surat,Gujarat,Term,19700,226000,30,Quarterly,Lapsed,Not Claimed,0,AG1238,2024-05-10,18-25,2024,2024-05
LIC100723,29,Male,Patna,Bihar,ULIP,33700,805000,30,Monthly,Active,Not Claimed,0,AG1114,2025-08-20,26-35,2025,2025-08
LIC100724,40,Male,Kanpur,Uttar Pradesh,Term,19700,334000,10,Quarterly,Matured,Claimed,203000,AG1089,2019-07-03,36-45,2019,2019-07
LIC100725,31,Female,Chandigarh,Chandigarh,Whole Life,30800,295000,25,Yearly,Active,Not Claimed,0,AG1002,2022-07-29,26-35,2022,2022-07
LIC100726,18,Female,Chennai,Tamil Nadu,Term,15300,226000,15,Single Premium,Matured,Not Claimed,0,AG1171,2023-10-10,18-25,2023,2023-10
LIC100727,51,Male,Mumbai,Maharashtra,Term,19700,359000,20,Yearly,Active,Not Claimed,0,AG1088,2019-05-28,46-55,2019,2019-05
LIC100728,20,Male,Ahmedabad,Gujarat,Pension,24600,344000,15,Single Premium,Active,Not Claimed,0,AG1225,2020-12-19,18-25,2020,2020-12
LIC100729,45,Female,Chandigarh,Chandigarh,Term,14800,294000,15,Monthly,Active,Not Claimed,0,AG1147,2020-06-20,36-45,2020,2020-06
LIC100730,39,Male,Bengaluru,Karnataka,Pension,65100,1497000,10,Monthly,Active,Not Claimed,0,AG1090,2024-08-24,36-45,2024,2024-08
LIC100731,62,Female,Varanasi,Uttar Pradesh,Money Back,77400,1635000,20,Half-Yearly,Lapsed,Not Claimed,0,AG1169,2023-02-06,56-65,2023,2023-02
LIC100732,50,Female,Surat,Gujarat,Term,16300,308000,15,Quarterly,Active,Not Claimed,0,AG1091,2024-07-22,46-55,2024,2024-07
LIC100733,33,Male,Surat,Gujarat,Pension,50500,844000,10,Yearly,Active,Not Claimed,0,AG1014,2022-12-05,26-35,2022,2022-12
LIC100734,31,Female,Nagpur,Maharashtra,Endowment,57100,704000,15,Yearly,Active,Not Claimed,0,AG1148,2024-09-12,26-35,2024,2024-09
LIC100735,56,Male,Nagpur,Maharashtra,Pension,52000,818000,30,Single Premium,Active,Not Claimed,0,AG1291,2018-01-07,56-65,2018,2018-01
LIC100736,23,Male,Delhi,Delhi,Term,21800,283000,20,Monthly,Active,Not Claimed,0,AG1057,2021-11-15,18-25,2021,2021-11
LIC100737,41,Female,Indore,Madhya Pradesh,Pension,51000,1218000,15,Half-Yearly,Surrendered,Not Claimed,0,AG1002,2020-07-17,36-45,2020,2020-07
LIC100738,38,Male,Nagpur,Maharashtra,Term,26000,609000,25,Half-Yearly,Matured,Not Claimed,0,AG1066,2023-05-31,36-45,2023,2023-05
LIC100739,35,Female,Coimbatore,Tamil Nadu,Money Back,25100,267000,20,Monthly,Active,Not Claimed,0,AG1087,2021-03-04,26-35,2021,2021-03
LIC100740,43,Female,Hyderabad,Telangana,ULIP,41800,919000,10,Half-Yearly,Active,Not Claimed,0,AG1245,2026-03-22,36-45,2026,2026-03
LIC100741,41,Female,Bengaluru,Karnataka,Pension,55600,1109000,15,Quarterly,Active,Not Claimed,0,AG1237,2020-11-09,36-45,2020,2020-11
LIC100742,44,Male,Surat,Gujarat,Pension,54600,1342000,10,Quarterly,Lapsed,Not Claimed,0,AG1089,2024-07-02,36-45,2024,2024-07
LIC100743,41,Male,Nagpur,Maharashtra,Pension,50700,805000,20,Quarterly,Matured,Not Claimed,0,AG1052,2021-12-28,36-45,2021,2021-12
LIC100744,44,Male,Patna,Bihar,Pension,62500,1267000,30,Monthly,Active,Not Claimed,0,AG1203,2019-10-16,36-45,2019,2019-10
LIC100745,40,Male,Surat,Gujarat,Term,14700,247000,15,Half-Yearly,Lapsed,Not Claimed,0,AG1209,2021-10-29,36-45,2021,2021-10
LIC100746,32,Male,Indore,Madhya Pradesh,Endowment,28600,263000,15,Quarterly,Active,Not Claimed,0,AG1143,2023-12-31,26-35,2023,2023-12
LIC100747,39,Female,Kochi,Kerala,Endowment,38300,337000,15,Monthly,Active,Not Claimed,0,AG1115,2024-09-07,36-45,2024,2024-09
LIC100748,31,Female,Pune,Maharashtra,Endowment,37700,380000,12,Quarterly,Matured,Not Claimed,0,AG1287,2019-04-28,26-35,2019,2019-04
LIC100749,30,Male,Bengaluru,Karnataka,Endowment,38800,506000,20,Quarterly,Active,Not Claimed,0,AG1062,2026-04-23,26-35,2026,2026-04
LIC100750,35,Male,Coimbatore,Tamil Nadu,Money Back,51400,638000,20,Quarterly,Active,Not Claimed,0,AG1034,2022-07-19,26-35,2022,2022-07
LIC100751,38,Female,Surat,Gujarat,Term,23100,471000,10,Monthly,Active,Not Claimed,0,AG1292,2024-12-13,36-45,2024,2024-12
LIC100752,39,Male,Kolkata,West Bengal,Whole Life,36500,736000,25,Half-Yearly,Active,Not Claimed,0,AG1121,2020-08-08,36-45,2020,2020-08
LIC100753,49,Male,Lucknow,Uttar Pradesh,Term,22400,549000,10,Yearly,Active,Not Claimed,0,AG1104,2019-02-16,46-55,2019,2019-02
LIC100754,34,Female,Hyderabad,Telangana,Endowment,37200,494000,30,Half-Yearly,Matured,Not Claimed,0,AG1044,2018-12-20,26-35,2018,2018-12
LIC100755,41,Male,Chandigarh,Chandigarh,Money Back,30400,728000,15,Yearly,Active,Not Claimed,0,AG1191,2024-10-15,36-45,2024,2024-10
LIC100756,40,Male,Hyderabad,Telangana,ULIP,39400,726000,20,Quarterly,Lapsed,Not Claimed,0,AG1247,2018-01-03,36-45,2018,2018-01
LIC100757,32,Female,Bhopal,Madhya Pradesh,ULIP,42800,703000,10,Half-Yearly,Active,Not Claimed,0,AG1018,2026-03-23,26-35,2026,2026-03
LIC100758,40,Male,Chandigarh,Chandigarh,Whole Life,31400,608000,15,Yearly,Active,Not Claimed,0,AG1108,2018-05-11,36-45,2018,2018-05
LIC100759,50,Other,Indore,Madhya Pradesh,Term,15400,307000,20,Quarterly,Surrendered,Not Claimed,0,AG1026,2021-01-03,46-55,2021,2021-01
LIC100760,41,Male,Varanasi,Uttar Pradesh,Money Back,40500,442000,15,Yearly,Active,Not Claimed,0,AG1206,2021-09-09,36-45,2021,2021-09
LIC100761,41,Male,Chennai,Tamil Nadu,Term,18300,380000,25,Quarterly,Active,Not Claimed,0,AG1096,2023-05-28,36-45,2023,2023-05
LIC100762,31,Female,Lucknow,Uttar Pradesh,Endowment,37600,764000,20,Quarterly,Active,Not Claimed,0,AG1280,2020-10-20,26-35,2020,2020-10
LIC100763,61,Male,Bengaluru,Karnataka,Endowment,76300,1904000,25,Yearly,Active,Not Claimed,0,AG1223,2018-06-09,56-65,2018,2018-06
LIC100764,32,Female,Jaipur,Rajasthan,Term,9000,212000,30,Monthly,Active,Not Claimed,0,AG1232,2023-08-27,26-35,2023,2023-08
LIC100765,21,Female,Indore,Madhya Pradesh,Endowment,37700,740000,15,Quarterly,Matured,Not Claimed,0,AG1200,2021-11-19,18-25,2021,2021-11
LIC100766,48,Female,Kochi,Kerala,Pension,28700,577000,15,Monthly,Surrendered,Not Claimed,0,AG1039,2018-12-22,46-55,2018,2018-12
LIC100767,38,Other,Surat,Gujarat,Pension,53200,1281000,25,Quarterly,Active,Not Claimed,0,AG1200,2020-11-21,36-45,2020,2020-11
LIC100768,36,Male,Chennai,Tamil Nadu,Endowment,52600,1286000,10,Monthly,Lapsed,Not Claimed,0,AG1159,2026-01-15,36-45,2026,2026-01
LIC100769,33,Female,Surat,Gujarat,Term,12300,271000,25,Half-Yearly,Matured,Not Claimed,0,AG1167,2024-12-05,26-35,2024,2024-12
LIC100770,60,Male,Delhi,Delhi,Term,16600,349000,20,Yearly,Active,Not Claimed,0,AG1224,2023-03-25,56-65,2023,2023-03
LIC100771,43,Male,Surat,Gujarat,Endowment,28600,283000,20,Yearly,Active,Not Claimed,0,AG1277,2022-07-06,36-45,2022,2022-07
LIC100772,45,Female,Ahmedabad,Gujarat,Pension,54700,1210000,10,Quarterly,Active,Not Claimed,0,AG1279,2025-04-11,36-45,2025,2025-04
LIC100773,41,Male,Ahmedabad,Gujarat,Term,17500,215000,20,Single Premium,Active,Not Claimed,0,AG1054,2025-09-21,36-45,2025,2025-09
LIC100774,42,Male,Chandigarh,Chandigarh,ULIP,52100,916000,12,Half-Yearly,Active,Not Claimed,0,AG1164,2020-05-06,36-45,2020,2020-05
LIC100775,54,Male,Bhopal,Madhya Pradesh,Term,19900,296000,20,Quarterly,Active,Not Claimed,0,AG1143,2020-03-06,46-55,2020,2020-03
LIC100776,36,Male,Coimbatore,Tamil Nadu,Micro Insurance,4600,100000,15,Yearly,Active,Not Claimed,0,AG1076,2026-03-29,36-45,2026,2026-03
LIC100777,23,Female,Lucknow,Uttar Pradesh,Endowment,57700,766000,12,Yearly,Active,Claimed,450000,AG1230,2020-03-12,18-25,2020,2020-03
LIC100778,49,Male,Jaipur,Rajasthan,ULIP,65500,1477000,30,Yearly,Active,Not Claimed,0,AG1065,2018-12-08,46-55,2018,2018-12
LIC100779,44,Male,Kolkata,West Bengal,Endowment,33400,704000,20,Monthly,Active,Not Claimed,0,AG1230,2019-02-10,36-45,2019,2019-02
LIC100780,40,Female,Pune,Maharashtra,Whole Life,26100,441000,30,Half-Yearly,Active,Not Claimed,0,AG1117,2021-10-28,36-45,2021,2021-10
LIC100781,44,Male,Varanasi,Uttar Pradesh,Term,15600,301000,15,Yearly,Lapsed,Not Claimed,0,AG1240,2021-08-02,36-45,2021,2021-08
LIC100782,35,Male,Delhi,Delhi,Term,26700,660000,20,Half-Yearly,Active,Not Claimed,0,AG1257,2025-02-20,26-35,2025,2025-02
LIC100783,39,Male,Indore,Madhya Pradesh,Pension,61400,906000,20,Yearly,Lapsed,Not Claimed,0,AG1021,2019-07-31,36-45,2019,2019-07
LIC100784,38,Male,Pune,Maharashtra,Pension,48000,834000,20,Half-Yearly,Surrendered,Not Claimed,0,AG1057,2018-08-09,36-45,2018,2018-08
LIC100785,32,Male,Kolkata,West Bengal,Pension,77400,1321000,5,Yearly,Active,Not Claimed,0,AG1147,2024-01-04,26-35,2024,2024-01
LIC100786,52,Female,Mumbai,Maharashtra,Whole Life,54200,1296000,12,,Lapsed,Not Claimed,0,AG1029,2026-05-07,46-55,2026,2026-05
LIC100787,23,Male,Pune,Maharashtra,ULIP,48700,681000,25,Half-Yearly,Matured,Not Claimed,0,AG1218,2021-04-18,18-25,2021,2021-04
LIC100788,65,Female,Pune,Maharashtra,Term,21800,540000,15,Monthly,Active,Claimed,154000,AG1034,2022-03-14,56-65,2022,2022-03
LIC100789,49,Female,Kanpur,Uttar Pradesh,Endowment,44300,584000,30,Yearly,Surrendered,Not Claimed,0,AG1054,2021-08-13,46-55,2021,2021-08
LIC100790,19,Female,Chennai,Tamil Nadu,Endowment,32200,317000,10,Yearly,Lapsed,Not Claimed,0,AG1032,2021-10-04,18-25,2021,2021-10
LIC100791,37,Male,Patna,Bihar,Whole Life,49900,562000,30,Monthly,Active,Not Claimed,0,AG1030,2019-05-06,36-45,2019,2019-05
LIC100792,37,Male,Jaipur,Rajasthan,Endowment,32400,494000,20,Yearly,Active,Not Claimed,0,AG1029,2024-07-28,36-45,2024,2024-07
LIC100793,43,Male,Bengaluru,Karnataka,Term,25200,480000,20,Quarterly,Active,Not Claimed,0,AG1271,2020-10-07,36-45,2020,2020-10
LIC100794,28,Female,Coimbatore,Tamil Nadu,Money Back,43700,734000,15,Monthly,Active,Not Claimed,0,AG1079,2023-10-30,26-35,2023,2023-10
LIC100795,39,Male,Ahmedabad,Gujarat,Pension,46200,665000,25,Quarterly,Active,Not Claimed,0,AG1235,2020-05-19,36-45,2020,2020-05
LIC100796,38,Male,Kolkata,West Bengal,Endowment,72200,1267000,15,Monthly,Active,Not Claimed,0,AG1146,2025-07-15,36-45,2025,2025-07
LIC100797,31,Male,Chennai,Tamil Nadu,Term,11600,258000,20,Quarterly,Active,Not Claimed,0,AG1166,2024-10-17,26-35,2024,2024-10
LIC100798,29,Male,Pune,Maharashtra,Term,17600,392000,10,Quarterly,Active,Not Claimed,0,AG1086,2023-01-07,26-35,2023,2023-01
LIC100799,49,Male,Delhi,Delhi,Endowment,42800,871000,20,Yearly,Active,Claimed,564000,AG1166,2021-02-20,46-55,2021,2021-02
LIC100800,20,Male,Varanasi,Uttar Pradesh,Endowment,55000,1331000,25,Yearly,Active,Not Claimed,0,AG1055,2020-01-10,18-25,2020,2020-01
LIC100801,44,Male,Patna,Bihar,Whole Life,36700,662000,10,Half-Yearly,Active,Not Claimed,0,AG1253,2019-05-25,36-45,2019,2019-05
LIC100802,48,Male,Chennai,Tamil Nadu,Whole Life,21400,174000,20,Monthly,Active,Not Claimed,0,AG1053,2019-08-17,46-55,2019,2019-08
LIC100803,37,Male,Surat,Gujarat,Whole Life,43500,563000,5,Single Premium,Active,Not Claimed,0,AG1142,2026-02-08,36-45,2026,2026-02
LIC100804,40,Female,Pune,Maharashtra,Endowment,51000,693000,25,Yearly,Active,Not Claimed,0,AG1047,2024-12-02,36-45,2024,2024-12
LIC100805,52,Male,Chandigarh,Chandigarh,Pension,43200,748000,30,Monthly,Active,Not Claimed,0,AG1095,2020-01-25,46-55,2020,2020-01
LIC100806,31,Male,Pune,Maharashtra,Endowment,38100,891000,15,Yearly,Matured,Not Claimed,0,AG1211,2022-01-02,26-35,2022,2022-01
LIC100807,32,Male,Coimbatore,Tamil Nadu,Money Back,25000,556000,10,Monthly,Lapsed,Not Claimed,0,AG1140,2025-08-06,26-35,2025,2025-08
LIC100808,34,Male,Delhi,Delhi,ULIP,49600,593000,20,Half-Yearly,Lapsed,Not Claimed,0,AG1263,2021-04-12,26-35,2021,2021-04
LIC100809,52,Female,Surat,Gujarat,Term,22600,380000,5,Half-Yearly,Active,Not Claimed,0,AG1142,2018-12-12,46-55,2018,2018-12
LIC100810,53,Male,Patna,Bihar,Term,19900,382000,15,Quarterly,Active,Not Claimed,0,AG1142,2026-03-22,46-55,2026,2026-03
LIC100811,24,Female,Ahmedabad,Gujarat,Pension,42300,1049000,12,Yearly,Active,Claimed,747000,AG1179,2018-04-15,18-25,2018,2018-04
LIC100812,50,Female,Coimbatore,Tamil Nadu,Endowment,31600,270000,15,Quarterly,Surrendered,Not Claimed,0,AG1243,2022-05-12,46-55,2022,2022-05
LIC100813,48,Female,Indore,Madhya Pradesh,Whole Life,38100,605000,5,Monthly,Lapsed,Not Claimed,0,AG1142,2020-02-27,46-55,2020,2020-02
LIC100814,56,Male,Bhopal,Madhya Pradesh,Term,13100,325000,10,Single Premium,Active,Not Claimed,0,AG1100,2022-01-18,56-65,2022,2022-01
LIC100815,43,Male,Kolkata,West Bengal,Whole Life,33200,817000,5,Single Premium,Matured,Not Claimed,0,AG1108,2021-08-10,36-45,2021,2021-08
LIC100816,39,Female,Pune,Maharashtra,Endowment,26600,362000,20,Yearly,Active,Not Claimed,0,AG1293,2025-10-13,36-45,2025,2025-10
LIC100817,52,Male,Chennai,Tamil Nadu,Term,22000,176000,15,Half-Yearly,Active,Not Claimed,0,AG1196,2019-01-28,46-55,2019,2019-01
LIC100818,47,Female,Coimbatore,Tamil Nadu,Whole Life,34300,617000,12,Monthly,Active,Not Claimed,0,AG1272,2024-02-22,46-55,2024,2024-02
LIC100819,64,Female,Varanasi,Uttar Pradesh,Endowment,63400,1442000,20,Yearly,Active,Not Claimed,0,AG1243,2023-07-26,56-65,2023,2023-07
LIC100820,50,Female,Mumbai,Maharashtra,Endowment,63100,853000,25,Monthly,Active,Not Claimed,0,AG1224,2024-10-05,46-55,2024,2024-10
LIC100821,41,Male,Varanasi,Uttar Pradesh,Term,25900,619000,12,Monthly,Lapsed,Not Claimed,0,AG1112,2022-02-09,36-45,2022,2022-02
LIC100822,26,Female,Chandigarh,Chandigarh,Term,11500,157000,25,Half-Yearly,Active,Not Claimed,0,AG1288,2020-05-30,26-35,2020,2020-05
LIC100823,33,Female,Bhopal,Madhya Pradesh,Endowment,41300,759000,20,Monthly,Active,Not Claimed,0,AG1158,2018-08-06,26-35,2018,2018-08
LIC100824,23,Female,Surat,Gujarat,Term,31600,641000,5,Monthly,Matured,Not Claimed,0,AG1148,2024-01-10,18-25,2024,2024-01
LIC100825,37,Male,Mumbai,Maharashtra,Pension,50800,705000,15,Quarterly,Active,Not Claimed,0,AG1186,2022-12-11,36-45,2022,2022-12
LIC100826,49,Male,Nagpur,Maharashtra,Term,16700,234000,15,Monthly,Active,Not Claimed,0,AG1029,2023-09-16,46-55,2023,2023-09
LIC100827,39,Male,Pune,Maharashtra,Money Back,36900,590000,20,Monthly,Active,Not Claimed,0,AG1235,2019-11-21,36-45,2019,2019-11
LIC100828,50,Male,Kolkata,West Bengal,Term,19100,424000,12,Monthly,Active,Not Claimed,0,AG1027,2021-10-03,46-55,2021,2021-10
LIC100829,43,Male,Patna,Bihar,Endowment,33100,322000,30,Monthly,Active,Not Claimed,0,AG1251,2019-12-13,36-45,2019,2019-12
LIC100830,35,Female,Chennai,Tamil Nadu,Pension,61200,1147000,20,Yearly,Active,Not Claimed,0,AG1021,2023-06-18,26-35,2023,2023-06
LIC100831,40,Male,Indore,Madhya Pradesh,Term,22500,439000,15,Yearly,Active,Not Claimed,0,AG1092,2024-06-15,36-45,2024,2024-06
LIC100832,44,Female,Patna,Bihar,Micro Insurance,4600,100000,10,Quarterly,Active,Not Claimed,0,AG1172,2022-07-19,36-45,2022,2022-07
LIC100833,41,Male,Bengaluru,Karnataka,Endowment,43900,1050000,10,Half-Yearly,Active,Not Claimed,0,AG1114,2022-12-28,36-45,2022,2022-12
LIC100834,41,Male,Mumbai,Maharashtra,ULIP,47600,868000,15,Monthly,Matured,Claimed,534000,AG1098,2024-04-16,36-45,2024,2024-04
LIC100835,31,Male,Pune,Maharashtra,Money Back,23000,432000,15,Monthly,Lapsed,Not Claimed,0,AG1255,2021-11-03,26-35,2021,2021-11
LIC100836,34,Male,Kochi,Kerala,Pension,32300,588000,20,Monthly,Active,Not Claimed,0,AG1022,2020-07-30,26-35,2020,2020-07
LIC100837,64,Female,Lucknow,Uttar Pradesh,Money Back,34000,689000,20,Half-Yearly,Active,Not Claimed,0,AG1042,2025-08-19,56-65,2025,2025-08
LIC100838,53,Male,Kolkata,West Bengal,Money Back,43100,444000,10,Yearly,Active,Not Claimed,0,AG1121,2025-04-26,46-55,2025,2025-04
LIC100839,23,Male,Lucknow,Uttar Pradesh,Term,15800,367000,20,Half-Yearly,Active,Claimed,128000,AG1211,2018-04-02,18-25,2018,2018-04
LIC100840,18,Male,Bhopal,Madhya Pradesh,Term,13800,120000,5,Quarterly,Active,Not Claimed,0,AG1190,2022-01-05,18-25,2022,2022-01
LIC100841,40,Female,Delhi,Delhi,Pension,45600,862000,15,Monthly,Lapsed,Not Claimed,0,AG1136,2022-09-01,36-45,2022,2022-09
LIC100842,49,Male,Indore,Madhya Pradesh,Endowment,60500,1117000,20,Yearly,Active,Not Claimed,0,AG1284,2025-03-07,46-55,2025,2025-03
LIC100843,33,Male,Ahmedabad,Gujarat,Endowment,46400,535000,15,Quarterly,Active,Not Claimed,0,AG1053,2024-12-06,26-35,2024,2024-12
LIC100844,50,Male,Delhi,Delhi,ULIP,81200,706000,25,Yearly,Matured,Not Claimed,0,AG1129,2025-11-21,46-55,2025,2025-11
LIC100845,40,Male,Varanasi,Uttar Pradesh,Endowment,41800,433000,30,Half-Yearly,Matured,Not Claimed,0,AG1079,2024-06-07,36-45,2024,2024-06
LIC100846,37,Male,Mumbai,Maharashtra,Pension,77000,972000,20,Yearly,Active,Not Claimed,0,AG1223,2019-05-03,36-45,2019,2019-05
LIC100847,47,Female,Kolkata,West Bengal,ULIP,65600,1509000,10,Yearly,Active,Not Claimed,0,AG1209,2019-04-29,46-55,2019,2019-04
LIC100848,33,Male,Jaipur,Rajasthan,Money Back,31400,708000,15,Single Premium,Active,Not Claimed,0,AG1213,2019-10-10,26-35,2019,2019-10
LIC100849,36,Male,Chandigarh,Chandigarh,Pension,49900,453000,5,Half-Yearly,Lapsed,Not Claimed,0,AG1024,2019-07-05,36-45,2019,2019-07
LIC100850,46,Male,Jaipur,Rajasthan,Term,14400,186000,20,Half-Yearly,Active,Not Claimed,0,AG1190,2023-04-29,46-55,2023,2023-04
LIC100851,39,Male,Patna,Bihar,Endowment,40400,934000,25,Quarterly,Active,Not Claimed,0,AG1184,2024-11-15,36-45,2024,2024-11
LIC100852,60,Male,Surat,Gujarat,Money Back,52800,635000,20,Single Premium,Surrendered,Not Claimed,0,AG1214,2021-10-05,56-65,2021,2021-10
LIC100853,47,Other,Pune,Maharashtra,Endowment,57000,1421000,20,Quarterly,Active,Not Claimed,0,AG1093,2018-10-30,46-55,2018,2018-10
LIC100854,46,Female,Bengaluru,Karnataka,ULIP,52500,649000,20,Monthly,Matured,Not Claimed,0,AG1108,2019-02-22,46-55,2019,2019-02
LIC100855,38,Female,Chandigarh,Chandigarh,Pension,106900,2198000,25,Quarterly,Surrendered,Not Claimed,0,AG1204,2023-10-17,36-45,2023,2023-10
LIC100856,49,Female,Kolkata,West Bengal,Endowment,46700,705000,12,Monthly,Active,Not Claimed,0,AG1276,2023-10-06,46-55,2023,2023-10
LIC100857,35,Male,Bhopal,Madhya Pradesh,Endowment,26300,271000,25,Half-Yearly,Lapsed,Not Claimed,0,AG1034,2022-02-02,26-35,2022,2022-02
LIC100858,42,Male,Kochi,Kerala,Micro Insurance,9100,112000,20,Half-Yearly,Active,Not Claimed,0,AG1271,2021-03-22,36-45,2021,2021-03
LIC100859,29,Male,Nagpur,Maharashtra,Money Back,42700,832000,12,Quarterly,Lapsed,Not Claimed,0,AG1245,2018-07-20,26-35,2018,2018-07
LIC100860,50,Male,Patna,Bihar,Money Back,45300,622000,30,Monthly,Lapsed,Not Claimed,0,AG1127,2025-03-31,46-55,2025,2025-03
LIC100861,42,Male,Jaipur,Rajasthan,Endowment,40000,731000,30,Single Premium,Active,Not Claimed,0,AG1260,2020-04-09,36-45,2020,2020-04
LIC100862,61,Male,Delhi,Delhi,Pension,70300,808000,20,Yearly,Active,Not Claimed,0,AG1142,2026-07-08,56-65,2026,2026-07
LIC100863,65,Female,Bhopal,Madhya Pradesh,Money Back,77000,1203000,25,Yearly,Lapsed,Not Claimed,0,AG1193,2021-06-25,56-65,2021,2021-06
LIC100864,47,Female,Bengaluru,Karnataka,ULIP,62900,1051000,12,Quarterly,Active,Not Claimed,0,AG1050,2021-02-11,46-55,2021,2021-02
LIC100865,40,Female,Bengaluru,Karnataka,Pension,33700,506000,15,Yearly,Active,Not Claimed,0,AG1239,2021-11-02,36-45,2021,2021-11
LIC100866,29,Female,Mumbai,Maharashtra,Endowment,16000,182000,10,Half-Yearly,Active,Not Claimed,0,AG1235,2022-10-06,26-35,2022,2022-10
LIC100867,49,Male,Ahmedabad,Gujarat,Endowment,54600,865000,15,Monthly,Active,Not Claimed,0,AG1050,2023-12-23,46-55,2023,2023-12
LIC100868,41,Male,Ahmedabad,Gujarat,Pension,39000,771000,15,Monthly,Surrendered,Not Claimed,0,AG1093,2025-12-20,36-45,2025,2025-12
LIC100869,45,Male,Patna,Bihar,Endowment,45700,1115000,10,Quarterly,Lapsed,Not Claimed,0,AG1248,2020-02-13,36-45,2020,2020-02
LIC100870,58,Male,Jaipur,Rajasthan,ULIP,52900,1133000,20,Monthly,Active,Not Claimed,0,AG1242,2020-08-07,56-65,2020,2020-08
LIC100871,30,Male,Kolkata,West Bengal,Pension,37500,403000,10,Single Premium,Active,Not Claimed,0,AG1097,2021-02-20,26-35,2021,2021-02
LIC100872,29,Male,Nagpur,Maharashtra,Whole Life,24200,306000,10,Monthly,Active,Not Claimed,0,AG1100,2025-03-27,26-35,2025,2025-03
LIC100873,36,Male,Bengaluru,Karnataka,ULIP,43600,407000,15,Quarterly,Active,Not Claimed,0,AG1227,2024-03-10,36-45,2024,2024-03
LIC100874,48,Male,Kolkata,West Bengal,ULIP,74700,770000,15,Quarterly,Active,Not Claimed,0,AG1155,2020-02-26,46-55,2020,2020-02
LIC100875,45,Male,Kolkata,West Bengal,Pension,63100,774000,12,Quarterly,Active,Not Claimed,0,AG1030,2024-12-24,36-45,2024,2024-12
LIC100876,29,Male,Coimbatore,Tamil Nadu,Endowment,29900,341000,12,Half-Yearly,Active,Not Claimed,0,AG1160,2021-07-22,26-35,2021,2021-07
LIC100877,47,Female,Nagpur,Maharashtra,Term,15300,178000,15,Monthly,Surrendered,Not Claimed,0,AG1211,2021-06-13,46-55,2021,2021-06
LIC100878,26,Male,Chennai,Tamil Nadu,Endowment,46700,557000,10,Yearly,Active,Not Claimed,0,AG1278,2022-04-19,26-35,2022,2022-04
LIC100879,30,Male,Indore,Madhya Pradesh,Whole Life,40300,528000,15,Quarterly,Active,Not Claimed,0,AG1213,2018-06-20,26-35,2018,2018-06
LIC100880,38,Male,Lucknow,Uttar Pradesh,Money Back,49900,506000,25,Half-Yearly,Active,Not Claimed,0,AG1069,2022-08-04,36-45,2022,2022-08
LIC100881,33,Male,Kochi,Kerala,ULIP,39300,500000,10,Yearly,Surrendered,Claimed,240000,AG1149,2024-10-03,26-35,2024,2024-10
LIC100882,49,Female,Ahmedabad,Gujarat,Endowment,64700,1275000,20,Yearly,Lapsed,Not Claimed,0,AG1256,2021-01-25,46-55,2021,2021-01
LIC100883,42,Female,Ahmedabad,Gujarat,Whole Life,19800,238000,10,Yearly,Matured,Not Claimed,0,AG1056,2025-11-11,36-45,2025,2025-11
LIC100884,58,Male,Hyderabad,Telangana,Term,21700,237000,15,Half-Yearly,Active,Not Claimed,0,AG1230,2023-08-31,56-65,2023,2023-08
LIC100885,36,Male,Ahmedabad,Gujarat,ULIP,60300,552000,12,Quarterly,Active,Claimed,156000,AG1159,2024-05-26,36-45,2024,2024-05
LIC100886,38,Male,Nagpur,Maharashtra,Money Back,20800,343000,25,Half-Yearly,Active,Not Claimed,0,AG1095,2025-04-23,36-45,2025,2025-04
LIC100887,52,Male,Coimbatore,Tamil Nadu,Endowment,90900,2028000,15,Yearly,Active,Not Claimed,0,AG1239,2022-12-22,46-55,2022,2022-12
LIC100888,38,Male,Pune,Maharashtra,Endowment,63100,568000,20,Yearly,Active,Not Claimed,0,AG1171,2021-01-10,36-45,2021,2021-01
LIC100889,55,Male,Mumbai,Maharashtra,ULIP,77300,1331000,20,Monthly,Matured,Claimed,823000,AG1216,2023-11-25,46-55,2023,2023-11
LIC100890,45,Male,Surat,Gujarat,Money Back,30800,587000,10,Quarterly,Active,Not Claimed,0,AG1246,2022-12-08,36-45,2022,2022-12
LIC100891,18,Male,Mumbai,Maharashtra,Endowment,41200,745000,25,Yearly,Active,Not Claimed,0,AG1146,2022-12-16,18-25,2022,2022-12
LIC100892,52,Female,Chandigarh,Chandigarh,Micro Insurance,9000,206000,15,Quarterly,Lapsed,Not Claimed,0,AG1285,2025-06-29,46-55,2025,2025-06
LIC100893,49,Male,Mumbai,Maharashtra,Whole Life,25600,582000,5,Quarterly,Active,Not Claimed,0,AG1124,2026-03-12,46-55,2026,2026-03
LIC100894,49,Female,Surat,Gujarat,Pension,53300,478000,12,Quarterly,Active,Not Claimed,0,AG1189,2023-05-08,46-55,2023,2023-05
LIC100895,18,Male,Delhi,Delhi,Endowment,54200,766000,15,Half-Yearly,Active,Not Claimed,0,AG1268,2023-04-06,18-25,2023,2023-04
LIC100896,32,Male,Nagpur,Maharashtra,Money Back,23700,460000,10,Single Premium,Active,Not Claimed,0,AG1093,2024-05-22,26-35,2024,2024-05
LIC100897,33,Female,Ahmedabad,Gujarat,Pension,52700,1275000,20,Half-Yearly,Lapsed,Not Claimed,0,AG1189,2019-09-13,26-35,2019,2019-09
LIC100898,30,Female,Ahmedabad,Gujarat,Money Back,22000,477000,15,Monthly,Active,Not Claimed,0,AG1071,2022-04-23,26-35,2022,2022-04
LIC100899,58,Male,Coimbatore,Tamil Nadu,Whole Life,29400,323000,20,Monthly,Matured,Claimed,92000,AG1144,2025-10-01,56-65,2025,2025-10
LIC100900,39,Male,Hyderabad,Telangana,Endowment,38200,487000,5,Monthly,Lapsed,Not Claimed,0,AG1128,2019-12-29,36-45,2019,2019-12
LIC100901,39,Male,Coimbatore,Tamil Nadu,Money Back,43600,915000,30,Half-Yearly,Matured,Claimed,529000,AG1012,2025-11-15,36-45,2025,2025-11
LIC100902,45,Male,Pune,Maharashtra,Term,16600,266000,10,Half-Yearly,Active,Not Claimed,0,AG1213,2018-05-12,36-45,2018,2018-05
LIC100903,45,Female,Pune,Maharashtra,Endowment,48700,843000,20,Monthly,Active,Not Claimed,0,AG1060,2018-12-05,36-45,2018,2018-12
LIC100904,18,Female,Bengaluru,Karnataka,Term,14800,272000,20,Yearly,Active,Not Claimed,0,AG1284,2018-08-09,18-25,2018,2018-08
LIC100905,32,Male,Hyderabad,Telangana,Term,15500,151000,10,Yearly,Active,Not Claimed,0,AG1095,2020-02-21,26-35,2020,2020-02
LIC100906,23,Male,Coimbatore,Tamil Nadu,Micro Insurance,8500,192000,10,Monthly,Matured,Not Claimed,0,AG1072,2025-12-06,18-25,2025,2025-12
LIC100907,43,Male,Ahmedabad,Gujarat,Endowment,33400,757000,10,Quarterly,Active,Not Claimed,0,AG1110,2018-03-18,36-45,2018,2018-03
LIC100908,36,Male,Lucknow,Uttar Pradesh,Whole Life,37600,600000,12,Single Premium,Lapsed,Not Claimed,0,AG1282,2025-04-06,36-45,2025,2025-04
LIC100909,39,Female,Varanasi,Uttar Pradesh,Pension,50300,938000,10,Quarterly,Active,Not Claimed,0,AG1112,2019-08-15,36-45,2019,2019-08
LIC100910,18,Female,Surat,Gujarat,Money Back,30600,588000,20,Yearly,Active,Not Claimed,0,AG1159,2023-09-29,18-25,2023,2023-09
LIC100911,36,Male,Surat,Gujarat,Term,13000,146000,15,Quarterly,Matured,Not Claimed,0,AG1211,2025-08-27,36-45,2025,2025-08
LIC100912,51,Male,Mumbai,Maharashtra,ULIP,45000,446000,15,Yearly,Active,Not Claimed,0,AG1251,2021-09-28,46-55,2021,2021-09
LIC100913,55,Male,Varanasi,Uttar Pradesh,Whole Life,30200,252000,5,Yearly,Lapsed,Not Claimed,0,AG1113,2018-11-28,46-55,2018,2018-11
LIC100914,47,Male,Hyderabad,Telangana,ULIP,57000,1341000,25,Yearly,Active,Not Claimed,0,AG1005,2021-03-21,46-55,2021,2021-03
LIC100915,24,Female,Chennai,Tamil Nadu,ULIP,61600,855000,10,Yearly,Matured,Claimed,712000,AG1141,2025-06-18,18-25,2025,2025-06
LIC100916,53,Male,Pune,Maharashtra,Micro Insurance,6700,100000,15,Single Premium,Active,Not Claimed,0,AG1243,2026-05-02,46-55,2026,2026-05
LIC100917,47,Male,Mumbai,Maharashtra,Money Back,38600,614000,10,Half-Yearly,Lapsed,Not Claimed,0,AG1119,2021-11-05,46-55,2021,2021-11
LIC100918,38,Male,Kolkata,West Bengal,Endowment,42500,395000,10,Monthly,Active,Not Claimed,0,AG1128,2020-08-15,36-45,2020,2020-08
LIC100919,18,Female,Mumbai,Maharashtra,Whole Life,34300,324000,20,Quarterly,Active,Not Claimed,0,AG1084,2024-06-26,18-25,2024,2024-06
LIC100920,49,Male,Chennai,Tamil Nadu,Term,25200,411000,20,Yearly,Matured,Claimed,228000,AG1244,2021-01-18,46-55,2021,2021-01
LIC100921,32,Female,Delhi,Delhi,Pension,32600,543000,20,Yearly,Matured,Not Claimed,0,AG1113,2019-06-13,26-35,2019,2019-06
LIC100922,43,Female,Lucknow,Uttar Pradesh,Term,18200,325000,15,Monthly,Active,Not Claimed,0,AG1164,2020-05-17,36-45,2020,2020-05
LIC100923,40,Female,Kolkata,West Bengal,Endowment,62800,1203000,30,Monthly,Active,Not Claimed,0,AG1115,2023-04-21,36-45,2023,2023-04
LIC100924,56,Male,Lucknow,Uttar Pradesh,Pension,41600,805000,15,Yearly,Active,Not Claimed,0,AG1104,2020-01-11,56-65,2020,2020-01
LIC100925,38,Male,Mumbai,Maharashtra,Money Back,38100,585000,15,Monthly,Active,Not Claimed,0,AG1180,2021-07-30,36-45,2021,2021-07
LIC100926,39,Male,Pune,Maharashtra,Endowment,42000,795000,12,Half-Yearly,Active,Not Claimed,0,AG1289,2022-10-24,36-45,2022,2022-10
LIC100927,56,Male,Indore,Madhya Pradesh,Money Back,38500,507000,10,Yearly,Active,Not Claimed,0,AG1232,2021-06-10,56-65,2021,2021-06
LIC100928,32,Male,Surat,Gujarat,Pension,74900,1161000,15,Half-Yearly,Active,Not Claimed,0,AG1158,2021-10-07,26-35,2021,2021-10
LIC100929,48,Male,Chennai,Tamil Nadu,Endowment,49100,721000,12,Monthly,Active,Not Claimed,0,AG1096,2019-12-17,46-55,2019,2019-12
LIC100930,37,Male,Indore,Madhya Pradesh,Pension,75000,1020000,15,Monthly,Active,Not Claimed,0,AG1231,2019-03-09,36-45,2019,2019-03
LIC100931,28,Female,Varanasi,Uttar Pradesh,Term,18000,217000,10,Monthly,Lapsed,Not Claimed,0,AG1278,2023-06-28,26-35,2023,2023-06
LIC100932,39,Male,Surat,Gujarat,ULIP,62000,579000,25,Monthly,Surrendered,Not Claimed,0,AG1264,2026-05-08,36-45,2026,2026-05
LIC100933,47,Male,Ahmedabad,Gujarat,Pension,46700,775000,30,Half-Yearly,Active,Not Claimed,0,AG1037,2023-07-11,46-55,2023,2023-07
LIC100934,54,Female,Kolkata,West Bengal,Term,18900,324000,12,Half-Yearly,Active,Not Claimed,0,AG1099,2024-08-24,46-55,2024,2024-08
LIC100935,55,Female,Surat,Gujarat,Endowment,58400,801000,25,Monthly,Active,Not Claimed,0,AG1229,2018-09-14,46-55,2018,2018-09
LIC100936,36,Female,Chennai,Tamil Nadu,Term,20500,504000,25,Monthly,Active,Not Claimed,0,AG1189,2024-09-10,36-45,2024,2024-09
LIC100937,28,Female,Bhopal,Madhya Pradesh,Whole Life,35500,620000,30,Monthly,Active,Not Claimed,0,AG1086,2025-10-07,26-35,2025,2025-10
LIC100938,35,Female,Indore,Madhya Pradesh,Money Back,40000,925000,15,Single Premium,Active,Not Claimed,0,AG1065,2024-04-23,26-35,2024,2024-04
LIC100939,26,Male,Delhi,Delhi,Whole Life,20600,364000,20,Half-Yearly,Active,Not Claimed,0,AG1103,2026-04-09,26-35,2026,2026-04
LIC100940,37,Male,Coimbatore,Tamil Nadu,Term,14700,165000,10,Yearly,Active,Claimed,114000,AG1112,2024-01-16,36-45,2024,2024-01
LIC100941,35,Male,Coimbatore,Tamil Nadu,Endowment,53300,1310000,20,Yearly,Matured,Not Claimed,0,AG1068,2025-11-16,26-35,2025,2025-11
LIC100942,47,Male,Chennai,Tamil Nadu,Term,11900,274000,20,Half-Yearly,Lapsed,Not Claimed,0,AG1137,2026-04-19,46-55,2026,2026-04
LIC100943,18,Male,Chennai,Tamil Nadu,Endowment,45600,730000,20,Yearly,Surrendered,Not Claimed,0,AG1136,2018-07-22,18-25,2018,2018-07
LIC100944,31,Male,Patna,Bihar,Money Back,34900,423000,10,Monthly,Active,Not Claimed,0,AG1214,2023-07-31,26-35,2023,2023-07
LIC100945,31,Male,Kolkata,West Bengal,Pension,60900,718000,25,Yearly,Active,Not Claimed,0,AG1241,2019-11-19,26-35,2019,2019-11
LIC100946,52,Male,Varanasi,Uttar Pradesh,Whole Life,40600,881000,15,Quarterly,Active,Not Claimed,0,AG1085,2018-03-23,46-55,2018,2018-03
LIC100947,27,Male,Patna,Bihar,Endowment,34900,320000,10,Yearly,Active,Not Claimed,0,AG1048,2022-01-09,26-35,2022,2022-01
LIC100948,41,Female,Lucknow,Uttar Pradesh,Pension,42200,795000,15,Monthly,Active,Not Claimed,0,AG1156,2020-11-14,36-45,2020,2020-11
LIC100949,38,Male,Ahmedabad,Gujarat,Whole Life,26800,506000,25,Yearly,Active,Not Claimed,0,AG1101,2026-02-25,36-45,2026,2026-02
LIC100950,50,Female,Pune,Maharashtra,Pension,66600,739000,30,Monthly,Active,Not Claimed,0,AG1081,2018-01-18,46-55,2018,2018-01
LIC100951,46,Male,Pune,Maharashtra,Money Back,21400,428000,20,Yearly,Active,Not Claimed,0,AG1128,2020-08-18,46-55,2020,2020-08
LIC100952,40,Female,Ahmedabad,Gujarat,Endowment,46500,930000,5,Quarterly,Active,Not Claimed,0,AG1159,2022-12-25,36-45,2022,2022-12
LIC100953,33,Female,Surat,Gujarat,Term,14100,197000,10,Yearly,Active,Not Claimed,0,AG1237,2022-12-01,26-35,2022,2022-12
LIC100954,19,Male,Nagpur,Maharashtra,ULIP,54900,890000,10,Half-Yearly,Active,Claimed,585000,AG1059,2026-01-13,18-25,2026,2026-01
LIC100955,42,Female,Patna,Bihar,Term,21500,476000,10,Quarterly,Active,Not Claimed,0,AG1237,2018-01-21,36-45,2018,2018-01
LIC100956,45,Male,Bhopal,Madhya Pradesh,Endowment,29500,498000,15,Yearly,Lapsed,Not Claimed,0,AG1289,2026-05-03,36-45,2026,2026-05
LIC100957,22,Female,Indore,Madhya Pradesh,Money Back,33800,626000,15,Single Premium,Active,Not Claimed,0,AG1095,2021-03-17,18-25,2021,2021-03
LIC100958,25,Female,Ahmedabad,Gujarat,Money Back,37600,565000,10,Monthly,Active,Not Claimed,0,AG1122,2025-05-09,18-25,2025,2025-05
LIC100959,42,Female,Kochi,Kerala,Whole Life,33300,351000,25,Yearly,Active,Not Claimed,0,AG1121,2026-03-04,36-45,2026,2026-03
LIC100960,43,Male,Mumbai,Maharashtra,Term,19100,477000,20,Half-Yearly,Active,Not Claimed,0,AG1036,2020-01-06,36-45,2020,2020-01
LIC100961,28,Male,Surat,Gujarat,Endowment,29800,508000,20,Yearly,Lapsed,Not Claimed,0,AG1213,2019-09-25,26-35,2019,2019-09
LIC100962,33,Female,Ahmedabad,Gujarat,Whole Life,22200,305000,15,Quarterly,Active,Not Claimed,0,AG1226,2025-05-11,26-35,2025,2025-05
LIC100963,19,Male,Patna,Bihar,Micro Insurance,4100,100000,15,Half-Yearly,Active,Not Claimed,0,AG1290,2019-03-22,18-25,2019,2019-03
LIC100964,54,Male,Bhopal,Madhya Pradesh,ULIP,74600,1384000,12,Yearly,Matured,Claimed,458000,AG1061,2018-10-14,46-55,2018,2018-10
LIC100965,25,Male,Bhopal,Madhya Pradesh,Pension,46500,556000,15,Quarterly,Active,Not Claimed,0,AG1188,2020-05-17,18-25,2020,2020-05
LIC100966,45,Female,Chennai,Tamil Nadu,ULIP,57400,1315000,20,Half-Yearly,Active,Not Claimed,0,AG1240,2019-10-27,36-45,2019,2019-10
LIC100967,39,Male,Kanpur,Uttar Pradesh,Money Back,23400,215000,15,Monthly,Lapsed,Not Claimed,0,AG1003,2021-09-10,36-45,2021,2021-09
LIC100968,53,Male,Chennai,Tamil Nadu,Term,21700,397000,25,Monthly,Active,Not Claimed,0,AG1006,2024-02-26,46-55,2024,2024-02
LIC100969,30,Male,Kolkata,West Bengal,Whole Life,35800,577000,25,Yearly,Active,Not Claimed,0,AG1260,2025-10-03,26-35,2025,2025-10
LIC100970,40,Female,Kolkata,West Bengal,Whole Life,19000,255000,15,Yearly,Active,Not Claimed,0,AG1101,2023-06-22,36-45,2023,2023-06
LIC100971,20,Male,Ahmedabad,Gujarat,Whole Life,25800,569000,12,Half-Yearly,Matured,Not Claimed,0,AG1166,2018-05-28,18-25,2018,2018-05
LIC100972,18,Male,Lucknow,Uttar Pradesh,Money Back,23200,444000,30,Monthly,Active,Not Claimed,0,AG1164,2023-01-11,18-25,2023,2023-01
LIC100973,46,Male,Chandigarh,Chandigarh,Money Back,36200,757000,20,Quarterly,Active,Not Claimed,0,AG1290,2024-08-11,46-55,2024,2024-08
LIC100974,19,Female,Jaipur,Rajasthan,Endowment,32600,491000,20,Quarterly,Active,Not Claimed,0,AG1006,2024-03-18,18-25,2024,2024-03
LIC100975,36,Female,Coimbatore,Tamil Nadu,Money Back,40500,973000,20,Half-Yearly,Matured,Not Claimed,0,AG1027,2018-08-16,36-45,2018,2018-08
LIC100976,50,Female,Nagpur,Maharashtra,Term,22300,309000,10,Yearly,Active,Not Claimed,0,AG1039,2018-11-02,46-55,2018,2018-11
LIC100977,47,Male,Ahmedabad,Gujarat,ULIP,85400,1454000,10,Yearly,Lapsed,Not Claimed,0,AG1275,2018-06-28,46-55,2018,2018-06
LIC100978,32,Female,Jaipur,Rajasthan,Term,17700,423000,10,Monthly,Active,Not Claimed,0,AG1096,2023-03-27,26-35,2023,2023-03
LIC100979,22,Male,Patna,Bihar,Term,19800,186000,10,Yearly,Active,Not Claimed,0,AG1162,2022-02-08,18-25,2022,2022-02
LIC100980,45,Male,Mumbai,Maharashtra,Endowment,40200,396000,15,Half-Yearly,Lapsed,Not Claimed,0,AG1089,2026-04-04,36-45,2026,2026-04
LIC100981,54,Male,Nagpur,Maharashtra,Whole Life,27100,675000,10,Yearly,Surrendered,Not Claimed,0,AG1247,2023-06-21,46-55,2023,2023-06
LIC100982,32,Male,Kolkata,West Bengal,Endowment,53100,1302000,25,Monthly,Active,Not Claimed,0,AG1024,2019-02-21,26-35,2019,2019-02
LIC100983,30,Female,Nagpur,Maharashtra,Endowment,59500,1257000,20,Yearly,Active,Not Claimed,0,AG1153,2025-04-11,26-35,2025,2025-04
LIC100984,33,Male,Chennai,Tamil Nadu,Money Back,43900,713000,15,Monthly,Matured,Not Claimed,0,AG1243,2025-04-29,26-35,2025,2025-04
LIC100985,45,Male,Mumbai,Maharashtra,Endowment,48800,810000,10,Quarterly,Active,Not Claimed,0,AG1198,2023-12-11,36-45,2023,2023-12
LIC100986,53,Male,Coimbatore,Tamil Nadu,Pension,44400,549000,20,Monthly,Active,Not Claimed,0,AG1030,2024-05-21,46-55,2024,2024-05
LIC100987,25,Male,Ahmedabad,Gujarat,Pension,66100,1015000,10,Monthly,Active,Not Claimed,0,AG1207,2025-07-17,18-25,2025,2025-07
LIC100988,23,Male,Surat,Gujarat,Money Back,42300,649000,20,Monthly,Lapsed,Not Claimed,0,AG1221,2022-11-11,18-25,2022,2022-11
LIC100989,65,Male,Surat,Gujarat,Endowment,100700,867000,20,Monthly,Lapsed,Not Claimed,0,AG1054,2022-10-17,56-65,2022,2022-10
LIC100990,37,Male,Jaipur,Rajasthan,ULIP,38500,605000,15,Monthly,Matured,Claimed,169000,AG1078,2023-08-13,36-45,2023,2023-08
LIC100991,42,Male,Jaipur,Rajasthan,Term,24800,401000,10,Yearly,Active,Not Claimed,0,AG1120,2025-09-08,36-45,2025,2025-09
LIC100992,31,Female,Lucknow,Uttar Pradesh,Money Back,42000,811000,20,Monthly,Active,Not Claimed,0,AG1281,2018-09-19,26-35,2018,2018-09
LIC100993,44,Female,Varanasi,Uttar Pradesh,Endowment,42300,710000,12,Half-Yearly,Active,Claimed,462000,AG1237,2022-02-03,36-45,2022,2022-02
LIC100994,50,Male,Jaipur,Rajasthan,Pension,83000,1880000,10,Monthly,Active,Not Claimed,0,AG1261,2018-11-28,46-55,2018,2018-11
LIC100995,42,Female,Bengaluru,Karnataka,Term,21800,311000,15,Single Premium,Active,Not Claimed,0,AG1002,2026-04-01,36-45,2026,2026-04
LIC100996,58,Female,Varanasi,Uttar Pradesh,Money Back,35300,528000,25,Single Premium,Active,Not Claimed,0,AG1080,2018-09-18,56-65,2018,2018-09
LIC100997,35,Female,Patna,Bihar,ULIP,50300,891000,12,Monthly,Active,Not Claimed,0,AG1191,2026-06-02,26-35,2026,2026-06
LIC100998,36,Male,Pune,Maharashtra,Money Back,27900,319000,25,Half-Yearly,Active,Not Claimed,0,AG1124,2025-09-20,36-45,2025,2025-09
LIC100999,42,Male,Delhi,Delhi,Term,17100,251000,10,Monthly,Active,Not Claimed,0,AG1182,2019-03-23,36-45,2019,2019-03
LIC101000,44,Female,Hyderabad,Telangana,Micro Insurance,8100,159000,10,Single Premium,Lapsed,Not Claimed,0,AG1124,2021-05-24,36-45,2021,2021-05
LIC101001,42,Male,Kochi,Kerala,Money Back,51500,773000,20,Half-Yearly,Active,Not Claimed,0,AG1017,2020-02-12,36-45,2020,2020-02
LIC101002,25,Male,Delhi,Delhi,Whole Life,31900,747000,10,Monthly,Active,Not Claimed,0,AG1031,2024-12-01,18-25,2024,2024-12
LIC101003,42,Male,Chandigarh,Chandigarh,Endowment,36900,681000,12,Quarterly,Active,Not Claimed,0,AG1134,2025-03-01,36-45,2025,2025-03
LIC101004,35,Male,Patna,Bihar,Money Back,40100,426000,10,Monthly,Lapsed,Not Claimed,0,AG1223,2025-12-24,26-35,2025,2025-12
LIC101005,33,Female,Bhopal,Madhya Pradesh,Endowment,51400,837000,15,Quarterly,Active,Not Claimed,0,AG1070,2025-03-27,26-35,2025,2025-03
LIC101006,39,Male,Coimbatore,Tamil Nadu,Term,10900,229000,12,Yearly,Active,Not Claimed,0,AG1292,2024-10-23,36-45,2024,2024-10
LIC101007,28,Male,Hyderabad,Telangana,Term,18600,352000,20,Half-Yearly,Active,Not Claimed,0,AG1093,2018-07-19,26-35,2018,2018-07
LIC101008,27,Male,Varanasi,Uttar Pradesh,Pension,45500,1049000,20,Quarterly,Active,Not Claimed,0,AG1073,2019-10-30,26-35,2019,2019-10
LIC101009,18,Male,Pune,Maharashtra,Endowment,54900,1139000,30,Monthly,Lapsed,Not Claimed,0,AG1138,2026-03-01,18-25,2026,2026-03
LIC101010,58,Male,Mumbai,Maharashtra,Term,25600,232000,20,Monthly,Active,Not Claimed,0,AG1024,2024-05-15,56-65,2024,2024-05
LIC101011,45,Male,Chandigarh,Chandigarh,Money Back,46200,458000,20,Monthly,Active,Not Claimed,0,AG1168,2021-03-04,36-45,2021,2021-03
LIC101012,38,Female,Patna,Bihar,ULIP,47100,897000,20,Yearly,Active,Not Claimed,0,AG1258,2018-10-21,36-45,2018,2018-10
LIC101013,32,Male,Kochi,Kerala,Term,18000,217000,25,Monthly,Active,Not Claimed,0,AG1276,2024-03-02,26-35,2024,2024-03
LIC101014,18,Female,Chandigarh,Chandigarh,Money Back,46900,844000,12,Half-Yearly,Active,Not Claimed,0,AG1289,2026-01-03,18-25,2026,2026-01
LIC101015,31,Male,Hyderabad,Telangana,Term,17700,380000,12,Quarterly,Active,Not Claimed,0,AG1014,2022-09-17,26-35,2022,2022-09
LIC101016,47,Male,Chandigarh,Chandigarh,Term,21600,385000,20,Monthly,Active,Not Claimed,0,AG1055,2018-03-26,46-55,2018,2018-03
LIC101017,49,Male,Varanasi,Uttar Pradesh,Term,13700,206000,10,Half-Yearly,Lapsed,Not Claimed,0,AG1293,2018-10-20,46-55,2018,2018-10
LIC101018,46,Male,Jaipur,Rajasthan,Pension,53300,1012000,25,Quarterly,Active,Not Claimed,0,AG1216,2024-09-03,46-55,2024,2024-09
LIC101019,41,Female,Chandigarh,Chandigarh,Term,11000,115000,15,Quarterly,Active,Not Claimed,0,AG1084,2021-03-07,36-45,2021,2021-03
LIC101020,53,Female,Varanasi,Uttar Pradesh,Term,18900,384000,12,Half-Yearly,Active,Not Claimed,0,AG1161,2019-02-15,46-55,2019,2019-02
LIC101021,35,Male,Ahmedabad,Gujarat,Endowment,42800,850000,20,Half-Yearly,Active,Not Claimed,0,AG1228,2019-05-24,26-35,2019,2019-05
LIC101022,51,Male,Chandigarh,Chandigarh,Pension,70900,1187000,12,Quarterly,Active,Not Claimed,0,AG1084,2019-09-10,46-55,2019,2019-09
LIC101023,35,Female,Hyderabad,Telangana,Endowment,31800,405000,30,Half-Yearly,Active,Not Claimed,0,AG1198,2020-12-16,26-35,2020,2020-12
LIC101024,29,Male,Mumbai,Maharashtra,Endowment,46600,1005000,30,Yearly,Matured,Claimed,430000,AG1200,2023-11-10,26-35,2023,2023-11
LIC101025,28,Male,Indore,Madhya Pradesh,Term,27200,454000,20,Monthly,Active,Not Claimed,0,AG1179,2020-02-23,26-35,2020,2020-02
LIC101026,27,Female,Coimbatore,Tamil Nadu,Money Back,30100,271000,10,Half-Yearly,Matured,Claimed,153000,AG1189,2021-10-25,26-35,2021,2021-10
LIC101027,46,Male,Coimbatore,Tamil Nadu,Money Back,26400,623000,12,Monthly,Active,Not Claimed,0,AG1156,2025-03-03,46-55,2025,2025-03
LIC101028,31,Female,Chandigarh,Chandigarh,Money Back,39000,821000,15,Monthly,Active,Not Claimed,0,AG1228,2021-12-06,26-35,2021,2021-12
LIC101029,28,Male,Indore,Madhya Pradesh,Endowment,30100,540000,25,Half-Yearly,Active,Not Claimed,0,AG1172,2020-02-10,26-35,2020,2020-02
LIC101030,47,Female,Kanpur,Uttar Pradesh,Endowment,38200,589000,10,Yearly,Active,Not Claimed,0,AG1211,2023-05-31,46-55,2023,2023-05
LIC101031,43,Male,Ahmedabad,Gujarat,Term,25500,620000,10,Yearly,Active,Not Claimed,0,AG1057,2024-02-19,36-45,2024,2024-02
LIC101032,50,Male,Coimbatore,Tamil Nadu,Endowment,83800,1774000,10,Monthly,Matured,Claimed,1687000,AG1154,2021-02-14,46-55,2021,2021-02
LIC101033,45,Male,Kochi,Kerala,Term,15200,260000,15,Quarterly,Lapsed,Not Claimed,0,AG1025,2019-12-08,36-45,2019,2019-12
LIC101034,31,Male,Mumbai,Maharashtra,ULIP,42300,808000,25,Half-Yearly,Active,Not Claimed,0,AG1271,2025-06-10,26-35,2025,2025-06
LIC101035,40,Male,Nagpur,Maharashtra,Micro Insurance,5600,100000,5,Monthly,Active,Not Claimed,0,AG1202,2021-07-22,36-45,2021,2021-07
LIC101036,40,Male,Coimbatore,Tamil Nadu,Micro Insurance,5500,100000,10,Yearly,Matured,Not Claimed,0,AG1098,2026-01-30,36-45,2026,2026-01
LIC101037,29,Male,Surat,Gujarat,Pension,82500,1043000,20,Yearly,Lapsed,Not Claimed,0,AG1077,2026-07-05,26-35,2026,2026-07
LIC101038,27,Female,Kochi,Kerala,Whole Life,25900,336000,25,Yearly,Active,Not Claimed,0,AG1111,2019-09-16,26-35,2019,2019-09
LIC101039,32,Male,Delhi,Delhi,Whole Life,26900,553000,20,Monthly,Active,Not Claimed,0,AG1123,2020-01-11,26-35,2020,2020-01
LIC101040,61,Male,Chandigarh,Chandigarh,Endowment,86600,899000,20,Monthly,Active,Not Claimed,0,AG1054,2018-07-16,56-65,2018,2018-07
LIC101041,34,Male,Kochi,Kerala,Whole Life,35300,749000,10,Yearly,Active,Not Claimed,0,AG1206,2024-05-26,26-35,2024,2024-05
LIC101042,53,Male,Pune,Maharashtra,Money Back,57700,975000,15,Yearly,Active,Claimed,517000,AG1167,2022-02-18,46-55,2022,2022-02
LIC101043,34,Male,Coimbatore,Tamil Nadu,Money Back,27900,406000,30,Yearly,Active,Not Claimed,0,AG1276,2020-02-05,26-35,2020,2020-02
LIC101044,49,Male,Chennai,Tamil Nadu,ULIP,52400,687000,30,Monthly,Active,Not Claimed,0,AG1089,2021-12-05,46-55,2021,2021-12
LIC101045,49,Female,Mumbai,Maharashtra,Endowment,36700,614000,20,Half-Yearly,Active,Not Claimed,0,AG1011,2021-12-17,46-55,2021,2021-12
LIC101046,49,Male,Ahmedabad,Gujarat,Endowment,61400,823000,20,Half-Yearly,Active,Not Claimed,0,AG1052,2021-08-14,46-55,2021,2021-08
LIC101047,43,Male,Hyderabad,Telangana,Pension,74100,1134000,30,Monthly,Surrendered,Not Claimed,0,AG1213,2026-07-11,36-45,2026,2026-07
LIC101048,54,Female,Bengaluru,Karnataka,Term,18700,385000,15,Half-Yearly,Surrendered,Not Claimed,0,AG1054,2020-10-07,46-55,2020,2020-10
LIC101049,43,Female,Lucknow,Uttar Pradesh,Money Back,35600,664000,10,Half-Yearly,Active,Not Claimed,0,AG1247,2018-03-29,36-45,2018,2018-03
LIC101050,58,Male,Lucknow,Uttar Pradesh,Pension,56000,1160000,20,Monthly,Active,Not Claimed,0,AG1069,2018-06-25,56-65,2018,2018-06
LIC101051,21,Female,Coimbatore,Tamil Nadu,Whole Life,19500,392000,30,Quarterly,Active,Not Claimed,0,AG1007,2026-02-22,18-25,2026,2026-02
LIC101052,43,Male,Nagpur,Maharashtra,Money Back,32700,715000,20,Yearly,Active,Not Claimed,0,AG1140,2024-05-14,36-45,2024,2024-05
LIC101053,42,Female,Delhi,Delhi,Endowment,56500,646000,20,Half-Yearly,Active,Not Claimed,0,AG1224,2021-09-28,36-45,2021,2021-09
LIC101054,29,Male,Mumbai,Maharashtra,Endowment,32900,820000,15,Yearly,Active,Not Claimed,0,AG1069,2021-08-13,26-35,2021,2021-08
LIC101055,45,Female,Kochi,Kerala,Pension,55200,888000,10,Quarterly,Active,Not Claimed,0,AG1204,2024-10-07,36-45,2024,2024-10
LIC101056,23,Other,Hyderabad,Telangana,Money Back,25000,505000,10,Quarterly,Active,Not Claimed,0,AG1121,2021-12-10,18-25,2021,2021-12
LIC101057,32,Male,Ahmedabad,Gujarat,Money Back,34600,675000,30,Single Premium,Active,Not Claimed,0,AG1292,2023-01-17,26-35,2023,2023-01
LIC101058,18,Male,Mumbai,Maharashtra,Term,15400,271000,15,Yearly,Lapsed,Not Claimed,0,AG1277,2018-02-02,18-25,2018,2018-02
LIC101059,56,Male,Bengaluru,Karnataka,Term,16000,399000,5,Monthly,Active,Not Claimed,0,AG1254,2020-11-17,56-65,2020,2020-11
LIC101060,36,Male,Ahmedabad,Gujarat,Micro Insurance,7600,100000,30,Yearly,Active,Not Claimed,0,AG1147,2018-07-28,36-45,2018,2018-07
LIC101061,63,Male,Surat,Gujarat,Endowment,71100,1079000,15,Monthly,Active,Not Claimed,0,AG1003,2025-04-03,56-65,2025,2025-04
LIC101062,48,Male,Kolkata,West Bengal,Whole Life,26400,269000,25,Monthly,Active,Not Claimed,0,AG1188,2022-06-06,46-55,2022,2022-06
LIC101063,44,Male,Bengaluru,Karnataka,Term,18800,209000,15,Quarterly,Active,Not Claimed,0,AG1100,2018-09-05,36-45,2018,2018-09
LIC101064,33,Male,Coimbatore,Tamil Nadu,Whole Life,30400,612000,10,Quarterly,Lapsed,Not Claimed,0,AG1157,2025-12-04,26-35,2025,2025-12
LIC101065,27,Male,Mumbai,Maharashtra,Pension,28900,234000,20,Yearly,Active,Not Claimed,0,AG1202,2021-10-13,26-35,2021,2021-10
LIC101066,45,Male,Surat,Gujarat,Money Back,27300,631000,30,Yearly,Lapsed,Not Claimed,0,AG1185,2020-02-29,36-45,2020,2020-02
LIC101067,38,Male,Ahmedabad,Gujarat,Term,26700,501000,5,Single Premium,Active,Not Claimed,0,AG1040,2018-01-18,36-45,2018,2018-01
LIC101068,24,Female,Delhi,Delhi,Money Back,26700,414000,25,Yearly,Active,Claimed,294000,AG1203,2024-03-10,18-25,2024,2024-03
LIC101069,22,Male,Bengaluru,Karnataka,ULIP,74000,1009000,12,Quarterly,Active,Not Claimed,0,AG1147,2022-10-13,18-25,2022,2022-10
LIC101070,28,Male,Nagpur,Maharashtra,Endowment,28800,292000,15,Yearly,Active,Not Claimed,0,AG1242,2025-01-05,26-35,2025,2025-01
LIC101071,59,Female,Nagpur,Maharashtra,Pension,74300,1758000,15,Single Premium,Active,Not Claimed,0,AG1179,2021-01-22,56-65,2021,2021-01
LIC101072,63,Female,Patna,Bihar,Whole Life,36700,738000,25,Yearly,Matured,Claimed,414000,AG1049,2020-05-06,56-65,2020,2020-05
LIC101073,41,Male,Kanpur,Uttar Pradesh,Pension,49100,674000,15,Yearly,Active,Not Claimed,0,AG1180,2026-02-17,36-45,2026,2026-02
LIC101074,41,Female,Chennai,Tamil Nadu,Whole Life,54100,498000,15,Single Premium,Active,Not Claimed,0,AG1150,2025-10-25,36-45,2025,2025-10
LIC101075,35,Male,Varanasi,Uttar Pradesh,Term,12700,172000,20,Monthly,Matured,Not Claimed,0,AG1239,2020-11-06,26-35,2020,2020-11
LIC101076,29,Female,Kolkata,West Bengal,Endowment,49600,552000,5,Yearly,Active,Not Claimed,0,AG1208,2021-06-16,26-35,2021,2021-06
LIC101077,54,Male,Nagpur,Maharashtra,Endowment,60200,1286000,10,Yearly,Active,Not Claimed,0,AG1209,2025-01-19,46-55,2025,2025-01
LIC101078,60,Male,Kanpur,Uttar Pradesh,Pension,159600,3229000,5,Single Premium,Active,Not Claimed,0,AG1247,2022-08-18,56-65,2022,2022-08
LIC101079,29,Male,Kochi,Kerala,ULIP,38500,634000,20,Monthly,Active,Not Claimed,0,AG1007,2024-02-03,26-35,2024,2024-02
LIC101080,38,Female,Hyderabad,Telangana,Whole Life,26100,602000,15,Half-Yearly,Active,Not Claimed,0,AG1119,2018-10-25,36-45,2018,2018-10
LIC101081,34,Male,Lucknow,Uttar Pradesh,Endowment,52800,585000,25,Yearly,Active,Not Claimed,0,AG1031,2020-12-22,26-35,2020,2020-12
LIC101082,34,Male,Hyderabad,Telangana,Term,17000,267000,15,Monthly,Active,Not Claimed,0,AG1007,2020-09-24,26-35,2020,2020-09
LIC101083,52,Male,Mumbai,Maharashtra,ULIP,55000,1104000,10,Half-Yearly,Active,Not Claimed,0,AG1235,2025-10-15,46-55,2025,2025-10
LIC101084,25,Female,Coimbatore,Tamil Nadu,Money Back,47100,431000,20,Monthly,Active,Not Claimed,0,AG1281,2024-08-07,18-25,2024,2024-08
LIC101085,44,Female,Kanpur,Uttar Pradesh,Endowment,43200,619000,12,Quarterly,Active,Not Claimed,0,AG1289,2025-04-17,36-45,2025,2025-04
LIC101086,47,Male,Coimbatore,Tamil Nadu,Whole Life,26700,473000,25,Quarterly,Active,Not Claimed,0,AG1095,2024-05-04,46-55,2024,2024-05
LIC101087,37,Male,Chennai,Tamil Nadu,Term,22600,322000,12,Half-Yearly,Matured,Claimed,125000,AG1038,2019-05-15,36-45,2019,2019-05
LIC101088,49,Male,Kochi,Kerala,Endowment,54500,881000,10,Quarterly,Active,Not Claimed,0,AG1126,2020-07-02,46-55,2020,2020-07
LIC101089,41,Male,Delhi,Delhi,Money Back,35400,649000,15,Half-Yearly,Lapsed,Not Claimed,0,AG1260,2018-08-05,36-45,2018,2018-08
LIC101090,52,Female,Mumbai,Maharashtra,Term,19600,280000,10,Quarterly,Active,Not Claimed,0,AG1176,2019-10-08,46-55,2019,2019-10
LIC101091,22,Male,Surat,Gujarat,Micro Insurance,4600,100000,5,Monthly,Active,Not Claimed,0,AG1101,2020-10-01,18-25,2020,2020-10
LIC101092,35,Male,Kolkata,West Bengal,Endowment,51500,534000,15,Monthly,Active,Not Claimed,0,AG1193,2021-08-02,26-35,2021,2021-08
LIC101093,38,Male,Varanasi,Uttar Pradesh,Term,16900,287000,10,Monthly,Lapsed,Not Claimed,0,AG1081,2025-02-06,36-45,2025,2025-02
LIC101094,18,Male,Patna,Bihar,Endowment,33900,372000,5,Half-Yearly,Active,Not Claimed,0,AG1061,2025-08-02,18-25,2025,2025-08
LIC101095,27,Male,Lucknow,Uttar Pradesh,ULIP,36300,840000,12,Yearly,Lapsed,Not Claimed,0,AG1129,2022-09-18,26-35,2022,2022-09
LIC101096,30,Male,Delhi,Delhi,Endowment,46900,1040000,15,Monthly,Surrendered,Not Claimed,0,AG1006,2020-08-25,26-35,2020,2020-08
LIC101097,49,Male,Bengaluru,Karnataka,Money Back,36500,509000,15,Monthly,Active,Not Claimed,0,AG1021,2025-07-03,46-55,2025,2025-07
LIC101098,31,Male,Bhopal,Madhya Pradesh,Term,10200,226000,10,Yearly,Active,Not Claimed,0,AG1195,2020-02-23,26-35,2020,2020-02
LIC101099,30,Male,Varanasi,Uttar Pradesh,Term,12900,220000,20,Quarterly,Active,Not Claimed,0,AG1028,2020-07-10,26-35,2020,2020-07
LIC101100,48,Male,Kolkata,West Bengal,Money Back,39000,417000,20,Single Premium,Active,Not Claimed,0,AG1140,2022-01-12,46-55,2022,2022-01
LIC101101,21,Male,Kolkata,West Bengal,Pension,45300,835000,20,Yearly,Active,Not Claimed,0,AG1235,2022-09-17,18-25,2022,2022-09
LIC101102,18,Female,Pune,Maharashtra,Pension,44800,876000,15,Quarterly,Matured,Not Claimed,0,AG1093,2026-05-27,18-25,2026,2026-05
LIC101103,35,Male,Jaipur,Rajasthan,Term,16200,153000,10,Quarterly,Active,Not Claimed,0,AG1137,2023-09-06,26-35,2023,2023-09
LIC101104,23,Male,Delhi,Delhi,Money Back,23800,318000,15,Half-Yearly,Active,Not Claimed,0,AG1082,2022-02-24,18-25,2022,2022-02
LIC101105,23,Female,Bhopal,Madhya Pradesh,Pension,37600,304000,25,Monthly,Active,Not Claimed,0,AG1253,2024-04-28,18-25,2024,2024-04
LIC101106,45,Female,Bengaluru,Karnataka,Endowment,65500,876000,15,Monthly,Matured,Not Claimed,0,AG1228,2019-10-09,36-45,2019,2019-10
LIC101107,49,Male,Varanasi,Uttar Pradesh,Pension,74900,1026000,10,Monthly,Active,Not Claimed,0,AG1235,2025-06-29,46-55,2025,2025-06
LIC101108,48,Male,Bhopal,Madhya Pradesh,Term,24500,458000,10,Yearly,Matured,Not Claimed,0,AG1035,2025-01-13,46-55,2025,2025-01
LIC101109,51,Male,Chandigarh,Chandigarh,Pension,65600,747000,30,Half-Yearly,Surrendered,Not Claimed,0,AG1127,2021-02-07,46-55,2021,2021-02
LIC101110,53,Male,Lucknow,Uttar Pradesh,ULIP,81500,694000,20,Monthly,Active,Not Claimed,0,AG1259,2021-12-27,46-55,2021,2021-12
LIC101111,18,Male,Nagpur,Maharashtra,Pension,35100,469000,12,Yearly,Active,Not Claimed,0,AG1128,2022-02-11,18-25,2022,2022-02
LIC101112,44,Female,Chandigarh,Chandigarh,Whole Life,33500,738000,12,Quarterly,Active,Not Claimed,0,AG1053,2019-09-16,36-45,2019,2019-09
LIC101113,33,Female,Kochi,Kerala,Endowment,30700,454000,25,Half-Yearly,Active,Not Claimed,0,AG1100,2022-06-25,26-35,2022,2022-06
LIC101114,31,Male,Coimbatore,Tamil Nadu,Pension,35200,530000,10,Monthly,Active,Not Claimed,0,AG1194,2022-12-15,26-35,2022,2022-12
LIC101115,45,Male,Chandigarh,Chandigarh,Endowment,52100,832000,15,Half-Yearly,Active,Not Claimed,0,AG1240,2018-09-24,36-45,2018,2018-09
LIC101116,20,Male,Nagpur,Maharashtra,Endowment,54700,1137000,20,Single Premium,Active,Not Claimed,0,AG1249,2020-02-17,18-25,2020,2020-02
LIC101117,20,Male,Jaipur,Rajasthan,Whole Life,28400,459000,15,Monthly,Active,Not Claimed,0,AG1293,2019-10-30,18-25,2019,2019-10
LIC101118,46,Male,Ahmedabad,Gujarat,ULIP,93400,892000,5,Quarterly,Active,Not Claimed,0,AG1207,2018-02-23,46-55,2018,2018-02
LIC101119,44,Female,Delhi,Delhi,Pension,56400,649000,10,Monthly,Active,Not Claimed,0,AG1101,2025-09-22,36-45,2025,2025-09
LIC101120,41,Male,Indore,Madhya Pradesh,Endowment,36200,405000,25,Monthly,Active,Not Claimed,0,AG1215,2019-01-30,36-45,2019,2019-01
LIC101121,29,Female,Hyderabad,Telangana,ULIP,38400,639000,15,Quarterly,Lapsed,Not Claimed,0,AG1300,2019-05-27,26-35,2019,2019-05
LIC101122,47,Female,Jaipur,Rajasthan,ULIP,79100,673000,20,Yearly,Active,Not Claimed,0,AG1064,2020-03-11,46-55,2020,2020-03
LIC101123,46,Female,Patna,Bihar,Term,21100,271000,15,Yearly,Active,Not Claimed,0,AG1239,2018-11-21,46-55,2018,2018-11
LIC101124,40,Male,Nagpur,Maharashtra,Endowment,53800,986000,30,Monthly,Lapsed,Not Claimed,0,AG1124,2018-04-06,36-45,2018,2018-04
LIC101125,26,Male,Chennai,Tamil Nadu,Endowment,20000,281000,25,Half-Yearly,Surrendered,Not Claimed,0,AG1006,2023-07-20,26-35,2023,2023-07
LIC101126,34,Male,Indore,Madhya Pradesh,Endowment,45000,901000,15,Half-Yearly,Active,Not Claimed,0,AG1225,2018-06-23,26-35,2018,2018-06
LIC101127,48,Male,Delhi,Delhi,Micro Insurance,6000,100000,12,Half-Yearly,Active,Not Claimed,0,AG1149,2018-12-10,46-55,2018,2018-12
LIC101128,54,Male,Kolkata,West Bengal,Whole Life,24900,614000,20,Quarterly,Active,Not Claimed,0,AG1057,2024-03-02,46-55,2024,2024-03
LIC101129,35,Male,Patna,Bihar,Whole Life,29500,720000,20,Monthly,Active,Not Claimed,0,AG1156,2018-02-24,26-35,2018,2018-02
LIC101130,36,Male,Pune,Maharashtra,Micro Insurance,8200,177000,15,Half-Yearly,Matured,Not Claimed,0,AG1085,2022-11-06,36-45,2022,2022-11
LIC101131,37,Male,Kochi,Kerala,Endowment,81100,1965000,25,Quarterly,Active,Not Claimed,0,AG1024,2019-12-11,36-45,2019,2019-12
LIC101132,42,Female,Lucknow,Uttar Pradesh,ULIP,60300,692000,10,Yearly,Lapsed,Not Claimed,0,AG1115,2024-03-23,36-45,2024,2024-03
LIC101133,33,Male,Chennai,Tamil Nadu,Endowment,34400,714000,15,Yearly,Active,Not Claimed,0,AG1092,2022-06-29,26-35,2022,2022-06
LIC101134,18,Male,Jaipur,Rajasthan,Pension,38700,521000,20,Monthly,Active,Claimed,178000,AG1191,2022-12-20,18-25,2022,2022-12
LIC101135,52,Male,Pune,Maharashtra,Term,28400,577000,12,Monthly,Active,Not Claimed,0,AG1022,2022-09-10,46-55,2022,2022-09
LIC101136,59,Female,Delhi,Delhi,Pension,46800,672000,15,Yearly,Active,Not Claimed,0,AG1034,2024-06-07,56-65,2024,2024-06
LIC101137,32,Male,Chandigarh,Chandigarh,Endowment,50000,646000,30,Half-Yearly,Active,Not Claimed,0,AG1249,2018-08-08,26-35,2018,2018-08
LIC101138,27,Male,Kolkata,West Bengal,Endowment,45600,1108000,20,Yearly,Active,Not Claimed,0,AG1037,2026-05-10,26-35,2026,2026-05
LIC101139,37,Male,Pune,Maharashtra,ULIP,56000,648000,30,Monthly,Active,Not Claimed,0,AG1297,2019-03-04,36-45,2019,2019-03
LIC101140,37,Female,Bhopal,Madhya Pradesh,Endowment,27700,579000,20,Half-Yearly,Lapsed,Not Claimed,0,AG1221,2018-05-21,36-45,2018,2018-05
LIC101141,50,Female,Lucknow,Uttar Pradesh,Whole Life,32000,623000,20,Half-Yearly,Active,Not Claimed,0,AG1226,2024-11-07,46-55,2024,2024-11
LIC101142,40,Male,Pune,Maharashtra,Money Back,25400,334000,20,Yearly,Lapsed,Not Claimed,0,AG1299,2023-05-22,36-45,2023,2023-05
LIC101143,30,Male,Ahmedabad,Gujarat,ULIP,44100,696000,10,Monthly,Active,Not Claimed,0,AG1278,2024-01-02,26-35,2024,2024-01
LIC101144,24,Male,Delhi,Delhi,Endowment,54300,566000,15,Monthly,Lapsed,Not Claimed,0,AG1021,2026-04-05,18-25,2026,2026-04
LIC101145,49,Male,Bhopal,Madhya Pradesh,Term,29700,703000,12,Quarterly,Surrendered,Not Claimed,0,AG1052,2025-01-17,46-55,2025,2025-01
LIC101146,46,Female,Indore,Madhya Pradesh,Endowment,50500,1235000,30,Yearly,Active,Not Claimed,0,AG1260,2018-06-07,46-55,2018,2018-06
LIC101147,51,Female,Hyderabad,Telangana,Money Back,36600,749000,12,Single Premium,Matured,Claimed,518000,AG1208,2018-04-15,46-55,2018,2018-04
LIC101148,28,Female,Lucknow,Uttar Pradesh,Term,28100,631000,12,Single Premium,Active,Not Claimed,0,AG1007,2025-08-21,26-35,2025,2025-08
LIC101149,59,Male,Indore,Madhya Pradesh,Endowment,45900,432000,20,Single Premium,Lapsed,Not Claimed,0,AG1169,2026-01-16,56-65,2026,2026-01
LIC101150,20,Male,Chandigarh,Chandigarh,Endowment,30600,445000,15,Monthly,Active,Not Claimed,0,AG1138,2023-05-04,18-25,2023,2023-05
LIC101151,47,Male,Nagpur,Maharashtra,Term,25000,341000,5,Monthly,Active,Not Claimed,0,AG1190,2018-10-16,46-55,2018,2018-10
LIC101152,18,Female,Delhi,Delhi,Money Back,40900,720000,10,Monthly,Active,Claimed,595000,AG1140,2019-09-24,18-25,2019,2019-09
LIC101153,30,Female,Patna,Bihar,Pension,41200,458000,20,Quarterly,Active,Not Claimed,0,AG1156,2021-04-23,26-35,2021,2021-04
LIC101154,56,Male,Mumbai,Maharashtra,Term,23200,408000,15,Yearly,Active,Not Claimed,0,AG1058,2021-05-25,56-65,2021,2021-05
LIC101155,48,Male,Coimbatore,Tamil Nadu,Money Back,47100,901000,10,Yearly,Surrendered,Not Claimed,0,AG1184,2020-11-20,46-55,2020,2020-11
LIC101156,33,Male,Chennai,Tamil Nadu,Whole Life,31800,326000,15,Monthly,Lapsed,Not Claimed,0,AG1254,2018-10-06,26-35,2018,2018-10
LIC101157,33,Male,Coimbatore,Tamil Nadu,Endowment,47800,489000,12,Half-Yearly,Active,Not Claimed,0,AG1146,2026-03-15,26-35,2026,2026-03
LIC101158,40,Female,Patna,Bihar,Whole Life,27600,237000,10,Yearly,Lapsed,Not Claimed,0,AG1185,2018-08-13,36-45,2018,2018-08
LIC101159,45,Male,Ahmedabad,Gujarat,Endowment,54500,1141000,30,Half-Yearly,Lapsed,Not Claimed,0,AG1178,2023-03-22,36-45,2023,2023-03
LIC101160,53,Female,Patna,Bihar,Money Back,44000,600000,15,Monthly,Active,Not Claimed,0,AG1127,2022-09-07,46-55,2022,2022-09
LIC101161,34,Male,Chennai,Tamil Nadu,Term,15800,187000,5,Quarterly,Active,Not Claimed,0,AG1045,2018-03-25,26-35,2018,2018-03
LIC101162,21,Female,Chandigarh,Chandigarh,Whole Life,28000,594000,30,Quarterly,Active,Not Claimed,0,AG1190,2022-05-11,18-25,2022,2022-05
LIC101163,41,Male,Hyderabad,Telangana,Whole Life,31300,327000,20,Half-Yearly,Matured,Not Claimed,0,AG1193,2023-11-10,36-45,2023,2023-11
LIC101164,34,Female,Ahmedabad,Gujarat,Term,12000,183000,12,Quarterly,Lapsed,Not Claimed,0,AG1055,2018-01-08,26-35,2018,2018-01
LIC101165,25,Male,Bengaluru,Karnataka,Endowment,35100,725000,15,Monthly,Active,Not Claimed,0,AG1294,2026-07-23,18-25,2026,2026-07
LIC101166,42,Male,Delhi,Delhi,Micro Insurance,6600,117000,25,Single Premium,Active,Not Claimed,0,AG1260,2022-07-13,36-45,2022,2022-07
LIC101167,37,Male,Surat,Gujarat,Endowment,29500,514000,15,Half-Yearly,Lapsed,Not Claimed,0,AG1015,2019-04-24,36-45,2019,2019-04
LIC101168,42,Male,Kolkata,West Bengal,Money Back,32800,350000,15,Half-Yearly,Matured,Not Claimed,0,AG1149,2018-04-18,36-45,2018,2018-04
LIC101169,29,Male,Mumbai,Maharashtra,Pension,93600,1037000,15,Single Premium,Lapsed,Not Claimed,0,AG1149,2021-07-18,26-35,2021,2021-07
LIC101170,44,Male,Chennai,Tamil Nadu,Whole Life,24200,433000,15,Monthly,Active,Not Claimed,0,AG1251,2024-04-03,36-45,2024,2024-04
LIC101171,25,Female,Surat,Gujarat,Money Back,32300,271000,20,Monthly,Active,Not Claimed,0,AG1254,2023-07-08,18-25,2023,2023-07
LIC101172,30,Male,Varanasi,Uttar Pradesh,ULIP,41200,938000,15,Yearly,Active,Not Claimed,0,AG1214,2026-04-18,26-35,2026,2026-04
LIC101173,36,Female,Coimbatore,Tamil Nadu,Pension,47000,656000,5,Quarterly,Active,Not Claimed,0,AG1108,2025-01-20,36-45,2025,2025-01
LIC101174,58,Female,Bengaluru,Karnataka,Money Back,36600,552000,20,Yearly,Lapsed,Not Claimed,0,AG1035,2022-06-16,56-65,2022,2022-06
LIC101175,48,Male,Varanasi,Uttar Pradesh,Money Back,38900,482000,10,Quarterly,Active,Not Claimed,0,AG1260,2019-09-21,46-55,2019,2019-09
LIC101176,51,Female,Patna,Bihar,Endowment,40900,937000,15,Monthly,Lapsed,Not Claimed,0,AG1227,2021-11-11,46-55,2021,2021-11
LIC101177,55,Male,Chandigarh,Chandigarh,Micro Insurance,10000,189000,20,Half-Yearly,Active,Not Claimed,0,AG1220,2021-05-27,46-55,2021,2021-05
LIC101178,75,Male,Indore,Madhya Pradesh,Whole Life,45400,710000,20,Monthly,Lapsed,Not Claimed,0,AG1140,2022-01-28,66+,2022,2022-01
LIC101179,39,Male,Patna,Bihar,Term,14200,255000,15,Yearly,Active,Not Claimed,0,AG1054,2026-04-28,36-45,2026,2026-04
LIC101180,55,Female,Delhi,Delhi,Pension,75300,1089000,20,Yearly,Active,Claimed,958000,AG1286,2021-03-18,46-55,2021,2021-03
LIC101181,50,Male,Jaipur,Rajasthan,Money Back,32500,517000,10,Single Premium,Active,Not Claimed,0,AG1265,2021-10-12,46-55,2021,2021-10
LIC101182,50,Male,Delhi,Delhi,Term,13700,193000,20,Yearly,Active,Not Claimed,0,AG1275,2026-07-20,46-55,2026,2026-07
LIC101183,59,Male,Jaipur,Rajasthan,Money Back,46300,694000,25,Monthly,Matured,Not Claimed,0,AG1110,2023-10-03,56-65,2023,2023-10
LIC101184,34,Female,Jaipur,Rajasthan,Endowment,71600,956000,25,Yearly,Active,Not Claimed,0,AG1045,2021-03-08,26-35,2021,2021-03
LIC101185,34,Male,Ahmedabad,Gujarat,Pension,28800,268000,20,Yearly,Active,Not Claimed,0,AG1279,2022-08-21,26-35,2022,2022-08
LIC101186,43,Female,Chandigarh,Chandigarh,Endowment,31700,274000,12,Yearly,Lapsed,Not Claimed,0,AG1261,2023-02-25,36-45,2023,2023-02
LIC101187,37,Female,Mumbai,Maharashtra,Pension,60700,665000,10,Yearly,Matured,Claimed,178000,AG1212,2025-08-28,36-45,2025,2025-08
LIC101188,43,Male,Patna,Bihar,Money Back,33000,405000,15,Half-Yearly,Active,Not Claimed,0,AG1195,2019-03-03,36-45,2019,2019-03
LIC101189,56,Female,Ahmedabad,Gujarat,Term,26700,618000,15,Half-Yearly,Matured,Not Claimed,0,AG1119,2024-12-20,56-65,2024,2024-12
LIC101190,34,Female,Lucknow,Uttar Pradesh,Micro Insurance,4700,100000,10,Half-Yearly,Active,Not Claimed,0,AG1194,2021-08-08,26-35,2021,2021-08
LIC101191,36,Male,Hyderabad,Telangana,Money Back,37900,921000,30,Quarterly,Active,Not Claimed,0,AG1043,2024-07-21,36-45,2024,2024-07
LIC101192,41,Male,Bengaluru,Karnataka,Endowment,73400,1011000,25,Monthly,Active,Not Claimed,0,AG1258,2019-05-26,36-45,2019,2019-05
LIC101193,36,Male,Bengaluru,Karnataka,Money Back,26100,387000,5,Half-Yearly,Active,Not Claimed,0,AG1176,2019-03-17,36-45,2019,2019-03
LIC101194,18,Male,Kochi,Kerala,Pension,63900,1293000,15,Monthly,Active,Not Claimed,0,AG1296,2022-11-05,18-25,2022,2022-11
LIC101195,33,Male,Kolkata,West Bengal,Endowment,50800,905000,20,Monthly,Active,Not Claimed,0,AG1099,2022-07-14,26-35,2022,2022-07
LIC101196,47,Male,Bhopal,Madhya Pradesh,Term,13600,231000,12,Monthly,Active,Not Claimed,0,AG1196,2020-07-10,46-55,2020,2020-07
LIC101197,55,Male,Bhopal,Madhya Pradesh,Term,26100,464000,15,Half-Yearly,Lapsed,Not Claimed,0,AG1117,2023-07-20,46-55,2023,2023-07
LIC101198,26,Female,Coimbatore,Tamil Nadu,Endowment,42900,769000,15,Quarterly,Active,Not Claimed,0,AG1164,2025-08-01,26-35,2025,2025-08
LIC101199,26,Male,Pune,Maharashtra,ULIP,53300,1120000,10,Yearly,Surrendered,Not Claimed,0,AG1296,2024-03-25,26-35,2024,2024-03
LIC101200,39,Female,Delhi,Delhi,Money Back,41500,803000,20,Quarterly,Lapsed,Not Claimed,0,AG1125,2026-05-03,36-45,2026,2026-05
LIC101201,18,Male,Bhopal,Madhya Pradesh,Endowment,38100,925000,30,Half-Yearly,Active,Not Claimed,0,AG1289,2025-04-11,18-25,2025,2025-04
LIC101202,34,Male,Coimbatore,Tamil Nadu,Term,18400,444000,15,Quarterly,Active,Not Claimed,0,AG1147,2025-11-15,26-35,2025,2025-11
LIC101203,20,Female,Kolkata,West Bengal,Endowment,44900,681000,15,Yearly,Active,Not Claimed,0,AG1171,2021-01-18,18-25,2021,2021-01
LIC101204,54,Male,Bhopal,Madhya Pradesh,Pension,72600,625000,12,Quarterly,Lapsed,Not Claimed,0,AG1201,2020-02-29,46-55,2020,2020-02
LIC101205,31,Male,Chandigarh,Chandigarh,Endowment,27400,224000,25,Single Premium,Active,Not Claimed,0,AG1061,2019-01-31,26-35,2019,2019-01
LIC101206,57,Male,Chandigarh,Chandigarh,Micro Insurance,10900,110000,25,Single Premium,Active,Not Claimed,0,AG1141,2026-08-13,56-65,2026,2026-08
LIC101207,51,Male,Lucknow,Uttar Pradesh,Money Back,31100,288000,10,Yearly,Matured,Not Claimed,0,AG1170,2020-04-07,46-55,2020,2020-04
LIC101208,32,Female,Chandigarh,Chandigarh,Term,22300,320000,25,Single Premium,Active,Not Claimed,0,AG1225,2026-03-24,26-35,2026,2026-03
LIC101209,27,Female,Surat,Gujarat,Pension,49100,437000,10,Quarterly,Active,Not Claimed,0,AG1234,2019-07-19,26-35,2019,2019-07
LIC101210,37,Male,Bhopal,Madhya Pradesh,Money Back,25800,480000,10,Half-Yearly,Active,Not Claimed,0,AG1274,2024-01-13,36-45,2024,2024-01
LIC101211,38,Male,Kanpur,Uttar Pradesh,Whole Life,36000,404000,20,Yearly,Matured,Not Claimed,0,AG1221,2020-03-02,36-45,2020,2020-03
LIC101212,43,Male,Coimbatore,Tamil Nadu,Micro Insurance,5000,100000,15,Yearly,Matured,Not Claimed,0,AG1231,2019-05-18,36-45,2019,2019-05
LIC101213,30,Male,Ahmedabad,Gujarat,Term,24300,237000,15,Yearly,Active,Not Claimed,0,AG1113,2020-02-20,26-35,2020,2020-02
LIC101214,47,Male,Chandigarh,Chandigarh,Term,16900,373000,20,Yearly,Active,Not Claimed,0,AG1249,2018-11-30,46-55,2018,2018-11
LIC101215,42,Male,Kolkata,West Bengal,ULIP,37100,789000,10,Single Premium,Lapsed,Not Claimed,0,AG1048,2019-05-06,36-45,2019,2019-05
LIC101216,35,Male,Kanpur,Uttar Pradesh,Endowment,64500,940000,12,Quarterly,Lapsed,Not Claimed,0,AG1084,2022-06-19,26-35,2022,2022-06
LIC101217,31,Male,Pune,Maharashtra,Term,18900,444000,15,Yearly,Lapsed,Not Claimed,0,AG1164,2024-07-03,26-35,2024,2024-07
LIC101218,37,Male,Ahmedabad,Gujarat,Term,23500,262000,12,Yearly,Active,Not Claimed,0,AG1087,2023-08-11,36-45,2023,2023-08
LIC101219,30,Female,Kochi,Kerala,Term,14200,310000,5,Yearly,Matured,Claimed,257000,AG1173,2021-10-15,26-35,2021,2021-10
LIC101220,40,Male,Bhopal,Madhya Pradesh,ULIP,32500,562000,10,Quarterly,Active,Not Claimed,0,AG1145,2025-04-28,36-45,2025,2025-04
LIC101221,40,Female,Surat,Gujarat,Term,30500,415000,20,Yearly,Active,Not Claimed,0,AG1250,2024-02-13,36-45,2024,2024-02
LIC101222,42,Female,Jaipur,Rajasthan,Money Back,39000,368000,25,Yearly,Active,Not Claimed,0,AG1033,2024-05-05,36-45,2024,2024-05
LIC101223,58,Male,Indore,Madhya Pradesh,Whole Life,43900,479000,10,Monthly,Active,Not Claimed,0,AG1148,2023-12-11,56-65,2023,2023-12
LIC101224,38,Male,Surat,Gujarat,Endowment,52300,1186000,12,Half-Yearly,Matured,Not Claimed,0,AG1194,2019-07-06,36-45,2019,2019-07
LIC101225,50,Female,Lucknow,Uttar Pradesh,Term,19300,354000,20,Quarterly,Active,Not Claimed,0,AG1126,2021-05-27,46-55,2021,2021-05
LIC101226,42,Female,Kanpur,Uttar Pradesh,ULIP,60100,723000,30,Single Premium,Lapsed,Not Claimed,0,AG1129,2021-12-10,36-45,2021,2021-12
LIC101227,36,Female,Hyderabad,Telangana,Term,28500,468000,12,Half-Yearly,Active,Not Claimed,0,AG1163,2021-04-24,36-45,2021,2021-04
LIC101228,38,Male,Chandigarh,Chandigarh,ULIP,53400,525000,25,Monthly,Active,Not Claimed,0,AG1129,2025-03-20,36-45,2025,2025-03
LIC101229,38,Other,Hyderabad,Telangana,Pension,64700,626000,15,Quarterly,Active,Not Claimed,0,AG1171,2018-12-02,36-45,2018,2018-12
LIC101230,42,Male,Nagpur,Maharashtra,Endowment,26100,612000,30,Yearly,Active,Not Claimed,0,AG1075,2019-01-25,36-45,2019,2019-01
LIC101231,28,Female,Surat,Gujarat,Money Back,49300,778000,10,Monthly,Active,Not Claimed,0,AG1256,2024-06-09,26-35,2024,2024-06
LIC101232,23,Female,Hyderabad,Telangana,Money Back,23500,332000,30,Half-Yearly,Active,Not Claimed,0,AG1216,2026-02-09,18-25,2026,2026-02
LIC101233,46,Male,Jaipur,Rajasthan,Endowment,63100,1523000,15,Single Premium,Active,Not Claimed,0,AG1231,2025-12-06,46-55,2025,2025-12
LIC101234,49,Female,Coimbatore,Tamil Nadu,Pension,62500,924000,30,Yearly,Active,Not Claimed,0,AG1237,2022-08-30,46-55,2022,2022-08
LIC101235,47,Male,Kanpur,Uttar Pradesh,Pension,53500,734000,15,Monthly,Lapsed,Not Claimed,0,AG1096,2022-03-16,46-55,2022,2022-03
LIC101236,41,Female,Ahmedabad,Gujarat,Endowment,43800,554000,15,Single Premium,Active,Not Claimed,0,AG1183,2023-06-21,36-45,2023,2023-06
LIC101237,47,Male,Kochi,Kerala,Whole Life,32000,563000,20,Yearly,Active,Not Claimed,0,AG1121,2022-12-03,46-55,2022,2022-12
LIC101238,47,Female,Kochi,Kerala,Pension,43600,763000,20,Monthly,Active,Not Claimed,0,AG1195,2020-08-29,46-55,2020,2020-08
LIC101239,48,Male,Varanasi,Uttar Pradesh,Micro Insurance,6500,100000,20,Monthly,Matured,Not Claimed,0,AG1250,2018-08-14,46-55,2018,2018-08
LIC101240,30,Female,Hyderabad,Telangana,Money Back,66800,1277000,15,Monthly,Active,Not Claimed,0,AG1111,2023-01-19,26-35,2023,2023-01
LIC101241,27,Male,Bengaluru,Karnataka,Money Back,51800,1109000,20,Yearly,Active,Not Claimed,0,AG1072,2025-01-04,26-35,2025,2025-01
LIC101242,35,Male,Kochi,Kerala,Endowment,32900,608000,30,Monthly,Lapsed,Not Claimed,0,AG1052,2026-05-16,26-35,2026,2026-05
LIC101243,39,Male,Lucknow,Uttar Pradesh,Pension,54200,1235000,5,Monthly,Active,Not Claimed,0,AG1155,2018-01-29,36-45,2018,2018-01
LIC101244,36,Female,Hyderabad,Telangana,Term,18700,237000,20,Yearly,Active,Not Claimed,0,AG1195,2019-08-27,36-45,2019,2019-08
LIC101245,18,Male,Chandigarh,Chandigarh,Money Back,34600,390000,25,Half-Yearly,Surrendered,Claimed,287000,AG1026,2020-08-22,18-25,2020,2020-08
LIC101246,58,Male,Nagpur,Maharashtra,Endowment,40500,804000,20,Yearly,Active,Not Claimed,0,AG1227,2020-09-07,56-65,2020,2020-09
LIC101247,36,Male,Bengaluru,Karnataka,Endowment,48200,540000,20,Yearly,Active,Not Claimed,0,AG1209,2025-04-16,36-45,2025,2025-04
LIC101248,41,Female,Bhopal,Madhya Pradesh,Endowment,57100,545000,25,Monthly,Active,Not Claimed,0,AG1221,2026-05-13,36-45,2026,2026-05
LIC101249,53,Male,Indore,Madhya Pradesh,Micro Insurance,5800,100000,20,,Matured,Not Claimed,0,AG1286,2020-10-09,46-55,2020,2020-10
LIC101250,18,Male,Delhi,Delhi,Term,31100,655000,20,Monthly,Active,Not Claimed,0,AG1253,2022-07-17,18-25,2022,2022-07
LIC101251,33,Male,Bengaluru,Karnataka,Money Back,55100,468000,30,Half-Yearly,Active,Not Claimed,0,AG1102,2019-12-26,26-35,2019,2019-12
LIC101252,35,Male,Kolkata,West Bengal,Term,21000,271000,25,Yearly,Active,Not Claimed,0,AG1265,2024-11-24,26-35,2024,2024-11
LIC101253,35,Male,Patna,Bihar,Term,12700,129000,20,Monthly,Lapsed,Not Claimed,0,AG1176,2019-11-20,26-35,2019,2019-11
LIC101254,37,Male,Ahmedabad,Gujarat,Endowment,48100,1002000,10,Single Premium,Active,Not Claimed,0,AG1184,2024-06-20,36-45,2024,2024-06
LIC101255,55,Female,Bhopal,Madhya Pradesh,Money Back,48300,800000,12,Half-Yearly,Active,Not Claimed,0,AG1193,2020-06-27,46-55,2020,2020-06
LIC101256,46,Female,Hyderabad,Telangana,Endowment,54900,631000,15,Monthly,Active,Not Claimed,0,AG1195,2025-02-17,46-55,2025,2025-02
LIC101257,50,Male,Surat,Gujarat,Endowment,77400,1607000,20,Single Premium,Active,Not Claimed,0,AG1021,2026-03-09,46-55,2026,2026-03
LIC101258,40,Male,Chandigarh,Chandigarh,Term,18200,378000,12,Half-Yearly,Lapsed,Not Claimed,0,AG1286,2024-05-15,36-45,2024,2024-05
LIC101259,24,Female,Chennai,Tamil Nadu,Endowment,74500,1258000,10,Yearly,Active,Not Claimed,0,AG1057,2021-08-04,18-25,2021,2021-08
LIC101260,18,Male,Indore,Madhya Pradesh,Micro Insurance,6700,100000,12,Half-Yearly,Lapsed,Not Claimed,0,AG1055,2020-04-19,18-25,2020,2020-04
LIC101261,22,Female,Kochi,Kerala,Pension,44300,796000,20,Yearly,Active,Not Claimed,0,AG1002,2024-08-11,18-25,2024,2024-08
LIC101262,43,Male,Mumbai,Maharashtra,Endowment,90100,2151000,25,Monthly,Lapsed,Not Claimed,0,AG1022,2018-11-27,36-45,2018,2018-11
LIC101263,39,Male,Kanpur,Uttar Pradesh,Money Back,47600,423000,25,Quarterly,Active,Not Claimed,0,AG1141,2019-02-01,36-45,2019,2019-02
LIC101264,37,Male,Indore,Madhya Pradesh,Pension,43300,543000,15,Half-Yearly,Active,Not Claimed,0,AG1089,2023-01-19,36-45,2023,2023-01
LIC101265,35,Female,Lucknow,Uttar Pradesh,Term,18400,236000,15,Monthly,Surrendered,Claimed,159000,AG1299,2025-10-06,26-35,2025,2025-10
LIC101266,61,Male,Bhopal,Madhya Pradesh,Pension,75200,1409000,15,Yearly,Surrendered,Not Claimed,0,AG1075,2019-01-20,56-65,2019,2019-01
LIC101267,30,Male,Delhi,Delhi,Pension,46000,877000,15,Quarterly,Active,Not Claimed,0,AG1074,2023-01-23,26-35,2023,2023-01
LIC101268,49,Male,Bengaluru,Karnataka,Term,21800,251000,20,Quarterly,Active,Not Claimed,0,AG1236,2022-05-21,46-55,2022,2022-05
LIC101269,39,Female,Lucknow,Uttar Pradesh,Term,15000,175000,15,Monthly,Active,Not Claimed,0,AG1165,2025-02-18,36-45,2025,2025-02
LIC101270,38,Female,Delhi,Delhi,Micro Insurance,3900,100000,5,Yearly,Matured,Claimed,54000,AG1217,2026-06-29,36-45,2026,2026-06
LIC101271,52,Male,Indore,Madhya Pradesh,Money Back,44700,932000,15,Yearly,Active,Not Claimed,0,AG1291,2018-09-20,46-55,2018,2018-09
LIC101272,55,Male,Indore,Madhya Pradesh,Term,23200,554000,10,Quarterly,Active,Not Claimed,0,AG1019,2024-09-21,46-55,2024,2024-09
LIC101273,36,Female,Kochi,Kerala,Endowment,49300,1090000,5,Half-Yearly,Active,Not Claimed,0,AG1284,2020-08-01,36-45,2020,2020-08
LIC101274,48,Male,Bengaluru,Karnataka,Money Back,35400,525000,15,Monthly,Matured,Not Claimed,0,AG1188,2020-09-16,46-55,2020,2020-09
LIC101275,43,Male,Hyderabad,Telangana,Whole Life,22600,228000,10,Half-Yearly,Active,Not Claimed,0,AG1138,2020-12-02,36-45,2020,2020-12
LIC101276,39,Male,Nagpur,Maharashtra,ULIP,41600,778000,15,Monthly,Active,Not Claimed,0,AG1280,2022-11-21,36-45,2022,2022-11
LIC101277,41,Female,Varanasi,Uttar Pradesh,Micro Insurance,8600,120000,12,Half-Yearly,Active,Not Claimed,0,AG1202,2020-04-26,36-45,2020,2020-04
LIC101278,31,Male,Chandigarh,Chandigarh,Endowment,34800,530000,20,Yearly,Active,Not Claimed,0,AG1158,2020-11-25,26-35,2020,2020-11
LIC101279,36,Female,Bhopal,Madhya Pradesh,Money Back,32200,491000,30,Yearly,Active,Not Claimed,0,AG1233,2022-01-21,36-45,2022,2022-01
LIC101280,33,Male,Kanpur,Uttar Pradesh,Money Back,33000,789000,15,Quarterly,Matured,Claimed,604000,AG1115,2022-03-23,26-35,2022,2022-03
LIC101281,49,Male,Bhopal,Madhya Pradesh,Endowment,41200,378000,20,Yearly,Matured,Not Claimed,0,AG1225,2026-07-13,46-55,2026,2026-07
LIC101282,38,Female,Surat,Gujarat,Term,15400,174000,25,Half-Yearly,Active,Not Claimed,0,AG1045,2026-07-30,36-45,2026,2026-07
LIC101283,25,Male,Lucknow,Uttar Pradesh,Micro Insurance,4700,100000,15,Single Premium,Lapsed,Not Claimed,0,AG1217,2022-04-11,18-25,2022,2022-04
LIC101284,31,Male,Hyderabad,Telangana,Pension,71100,1637000,10,Quarterly,Active,Not Claimed,0,AG1118,2021-10-18,26-35,2021,2021-10
LIC101285,18,Male,Varanasi,Uttar Pradesh,Money Back,43600,1029000,12,Quarterly,Active,Not Claimed,0,AG1281,2026-01-01,18-25,2026,2026-01
LIC101286,34,Female,Kolkata,West Bengal,Whole Life,42500,744000,15,Yearly,Surrendered,Not Claimed,0,AG1102,2021-02-18,26-35,2021,2021-02
LIC101287,39,Female,Mumbai,Maharashtra,Endowment,66000,567000,20,Monthly,Active,Not Claimed,0,AG1132,2024-12-19,36-45,2024,2024-12
LIC101288,38,Female,Chandigarh,Chandigarh,Money Back,19300,273000,5,Monthly,Active,Not Claimed,0,AG1212,2024-01-15,36-45,2024,2024-01
LIC101289,61,Female,Bengaluru,Karnataka,Whole Life,43300,1023000,25,Monthly,Surrendered,Claimed,690000,AG1202,2021-07-04,56-65,2021,2021-07
LIC101290,45,Male,Indore,Madhya Pradesh,Money Back,34200,564000,10,Yearly,Active,Not Claimed,0,AG1287,2022-05-18,36-45,2022,2022-05
LIC101291,45,Male,Nagpur,Maharashtra,Micro Insurance,9200,187000,25,Monthly,Lapsed,Not Claimed,0,AG1147,2024-05-07,36-45,2024,2024-05
LIC101292,21,Female,Kochi,Kerala,Whole Life,24400,307000,30,Yearly,Matured,Not Claimed,0,AG1258,2023-06-06,18-25,2023,2023-06
LIC101293,35,Male,Chennai,Tamil Nadu,Endowment,31300,264000,30,Quarterly,Active,Not Claimed,0,AG1260,2018-11-09,26-35,2018,2018-11
LIC101294,34,Male,Kochi,Kerala,ULIP,34800,621000,20,Monthly,Active,Not Claimed,0,AG1294,2021-02-14,26-35,2021,2021-02
LIC101295,30,Male,Kolkata,West Bengal,Term,16500,366000,10,Quarterly,Active,Not Claimed,0,AG1033,2023-04-26,26-35,2023,2023-04
LIC101296,30,Male,Kanpur,Uttar Pradesh,Endowment,54300,1349000,20,Monthly,Active,Not Claimed,0,AG1018,2024-07-20,26-35,2024,2024-07
LIC101297,19,Female,Mumbai,Maharashtra,Endowment,45100,1010000,10,Half-Yearly,Active,Not Claimed,0,AG1160,2021-04-16,18-25,2021,2021-04
LIC101298,25,Male,Nagpur,Maharashtra,Endowment,30000,523000,25,Yearly,Lapsed,Not Claimed,0,AG1115,2023-12-05,18-25,2023,2023-12
LIC101299,49,Male,Surat,Gujarat,ULIP,111000,2037000,12,Half-Yearly,Active,Not Claimed,0,AG1208,2022-08-27,46-55,2022,2022-08
LIC101300,37,Other,Jaipur,Rajasthan,Money Back,44200,973000,12,Monthly,Active,Not Claimed,0,AG1161,2026-05-27,36-45,2026,2026-05
LIC101301,33,Male,Surat,Gujarat,ULIP,64600,539000,25,Yearly,Active,Not Claimed,0,AG1290,2022-11-14,26-35,2022,2022-11
LIC101302,39,Male,Chandigarh,Chandigarh,Money Back,54100,1308000,5,Yearly,Active,Not Claimed,0,AG1047,2018-06-23,36-45,2018,2018-06
LIC101303,52,Male,Chennai,Tamil Nadu,Endowment,31900,543000,10,Yearly,Matured,Not Claimed,0,AG1052,2020-01-19,46-55,2020,2020-01
LIC101304,39,Female,Bhopal,Madhya Pradesh,ULIP,42200,1021000,15,Yearly,Active,Not Claimed,0,AG1052,2024-01-12,36-45,2024,2024-01
LIC101305,45,Female,Kolkata,West Bengal,Endowment,59200,1243000,20,Monthly,Lapsed,Not Claimed,0,AG1171,2022-08-10,36-45,2022,2022-08
LIC101306,30,Female,Kolkata,West Bengal,Endowment,33500,355000,20,Yearly,Active,Not Claimed,0,AG1106,2025-03-27,26-35,2025,2025-03
LIC101307,32,Female,Patna,Bihar,Money Back,33300,360000,20,Quarterly,Active,Not Claimed,0,AG1098,2022-12-13,26-35,2022,2022-12
LIC101308,43,Male,Pune,Maharashtra,Endowment,45000,631000,25,Monthly,Active,Not Claimed,0,AG1209,2022-03-14,36-45,2022,2022-03
LIC101309,60,Female,Hyderabad,Telangana,Term,16400,205000,10,Yearly,Active,Not Claimed,0,AG1131,2024-06-15,56-65,2024,2024-06
LIC101310,55,Female,Nagpur,Maharashtra,Whole Life,33600,520000,15,Single Premium,Active,Claimed,147000,AG1222,2024-03-31,46-55,2024,2024-03
LIC101311,45,Male,Patna,Bihar,Money Back,52100,952000,20,Yearly,Active,Not Claimed,0,AG1223,2024-01-19,36-45,2024,2024-01
LIC101312,41,Male,Indore,Madhya Pradesh,Money Back,47300,729000,20,Monthly,Matured,Not Claimed,0,AG1127,2025-07-01,36-45,2025,2025-07
LIC101313,54,Female,Delhi,Delhi,Micro Insurance,10100,100000,15,Monthly,Active,Not Claimed,0,AG1126,2018-10-19,46-55,2018,2018-10
LIC101314,48,Female,Hyderabad,Telangana,Money Back,55200,1357000,5,Half-Yearly,Matured,Claimed,830000,AG1130,2018-05-07,46-55,2018,2018-05
LIC101315,18,Female,Varanasi,Uttar Pradesh,Pension,53800,819000,10,Yearly,Active,Not Claimed,0,AG1196,2025-07-03,18-25,2025,2025-07
LIC101316,27,Female,Chennai,Tamil Nadu,Term,19700,443000,10,Monthly,Active,Not Claimed,0,AG1044,2025-04-03,26-35,2025,2025-04
LIC101317,43,Male,Ahmedabad,Gujarat,Money Back,42400,393000,15,Yearly,Active,Not Claimed,0,AG1294,2021-01-22,36-45,2021,2021-01
LIC101318,19,Male,Varanasi,Uttar Pradesh,Pension,40300,877000,10,Quarterly,Active,Not Claimed,0,AG1188,2023-05-05,18-25,2023,2023-05
LIC101319,29,Male,Coimbatore,Tamil Nadu,Money Back,27000,296000,15,Yearly,Matured,Not Claimed,0,AG1244,2021-01-17,26-35,2021,2021-01
LIC101320,31,Male,Indore,Madhya Pradesh,Whole Life,24700,483000,10,Single Premium,Active,Not Claimed,0,AG1091,2024-09-01,26-35,2024,2024-09
LIC101321,36,Female,Nagpur,Maharashtra,Endowment,38800,747000,20,Quarterly,Active,Not Claimed,0,AG1015,2025-09-28,36-45,2025,2025-09
LIC101322,36,Male,Lucknow,Uttar Pradesh,Term,15200,357000,25,Quarterly,Active,Not Claimed,0,AG1182,2024-04-15,36-45,2024,2024-04
LIC101323,36,Male,Patna,Bihar,Money Back,40900,550000,15,Yearly,Active,Not Claimed,0,AG1062,2018-06-30,36-45,2018,2018-06
LIC101324,48,Male,Delhi,Delhi,Endowment,51400,506000,15,Half-Yearly,Lapsed,Not Claimed,0,AG1078,2020-12-20,46-55,2020,2020-12
LIC101325,36,Male,Jaipur,Rajasthan,Pension,53000,1203000,30,Yearly,Active,Not Claimed,0,AG1274,2021-03-16,36-45,2021,2021-03
LIC101326,35,Male,Chandigarh,Chandigarh,Endowment,46300,631000,15,Half-Yearly,Lapsed,Not Claimed,0,AG1251,2025-07-06,26-35,2025,2025-07
LIC101327,24,Male,Bengaluru,Karnataka,Micro Insurance,8400,100000,30,Monthly,Active,Not Claimed,0,AG1071,2022-12-06,18-25,2022,2022-12
LIC101328,50,Male,Pune,Maharashtra,Pension,56500,919000,10,Yearly,Matured,Claimed,231000,AG1024,2024-05-17,46-55,2024,2024-05
LIC101329,32,Male,Kolkata,West Bengal,Endowment,55700,584000,25,Monthly,Active,Not Claimed,0,AG1294,2022-05-09,26-35,2022,2022-05
LIC101330,27,Female,,West Bengal,Endowment,48500,633000,15,Single Premium,Active,Not Claimed,0,AG1134,2021-02-09,26-35,2021,2021-02
LIC101331,41,Male,Surat,Gujarat,Pension,70600,1027000,5,Monthly,Active,Not Claimed,0,AG1246,2022-09-07,36-45,2022,2022-09
LIC101332,31,Male,Chandigarh,Chandigarh,Micro Insurance,9400,120000,30,Yearly,Matured,Not Claimed,0,AG1202,2024-06-02,26-35,2024,2024-06
LIC101333,33,Male,Jaipur,Rajasthan,Money Back,42300,662000,30,Quarterly,Active,Not Claimed,0,AG1022,2019-11-22,26-35,2019,2019-11
LIC101334,42,Male,Bengaluru,Karnataka,Endowment,46900,682000,15,Quarterly,Active,Not Claimed,0,AG1161,2019-07-16,36-45,2019,2019-07
LIC101335,35,Male,Varanasi,Uttar Pradesh,Money Back,37000,783000,30,Quarterly,Active,Not Claimed,0,AG1215,2026-06-26,26-35,2026,2026-06
LIC101336,64,Female,Chandigarh,Chandigarh,Whole Life,35500,838000,10,Yearly,Active,Not Claimed,0,AG1046,2024-06-16,56-65,2024,2024-06
LIC101337,38,Female,Lucknow,Uttar Pradesh,Endowment,37800,367000,20,Half-Yearly,Active,Not Claimed,0,AG1105,2026-01-01,36-45,2026,2026-01
LIC101338,46,Male,Bengaluru,Karnataka,ULIP,75800,1667000,10,Yearly,Active,Not Claimed,0,AG1170,2019-01-25,46-55,2019,2019-01
LIC101339,18,Male,Kochi,Kerala,Term,13700,327000,12,Quarterly,Active,Not Claimed,0,AG1085,2023-08-16,18-25,2023,2023-08
LIC101340,30,Female,Kochi,Kerala,Term,28300,557000,20,Yearly,Active,Not Claimed,0,AG1077,2025-07-13,26-35,2025,2025-07
LIC101341,27,Female,Chandigarh,Chandigarh,Endowment,40300,1005000,15,Yearly,Active,Claimed,744000,AG1042,2026-05-17,26-35,2026,2026-05
LIC101342,29,Female,Bengaluru,Karnataka,Endowment,93600,1282000,5,Monthly,Lapsed,Not Claimed,0,AG1013,2019-06-14,26-35,2019,2019-06
LIC101343,44,Male,Bengaluru,Karnataka,Endowment,38300,847000,15,Quarterly,Matured,Not Claimed,0,AG1291,2018-06-08,36-45,2018,2018-06
LIC101344,50,Male,Pune,Maharashtra,Money Back,45600,887000,10,Half-Yearly,Matured,Not Claimed,0,AG1009,2022-08-07,46-55,2022,2022-08
LIC101345,43,Male,Indore,Madhya Pradesh,Endowment,41700,563000,20,Quarterly,Active,Not Claimed,0,AG1013,2020-08-09,36-45,2020,2020-08
LIC101346,37,Male,Surat,Gujarat,Term,14800,296000,10,Quarterly,Active,Not Claimed,0,AG1022,2021-05-03,36-45,2021,2021-05
LIC101347,32,Male,Jaipur,Rajasthan,Endowment,56600,943000,25,Yearly,Lapsed,Not Claimed,0,AG1040,2018-08-18,26-35,2018,2018-08
LIC101348,51,Male,Chennai,Tamil Nadu,Micro Insurance,5200,100000,12,Monthly,Active,Not Claimed,0,AG1127,2022-03-10,46-55,2022,2022-03
LIC101349,62,Male,Nagpur,Maharashtra,Endowment,46000,504000,15,Yearly,Active,Not Claimed,0,AG1169,2022-09-22,56-65,2022,2022-09
LIC101350,40,Female,Kolkata,West Bengal,Money Back,45000,906000,12,Single Premium,Matured,Claimed,401000,AG1263,2019-11-23,36-45,2019,2019-11
LIC101351,49,Female,Delhi,Delhi,Money Back,51800,1041000,20,Half-Yearly,Active,Not Claimed,0,AG1222,2018-05-13,46-55,2018,2018-05
LIC101352,43,Male,Patna,Bihar,Micro Insurance,4500,100000,10,Half-Yearly,Active,Not Claimed,0,AG1223,2020-08-06,36-45,2020,2020-08
LIC101353,47,Female,Jaipur,Rajasthan,Endowment,56500,934000,15,Monthly,Active,Not Claimed,0,AG1121,2022-10-10,46-55,2022,2022-10
LIC101354,26,Male,Bengaluru,Karnataka,Whole Life,31100,344000,15,Yearly,Active,Not Claimed,0,AG1222,2022-08-08,26-35,2022,2022-08
LIC101355,34,Female,Jaipur,Rajasthan,Whole Life,23200,355000,25,Quarterly,Active,Not Claimed,0,AG1079,2024-01-16,26-35,2024,2024-01
LIC101356,43,Male,Bengaluru,Karnataka,Whole Life,26400,602000,10,Half-Yearly,Matured,Claimed,209000,AG1099,2021-07-19,36-45,2021,2021-07
LIC101357,52,Male,Delhi,Delhi,Term,12300,277000,25,Single Premium,Active,Claimed,217000,AG1235,2025-01-24,46-55,2025,2025-01
LIC101358,30,Male,Bhopal,Madhya Pradesh,Whole Life,48500,933000,10,Half-Yearly,Active,Not Claimed,0,AG1186,2025-06-21,26-35,2025,2025-06
LIC101359,18,Male,Lucknow,Uttar Pradesh,Term,23900,596000,10,Yearly,Lapsed,Not Claimed,0,AG1279,2024-05-31,18-25,2024,2024-05
LIC101360,34,Female,Jaipur,Rajasthan,Money Back,25100,582000,10,Quarterly,Active,Not Claimed,0,AG1181,2026-03-04,26-35,2026,2026-03
LIC101361,50,Male,Surat,Gujarat,ULIP,76700,803000,10,Monthly,Active,Not Claimed,0,AG1293,2020-03-31,46-55,2020,2020-03
LIC101362,22,Male,Ahmedabad,Gujarat,Endowment,35800,529000,15,Yearly,Active,Not Claimed,0,AG1276,2021-09-15,18-25,2021,2021-09
LIC101363,26,Male,Kolkata,West Bengal,Pension,62000,635000,30,Monthly,Lapsed,Not Claimed,0,AG1236,2022-12-29,26-35,2022,2022-12
LIC101364,41,Male,Patna,Bihar,Term,16800,268000,5,Yearly,Active,Not Claimed,0,AG1146,2024-05-17,36-45,2024,2024-05
LIC101365,38,Male,Delhi,Delhi,Pension,44900,952000,15,Monthly,Active,Not Claimed,0,AG1068,2021-12-31,36-45,2021,2021-12
LIC101366,46,Female,Surat,Gujarat,Money Back,37600,400000,15,Yearly,Active,Not Claimed,0,AG1176,2020-12-23,46-55,2020,2020-12
LIC101367,25,Female,Pune,Maharashtra,Endowment,34900,802000,15,Monthly,Active,Not Claimed,0,AG1020,2018-12-25,18-25,2018,2018-12
LIC101368,35,Female,Ahmedabad,Gujarat,Term,26600,470000,15,Half-Yearly,Active,Not Claimed,0,AG1072,2020-10-09,26-35,2020,2020-10
LIC101369,52,Female,Kolkata,West Bengal,Pension,74300,1540000,25,Half-Yearly,Active,Not Claimed,0,AG1105,2021-06-06,46-55,2021,2021-06
LIC101370,26,Male,Kanpur,Uttar Pradesh,Term,18600,163000,5,Quarterly,Active,Not Claimed,0,AG1007,2021-01-20,26-35,2021,2021-01
LIC101371,55,Female,Kochi,Kerala,Term,29700,285000,20,Quarterly,Active,Not Claimed,0,AG1053,2025-12-04,46-55,2025,2025-12
LIC101372,27,Male,Pune,Maharashtra,Endowment,26600,494000,12,Half-Yearly,Active,Not Claimed,0,AG1267,2025-05-19,26-35,2025,2025-05
LIC101373,48,Female,Kolkata,West Bengal,Whole Life,24600,547000,15,Quarterly,Active,Not Claimed,0,AG1204,2018-01-01,46-55,2018,2018-01
LIC101374,35,Male,Kanpur,Uttar Pradesh,Money Back,41100,939000,15,Quarterly,Active,Not Claimed,0,AG1032,2024-06-20,26-35,2024,2024-06
LIC101375,26,Other,Indore,Madhya Pradesh,Term,22100,435000,12,Quarterly,Matured,Not Claimed,0,AG1191,2021-08-07,26-35,2021,2021-08
LIC101376,34,Female,Kolkata,West Bengal,Endowment,45400,518000,10,Half-Yearly,Matured,Claimed,187000,AG1183,2021-06-23,26-35,2021,2021-06
LIC101377,45,Female,Indore,Madhya Pradesh,Endowment,27800,315000,10,Monthly,Surrendered,Not Claimed,0,AG1187,2021-06-17,36-45,2021,2021-06
LIC101378,39,Female,Chandigarh,Chandigarh,Endowment,32700,752000,12,Single Premium,Active,Not Claimed,0,AG1154,2024-12-03,36-45,2024,2024-12
LIC101379,51,Female,Kochi,Kerala,Endowment,56300,559000,25,Half-Yearly,Active,Claimed,382000,AG1051,2025-05-25,46-55,2025,2025-05
LIC101380,55,Female,Ahmedabad,Gujarat,Whole Life,73400,1443000,10,Monthly,Active,Not Claimed,0,AG1289,2022-03-21,46-55,2022,2022-03
LIC101381,26,Male,Indore,Madhya Pradesh,Endowment,59100,1009000,20,Half-Yearly,Active,Not Claimed,0,AG1026,2020-04-27,26-35,2020,2020-04
LIC101382,25,Male,Coimbatore,Tamil Nadu,Endowment,65300,990000,12,Yearly,Active,Not Claimed,0,AG1278,2020-02-28,18-25,2020,2020-02
LIC101383,25,Male,Bengaluru,Karnataka,Endowment,46200,715000,25,Monthly,Active,Not Claimed,0,AG1210,2024-06-19,18-25,2024,2024-06
LIC101384,29,Male,Ahmedabad,Gujarat,Micro Insurance,6600,159000,15,Yearly,Active,Not Claimed,0,AG1253,2023-12-27,26-35,2023,2023-12
LIC101385,51,Male,Delhi,Delhi,Pension,42800,969000,10,Half-Yearly,Active,Not Claimed,0,AG1191,2019-05-13,46-55,2019,2019-05
LIC101386,45,Male,Ahmedabad,Gujarat,ULIP,76000,1726000,30,Monthly,Active,Not Claimed,0,AG1145,2023-12-09,36-45,2023,2023-12
LIC101387,33,Male,Indore,Madhya Pradesh,Endowment,41100,613000,10,Yearly,Active,Not Claimed,0,AG1041,2024-11-17,26-35,2024,2024-11
LIC101388,39,Female,Indore,Madhya Pradesh,Term,22900,225000,15,Quarterly,Active,Not Claimed,0,AG1076,2026-04-26,36-45,2026,2026-04
LIC101389,54,Female,Mumbai,Maharashtra,Endowment,52000,1298000,15,Quarterly,Active,Not Claimed,0,AG1295,2026-02-05,46-55,2026,2026-02
LIC101390,60,Male,Pune,Maharashtra,Endowment,59000,618000,15,Yearly,Surrendered,Not Claimed,0,AG1161,2021-04-15,56-65,2021,2021-04
LIC101391,42,Male,Coimbatore,Tamil Nadu,Money Back,38100,639000,30,Half-Yearly,Active,Not Claimed,0,AG1288,2024-08-08,36-45,2024,2024-08
LIC101392,18,Male,Kanpur,Uttar Pradesh,ULIP,55400,692000,25,Yearly,Active,Not Claimed,0,AG1149,2022-03-02,18-25,2022,2022-03
LIC101393,42,Male,Ahmedabad,Gujarat,Pension,68800,1148000,25,Half-Yearly,Matured,Not Claimed,0,AG1192,2018-06-10,36-45,2018,2018-06
LIC101394,49,Female,Mumbai,Maharashtra,Pension,39300,518000,30,Yearly,Active,Not Claimed,0,AG1066,2019-10-26,46-55,2019,2019-10
LIC101395,41,Male,Kanpur,Uttar Pradesh,Endowment,29600,688000,15,Yearly,Active,Not Claimed,0,AG1177,2020-08-24,36-45,2020,2020-08
LIC101396,47,Male,Jaipur,Rajasthan,Whole Life,38700,947000,10,Monthly,Active,Not Claimed,0,AG1031,2019-07-04,46-55,2019,2019-07
LIC101397,43,Female,Indore,Madhya Pradesh,Endowment,68900,1032000,20,Yearly,Active,Not Claimed,0,AG1199,2020-12-09,36-45,2020,2020-12
LIC101398,25,Female,Patna,Bihar,Term,28900,266000,15,Half-Yearly,Active,Not Claimed,0,AG1074,2020-01-17,18-25,2020,2020-01
LIC101399,29,Male,Indore,Madhya Pradesh,Whole Life,21300,411000,10,Monthly,Active,Not Claimed,0,AG1111,2023-11-07,26-35,2023,2023-11
LIC101400,35,Female,Lucknow,Uttar Pradesh,Term,16100,232000,15,Half-Yearly,Active,Not Claimed,0,AG1094,2020-06-11,26-35,2020,2020-06
LIC101401,51,Male,Chennai,Tamil Nadu,Endowment,33100,820000,25,Monthly,Lapsed,Not Claimed,0,AG1169,2025-07-31,46-55,2025,2025-07
LIC101402,31,Male,Pune,Maharashtra,Endowment,36000,343000,10,Yearly,Active,Not Claimed,0,AG1297,2021-06-02,26-35,2021,2021-06
LIC101403,44,Male,Hyderabad,Telangana,Whole Life,45500,456000,25,Half-Yearly,Active,Not Claimed,0,AG1261,2024-08-30,36-45,2024,2024-08
LIC101404,42,Male,Kolkata,West Bengal,ULIP,56200,1118000,15,Single Premium,Active,Not Claimed,0,AG1213,2021-04-05,36-45,2021,2021-04
LIC101405,56,Male,Patna,Bihar,Endowment,47400,991000,10,Monthly,Active,Not Claimed,0,AG1262,2022-10-04,56-65,2022,2022-10
LIC101406,39,Male,Indore,Madhya Pradesh,Pension,58600,938000,25,Half-Yearly,Lapsed,Not Claimed,0,AG1272,2019-10-16,36-45,2019,2019-10
LIC101407,20,Female,Coimbatore,Tamil Nadu,Endowment,33600,427000,30,Monthly,Active,Not Claimed,0,AG1208,2023-04-16,18-25,2023,2023-04
LIC101408,46,Female,Lucknow,Uttar Pradesh,Money Back,63700,845000,12,Half-Yearly,Matured,Not Claimed,0,AG1083,2018-12-03,46-55,2018,2018-12
LIC101409,63,Male,Lucknow,Uttar Pradesh,ULIP,69600,957000,12,Yearly,Active,Not Claimed,0,AG1240,2019-08-13,56-65,2019,2019-08
LIC101410,47,Male,Patna,Bihar,Whole Life,30700,363000,15,Yearly,Lapsed,Not Claimed,0,AG1123,2019-03-11,46-55,2019,2019-03
LIC101411,30,Female,Hyderabad,Telangana,Micro Insurance,7100,159000,20,Yearly,Active,Not Claimed,0,AG1165,2021-06-25,26-35,2021,2021-06
LIC101412,27,Male,Kochi,Kerala,Endowment,54600,497000,5,Yearly,Active,Not Claimed,0,AG1064,2020-12-03,26-35,2020,2020-12
LIC101413,29,Female,Chennai,Tamil Nadu,Whole Life,46900,700000,10,Monthly,Lapsed,Not Claimed,0,AG1097,2019-05-02,26-35,2019,2019-05
LIC101414,61,Male,Delhi,Delhi,Whole Life,37100,768000,20,Quarterly,Lapsed,Not Claimed,0,AG1069,2023-01-06,56-65,2023,2023-01
LIC101415,35,Male,Nagpur,Maharashtra,Pension,65100,525000,15,Yearly,Active,Not Claimed,0,AG1201,2022-02-09,26-35,2022,2022-02
LIC101416,32,Male,Indore,Madhya Pradesh,Term,18500,424000,15,Half-Yearly,Surrendered,Not Claimed,0,AG1135,2023-11-27,26-35,2023,2023-11
LIC101417,37,Male,Bhopal,Madhya Pradesh,ULIP,44900,898000,25,Monthly,Active,Not Claimed,0,AG1298,2025-07-10,36-45,2025,2025-07
LIC101418,36,Male,Hyderabad,Telangana,Money Back,29300,271000,25,Half-Yearly,Active,Not Claimed,0,AG1091,2020-12-29,36-45,2020,2020-12
LIC101419,56,Male,Delhi,Delhi,Endowment,38700,898000,30,Quarterly,Active,Claimed,447000,AG1289,2022-11-03,56-65,2022,2022-11
LIC101420,28,Male,Indore,Madhya Pradesh,Money Back,29200,475000,12,Quarterly,Active,Not Claimed,0,AG1282,2019-06-27,26-35,2019,2019-06
LIC101421,52,Male,Nagpur,Maharashtra,Endowment,69100,1319000,25,Yearly,Surrendered,Claimed,392000,AG1273,2020-03-15,46-55,2020,2020-03
LIC101422,40,Male,Chandigarh,Chandigarh,Money Back,46500,1069000,20,Quarterly,Active,Not Claimed,0,AG1021,2023-06-16,36-45,2023,2023-06
LIC101423,52,Male,Jaipur,Rajasthan,Pension,40800,938000,10,Monthly,Active,Not Claimed,0,AG1002,2019-11-14,46-55,2019,2019-11
LIC101424,56,Male,Chandigarh,Chandigarh,Money Back,27600,413000,20,Monthly,Active,Not Claimed,0,AG1079,2025-04-10,56-65,2025,2025-04
LIC101425,40,Male,Ahmedabad,Gujarat,Whole Life,23300,281000,5,Yearly,Active,Not Claimed,0,AG1044,2025-11-26,36-45,2025,2025-11
LIC101426,36,Male,Delhi,Delhi,Money Back,29300,363000,20,Single Premium,Active,Not Claimed,0,AG1194,2025-02-10,36-45,2025,2025-02
LIC101427,40,Male,Indore,Madhya Pradesh,Term,17500,368000,20,Yearly,Active,Not Claimed,0,AG1071,2024-04-30,36-45,2024,2024-04
LIC101428,38,Female,Bengaluru,Karnataka,Endowment,60400,1438000,20,Quarterly,Active,Not Claimed,0,AG1036,2018-10-17,36-45,2018,2018-10
LIC101429,21,Male,Kanpur,Uttar Pradesh,Money Back,30900,285000,10,Single Premium,Active,Not Claimed,0,AG1046,2018-05-25,18-25,2018,2018-05
LIC101430,56,Female,Pune,Maharashtra,Endowment,84200,695000,20,Yearly,Active,Not Claimed,0,AG1235,2019-06-13,56-65,2019,2019-06
LIC101431,42,Male,Coimbatore,Tamil Nadu,Term,12200,268000,10,Yearly,Active,Not Claimed,0,AG1224,2023-11-12,36-45,2023,2023-11
LIC101432,26,Male,Hyderabad,Telangana,Money Back,32700,477000,30,Yearly,Active,Not Claimed,0,AG1067,2024-07-13,26-35,2024,2024-07
LIC101433,18,Male,Lucknow,Uttar Pradesh,Endowment,52300,664000,20,Quarterly,Active,Not Claimed,0,AG1259,2022-05-08,18-25,2022,2022-05
LIC101434,18,Female,Jaipur,Rajasthan,Endowment,53200,596000,10,Half-Yearly,Active,Not Claimed,0,AG1119,2026-05-05,18-25,2026,2026-05
LIC101435,47,Male,Delhi,Delhi,Money Back,37500,521000,10,Monthly,Active,Not Claimed,0,AG1045,2022-07-03,46-55,2022,2022-07
LIC101436,32,Male,Surat,Gujarat,Term,23800,583000,20,Quarterly,Active,Not Claimed,0,AG1025,2022-05-12,26-35,2022,2022-05
LIC101437,34,Male,Kolkata,West Bengal,Pension,60300,1484000,15,Yearly,Active,Claimed,513000,AG1165,2026-07-30,26-35,2026,2026-07
LIC101438,44,Male,Chennai,Tamil Nadu,Pension,43900,599000,20,Yearly,Surrendered,Claimed,565000,AG1164,2018-03-19,36-45,2018,2018-03
LIC101439,33,Male,Varanasi,Uttar Pradesh,Whole Life,32800,800000,12,Yearly,Active,Not Claimed,0,AG1291,2022-04-12,26-35,2022,2022-04
LIC101440,45,Male,Chennai,Tamil Nadu,Term,24600,322000,20,Half-Yearly,Active,Not Claimed,0,AG1275,2021-12-25,36-45,2021,2021-12
LIC101441,40,Male,Kochi,Kerala,ULIP,46500,1047000,10,Monthly,Active,Not Claimed,0,AG1045,2018-04-09,36-45,2018,2018-04
LIC101442,38,Male,Chennai,Tamil Nadu,ULIP,86600,1005000,15,Monthly,Active,Not Claimed,0,AG1211,2025-05-17,36-45,2025,2025-05
LIC101443,22,Male,Chandigarh,Chandigarh,ULIP,41200,908000,30,Quarterly,Matured,Claimed,484000,AG1225,2025-10-27,18-25,2025,2025-10
LIC101444,30,Female,Bhopal,Madhya Pradesh,Term,18700,262000,20,Half-Yearly,Surrendered,Not Claimed,0,AG1146,2021-08-31,26-35,2021,2021-08
LIC101445,46,Female,Chandigarh,Chandigarh,Whole Life,23900,271000,5,Half-Yearly,Active,Claimed,71000,AG1287,2023-02-13,46-55,2023,2023-02
LIC101446,31,Male,Lucknow,Uttar Pradesh,Pension,49400,1180000,30,Monthly,Active,Not Claimed,0,AG1010,2021-04-27,26-35,2021,2021-04
LIC101447,52,Female,Mumbai,Maharashtra,Money Back,32100,374000,10,Single Premium,Lapsed,Not Claimed,0,AG1008,2026-04-12,46-55,2026,2026-04
LIC101448,65,Female,Kochi,Kerala,Whole Life,37600,935000,20,Quarterly,Active,Not Claimed,0,AG1034,2024-06-10,56-65,2024,2024-06
LIC101449,46,Male,Kochi,Kerala,Money Back,26100,257000,15,Yearly,Lapsed,Not Claimed,0,AG1234,2020-05-25,46-55,2020,2020-05
LIC101450,55,Male,Nagpur,Maharashtra,Money Back,55800,456000,12,Half-Yearly,Lapsed,Not Claimed,0,AG1181,2024-07-31,46-55,2024,2024-07
LIC101451,47,Female,Surat,Gujarat,Term,22800,520000,10,Monthly,Active,Not Claimed,0,AG1012,2025-09-21,46-55,2025,2025-09
LIC101452,33,Male,Bhopal,Madhya Pradesh,Whole Life,40700,731000,10,Yearly,Surrendered,Not Claimed,0,AG1238,2020-02-18,26-35,2020,2020-02
LIC101453,41,Male,Chennai,Tamil Nadu,Term,17500,265000,25,Yearly,Surrendered,Claimed,137000,AG1192,2023-09-19,36-45,2023,2023-09
LIC101454,61,Female,Bengaluru,Karnataka,Endowment,75700,711000,25,Half-Yearly,Matured,Not Claimed,0,AG1273,2019-04-21,56-65,2019,2019-04
LIC101455,33,Male,Varanasi,Uttar Pradesh,Endowment,42500,755000,15,Half-Yearly,Active,Not Claimed,0,AG1002,2021-02-11,26-35,2021,2021-02
LIC101456,28,Female,Bhopal,Madhya Pradesh,Money Back,37200,547000,10,Monthly,Active,Not Claimed,0,AG1027,2019-11-10,26-35,2019,2019-11
LIC101457,27,Female,Hyderabad,Telangana,Term,32500,527000,25,Yearly,Active,Not Claimed,0,AG1153,2020-04-17,26-35,2020,2020-04
LIC101458,37,Female,Patna,Bihar,Whole Life,26800,502000,15,Yearly,Active,Not Claimed,0,AG1140,2019-06-16,36-45,2019,2019-06
LIC101459,28,Male,Mumbai,Maharashtra,ULIP,73300,1384000,15,Monthly,Active,Not Claimed,0,AG1193,2018-08-18,26-35,2018,2018-08
LIC101460,57,Male,Pune,Maharashtra,Term,26000,633000,15,Quarterly,Active,Not Claimed,0,AG1095,2026-04-21,56-65,2026,2026-04
LIC101461,41,Male,Surat,Gujarat,Term,16400,314000,15,Yearly,Active,Not Claimed,0,AG1168,2025-09-29,36-45,2025,2025-09
LIC101462,50,Male,Surat,Gujarat,Term,14700,202000,15,Quarterly,Active,Not Claimed,0,AG1005,2023-10-25,46-55,2023,2023-10
LIC101463,36,Male,Coimbatore,Tamil Nadu,Pension,36400,495000,20,Yearly,Active,Not Claimed,0,AG1220,2024-05-01,36-45,2024,2024-05
LIC101464,26,Male,Patna,Bihar,Money Back,49400,796000,15,Half-Yearly,Active,Not Claimed,0,AG1028,2024-06-20,26-35,2024,2024-06
LIC101465,25,Male,Delhi,Delhi,Money Back,58500,726000,25,Half-Yearly,Lapsed,Not Claimed,0,AG1249,2025-04-29,18-25,2025,2025-04
LIC101466,29,Male,Nagpur,Maharashtra,Term,18500,266000,12,Quarterly,Active,Not Claimed,0,AG1072,2020-09-18,26-35,2020,2020-09
LIC101467,43,Male,Delhi,Delhi,Whole Life,34200,763000,20,Quarterly,Active,Not Claimed,0,AG1134,2022-03-27,36-45,2022,2022-03
LIC101468,45,Female,Chennai,Tamil Nadu,Pension,66800,1511000,12,Monthly,Surrendered,Not Claimed,0,AG1274,2021-10-24,36-45,2021,2021-10
LIC101469,46,Female,Chandigarh,Chandigarh,Pension,55500,1036000,20,Yearly,Active,Not Claimed,0,AG1293,2023-07-18,46-55,2023,2023-07
LIC101470,23,Female,Bengaluru,Karnataka,Whole Life,40800,731000,10,Yearly,Active,Not Claimed,0,AG1192,2018-03-23,18-25,2018,2018-03
LIC101471,39,Male,Indore,Madhya Pradesh,Term,20500,313000,10,Yearly,Lapsed,Not Claimed,0,AG1035,2022-07-19,36-45,2022,2022-07
LIC101472,28,Female,Jaipur,Rajasthan,Term,18700,352000,20,Yearly,Lapsed,Not Claimed,0,AG1126,2018-08-18,26-35,2018,2018-08
LIC101473,43,Female,Hyderabad,Telangana,Term,16200,352000,10,Monthly,Active,Not Claimed,0,AG1017,2025-05-17,36-45,2025,2025-05
LIC101474,44,Male,Surat,Gujarat,Endowment,35700,733000,20,Monthly,Matured,Claimed,694000,AG1110,2022-06-10,36-45,2022,2022-06
LIC101475,26,Male,Patna,Bihar,Term,7400,100000,30,Yearly,Matured,Claimed,31000,AG1088,2024-06-03,26-35,2024,2024-06
LIC101476,50,Male,Varanasi,Uttar Pradesh,Endowment,70000,1430000,15,Half-Yearly,Active,Not Claimed,0,AG1010,2022-04-28,46-55,2022,2022-04
LIC101477,65,Male,Delhi,Delhi,Endowment,54800,1109000,10,Quarterly,Active,Not Claimed,0,AG1051,2023-04-18,56-65,2023,2023-04
LIC101478,48,Male,Surat,Gujarat,Pension,49600,480000,12,Monthly,Active,Not Claimed,0,AG1112,2018-10-08,46-55,2018,2018-10
LIC101479,37,Male,Nagpur,Maharashtra,Whole Life,17800,188000,25,Monthly,Active,Not Claimed,0,AG1052,2024-11-20,36-45,2024,2024-11
LIC101480,36,Female,Varanasi,Uttar Pradesh,Pension,40600,869000,15,Quarterly,Active,Not Claimed,0,AG1237,2019-06-14,36-45,2019,2019-06
LIC101481,37,Male,Patna,Bihar,Whole Life,24800,434000,20,Yearly,Lapsed,Not Claimed,0,AG1289,2024-09-21,36-45,2024,2024-09
LIC101482,31,Male,Bengaluru,Karnataka,Term,14400,316000,20,Yearly,Active,Not Claimed,0,AG1097,2022-09-23,26-35,2022,2022-09
LIC101483,42,Female,Chandigarh,Chandigarh,ULIP,61900,690000,15,Yearly,Active,Not Claimed,0,AG1273,2026-04-11,36-45,2026,2026-04
LIC101484,26,Male,Bhopal,Madhya Pradesh,Endowment,43500,371000,20,Single Premium,Active,Not Claimed,0,AG1177,2018-08-11,26-35,2018,2018-08
LIC101485,18,Female,Surat,Gujarat,Whole Life,20500,220000,12,Yearly,Active,Not Claimed,0,AG1230,2023-03-13,18-25,2023,2023-03
LIC101486,41,Male,Kanpur,Uttar Pradesh,Endowment,31300,491000,15,Half-Yearly,Active,Not Claimed,0,AG1127,2020-02-08,36-45,2020,2020-02
LIC101487,39,Female,Kolkata,West Bengal,Micro Insurance,4400,100000,20,Monthly,Active,Not Claimed,0,AG1263,2026-06-14,36-45,2026,2026-06
LIC101488,33,Male,Varanasi,Uttar Pradesh,Endowment,69700,1574000,10,Yearly,Active,Not Claimed,0,AG1266,2025-07-04,26-35,2025,2025-07
LIC101489,25,Male,Pune,Maharashtra,Endowment,63800,1287000,12,Monthly,Lapsed,Not Claimed,0,AG1287,2019-06-30,18-25,2019,2019-06
LIC101490,42,Male,Coimbatore,Tamil Nadu,Pension,41000,1018000,20,Quarterly,Active,Not Claimed,0,AG1025,2020-10-22,36-45,2020,2020-10
LIC101491,28,Female,Kolkata,West Bengal,Term,10300,100000,20,Monthly,Active,Not Claimed,0,AG1185,2023-05-10,26-35,2023,2023-05
LIC101492,37,Female,Bengaluru,Karnataka,Whole Life,31800,325000,15,Half-Yearly,Active,Not Claimed,0,AG1065,2018-05-31,36-45,2018,2018-05
LIC101493,58,Male,Mumbai,Maharashtra,ULIP,67200,634000,20,Quarterly,Active,Not Claimed,0,AG1131,2023-04-28,56-65,2023,2023-04
LIC101494,46,Female,Pune,Maharashtra,Pension,59400,1019000,15,Monthly,Active,Not Claimed,0,AG1235,2023-05-06,46-55,2023,2023-05
LIC101495,24,Male,Surat,Gujarat,Micro Insurance,7400,100000,25,Quarterly,Active,Not Claimed,0,AG1113,2021-08-23,18-25,2021,2021-08
LIC101496,25,Male,Delhi,Delhi,Micro Insurance,6800,133000,20,Yearly,Active,Not Claimed,0,AG1060,2023-01-12,18-25,2023,2023-01
LIC101497,41,Female,Bengaluru,Karnataka,Term,14100,145000,12,Half-Yearly,Active,Not Claimed,0,AG1014,2025-04-19,36-45,2025,2025-04
LIC101498,24,Male,Chandigarh,Chandigarh,Pension,52100,508000,15,Yearly,Active,Not Claimed,0,AG1087,2020-02-06,18-25,2020,2020-02
LIC101499,18,Male,Bhopal,Madhya Pradesh,Whole Life,38100,603000,20,Monthly,Active,Not Claimed,0,AG1014,2018-01-14,18-25,2018,2018-01
LIC101500,45,Female,Kochi,Kerala,Whole Life,27400,394000,25,Monthly,Matured,Claimed,340000,AG1173,2021-11-02,36-45,2021,2021-11
LIC101501,43,Female,Surat,Gujarat,Term,21500,475000,10,Half-Yearly,Active,Not Claimed,0,AG1002,2025-05-27,36-45,2025,2025-05
LIC101502,44,Female,Bhopal,Madhya Pradesh,Whole Life,28500,634000,15,Half-Yearly,Lapsed,Not Claimed,0,AG1244,2026-02-23,36-45,2026,2026-02
LIC101503,42,Female,Kanpur,Uttar Pradesh,Micro Insurance,11400,114000,10,Yearly,Active,Not Claimed,0,AG1160,2024-03-04,36-45,2024,2024-03
LIC101504,38,Male,Ahmedabad,Gujarat,Pension,34300,748000,12,Yearly,Active,Not Claimed,0,AG1264,2025-04-20,36-45,2025,2025-04
LIC101505,32,Female,Nagpur,Maharashtra,Endowment,58100,1022000,20,Yearly,Active,Not Claimed,0,AG1292,2025-08-14,26-35,2025,2025-08
LIC101506,45,Male,Chandigarh,Chandigarh,Term,12600,209000,10,Single Premium,Lapsed,Not Claimed,0,AG1218,2020-02-19,36-45,2020,2020-02
LIC101507,56,Other,Ahmedabad,Gujarat,Endowment,86900,835000,20,Quarterly,Active,Not Claimed,0,AG1271,2021-11-11,56-65,2021,2021-11
LIC101508,33,Male,Surat,Gujarat,Pension,34900,718000,25,Monthly,Active,Not Claimed,0,AG1034,2021-01-03,26-35,2021,2021-01
LIC101509,28,Male,Nagpur,Maharashtra,Whole Life,31600,285000,30,Half-Yearly,Active,Not Claimed,0,AG1149,2020-12-02,26-35,2020,2020-12
LIC101510,27,Male,Kochi,Kerala,Money Back,22800,290000,10,Monthly,Active,Not Claimed,0,AG1009,2019-03-07,26-35,2019,2019-03
LIC101511,29,Male,Varanasi,Uttar Pradesh,Term,12300,118000,20,Quarterly,Matured,Claimed,64000,AG1040,2020-03-05,26-35,2020,2020-03
LIC101512,41,Male,Hyderabad,Telangana,Endowment,57900,986000,25,Monthly,Active,Not Claimed,0,AG1254,2023-10-05,36-45,2023,2023-10
LIC101513,18,Female,Bengaluru,Karnataka,Money Back,48000,911000,10,Quarterly,Active,Not Claimed,0,AG1026,2018-07-27,18-25,2018,2018-07
LIC101514,44,Female,Bhopal,Madhya Pradesh,Pension,56900,1317000,15,Monthly,Matured,Not Claimed,0,AG1025,2025-08-18,36-45,2025,2025-08
LIC101515,46,Male,Bengaluru,Karnataka,Whole Life,41800,856000,25,Monthly,Active,Not Claimed,0,AG1199,2023-11-22,46-55,2023,2023-11
LIC101516,19,Female,Varanasi,Uttar Pradesh,Endowment,56300,1370000,10,Yearly,Active,Not Claimed,0,AG1091,2024-11-16,18-25,2024,2024-11
LIC101517,28,Male,Nagpur,Maharashtra,Money Back,29700,622000,25,Half-Yearly,Matured,Not Claimed,0,AG1045,2019-04-15,26-35,2019,2019-04
LIC101518,40,Male,Surat,Gujarat,Term,12900,169000,15,Yearly,Active,Not Claimed,0,AG1225,2019-08-03,36-45,2019,2019-08
LIC101519,37,Male,Nagpur,Maharashtra,Micro Insurance,6100,106000,10,Yearly,Active,Not Claimed,0,AG1277,2018-09-07,36-45,2018,2018-09
LIC101520,45,Female,Hyderabad,Telangana,Endowment,40000,631000,15,Monthly,Active,Not Claimed,0,AG1089,2026-04-28,36-45,2026,2026-04
LIC101521,37,Female,Chandigarh,Chandigarh,Money Back,41100,724000,12,Quarterly,Active,Not Claimed,0,AG1296,2019-08-26,36-45,2019,2019-08
LIC101522,53,Male,Bhopal,Madhya Pradesh,Endowment,59500,1055000,12,Monthly,Active,Claimed,897000,AG1175,2025-10-01,46-55,2025,2025-10
LIC101523,35,Male,Varanasi,Uttar Pradesh,Whole Life,24800,494000,15,Yearly,Active,Not Claimed,0,AG1061,2019-02-07,26-35,2019,2019-02
LIC101524,28,Male,Chennai,Tamil Nadu,Whole Life,36500,344000,15,Yearly,Surrendered,Claimed,135000,AG1270,2023-09-05,26-35,2023,2023-09
LIC101525,27,Male,Jaipur,Rajasthan,Whole Life,36000,745000,15,Monthly,Surrendered,Not Claimed,0,AG1200,2025-07-29,26-35,2025,2025-07
LIC101526,47,Male,Pune,Maharashtra,Endowment,58800,614000,10,Quarterly,Matured,Claimed,606000,AG1076,2026-03-08,46-55,2026,2026-03
LIC101527,39,Male,Kanpur,Uttar Pradesh,Endowment,39300,332000,20,Single Premium,Active,Not Claimed,0,AG1175,2018-01-10,36-45,2018,2018-01
LIC101528,46,Male,Delhi,Delhi,Term,25300,426000,15,Half-Yearly,Surrendered,Claimed,338000,AG1274,2022-06-22,46-55,2022,2022-06
LIC101529,46,Female,Ahmedabad,Gujarat,Whole Life,39300,703000,25,Yearly,Active,Not Claimed,0,AG1023,2025-04-15,46-55,2025,2025-04
LIC101530,18,Male,Patna,Bihar,Term,21500,185000,25,Quarterly,Active,Not Claimed,0,AG1026,2022-03-01,18-25,2022,2022-03
LIC101531,26,Male,Indore,Madhya Pradesh,Money Back,57600,965000,12,Monthly,Active,Not Claimed,0,AG1230,2025-12-05,26-35,2025,2025-12
LIC101532,28,Male,Chandigarh,Chandigarh,Pension,52600,899000,5,Yearly,Active,Not Claimed,0,AG1194,2024-03-18,26-35,2024,2024-03
LIC101533,30,Female,Ahmedabad,Gujarat,Pension,40500,360000,25,Yearly,Active,Not Claimed,0,AG1130,2025-02-04,26-35,2025,2025-02
LIC101534,34,Female,Kochi,Kerala,Money Back,26400,531000,20,Yearly,Lapsed,Not Claimed,0,AG1150,2018-04-06,26-35,2018,2018-04
LIC101535,50,Female,Kochi,Kerala,Money Back,58300,675000,10,Half-Yearly,Active,Not Claimed,0,AG1115,2022-03-12,46-55,2022,2022-03
LIC101536,52,Male,Nagpur,Maharashtra,Term,24000,516000,20,Half-Yearly,Active,Not Claimed,0,AG1166,2020-02-19,46-55,2020,2020-02
LIC101537,36,Female,Surat,Gujarat,Whole Life,48500,644000,5,Yearly,Active,Not Claimed,0,AG1249,2022-09-08,36-45,2022,2022-09
LIC101538,36,Male,Pune,Maharashtra,Pension,27500,443000,5,Quarterly,Matured,Claimed,120000,AG1170,2019-09-07,36-45,2019,2019-09
LIC101539,31,Male,Patna,Bihar,Endowment,54200,1255000,15,Quarterly,Active,Not Claimed,0,AG1156,2020-04-21,26-35,2020,2020-04
LIC101540,40,Male,Indore,Madhya Pradesh,Endowment,41400,899000,10,Yearly,Active,Not Claimed,0,AG1063,2023-02-05,36-45,2023,2023-02
LIC101541,41,Male,Mumbai,Maharashtra,Pension,46600,992000,30,Quarterly,Active,Not Claimed,0,AG1273,2026-07-06,36-45,2026,2026-07
LIC101542,48,Female,Pune,Maharashtra,Pension,44800,481000,25,Half-Yearly,Active,Not Claimed,0,AG1243,2026-01-06,46-55,2026,2026-01
LIC101543,48,Female,Jaipur,Rajasthan,Endowment,62500,551000,20,Yearly,Surrendered,Not Claimed,0,AG1187,2023-07-12,46-55,2023,2023-07
LIC101544,18,Male,Ahmedabad,Gujarat,Money Back,42700,781000,10,Single Premium,Active,Not Claimed,0,AG1115,2018-05-11,18-25,2018,2018-05
LIC101545,37,Male,Patna,Bihar,Term,13400,201000,12,Quarterly,Active,Not Claimed,0,AG1258,2023-11-16,36-45,2023,2023-11
LIC101546,54,Male,Coimbatore,Tamil Nadu,Term,23100,542000,15,Quarterly,Active,Not Claimed,0,AG1207,2022-01-06,46-55,2022,2022-01
LIC101547,34,Male,Jaipur,Rajasthan,Pension,58500,816000,15,Yearly,Matured,Not Claimed,0,AG1108,2020-11-25,26-35,2020,2020-11
LIC101548,52,Male,Chandigarh,Chandigarh,Pension,60700,909000,10,Yearly,Active,Not Claimed,0,AG1256,2026-04-06,46-55,2026,2026-04
LIC101549,36,Female,Bhopal,Madhya Pradesh,ULIP,71800,1216000,20,Yearly,Active,Not Claimed,0,AG1109,2022-11-08,36-45,2022,2022-11
LIC101550,41,Female,Nagpur,Maharashtra,Term,17800,383000,15,Half-Yearly,Active,Not Claimed,0,AG1247,2022-03-19,36-45,2022,2022-03
LIC101551,26,Male,Surat,Gujarat,Pension,25500,320000,30,Quarterly,Active,Not Claimed,0,AG1226,2023-06-18,26-35,2023,2023-06
LIC101552,27,Female,Kanpur,Uttar Pradesh,Endowment,44300,1064000,25,Half-Yearly,Matured,Not Claimed,0,AG1178,2022-07-25,26-35,2022,2022-07
LIC101553,47,Male,Varanasi,Uttar Pradesh,Endowment,50500,868000,15,Yearly,Matured,Not Claimed,0,AG1143,2021-05-28,46-55,2021,2021-05
LIC101554,49,Male,Mumbai,Maharashtra,Money Back,45900,1023000,20,Yearly,Matured,Claimed,563000,AG1146,2026-03-22,46-55,2026,2026-03
LIC101555,39,Male,Lucknow,Uttar Pradesh,Term,25700,435000,10,Monthly,Matured,Not Claimed,0,AG1077,2025-07-04,36-45,2025,2025-07
LIC101556,25,Male,Ahmedabad,Gujarat,ULIP,30100,636000,10,Quarterly,Lapsed,Not Claimed,0,AG1038,2018-01-28,18-25,2018,2018-01
LIC101557,39,Female,Kochi,Kerala,Money Back,35300,313000,25,Half-Yearly,Active,Not Claimed,0,AG1080,2026-01-31,36-45,2026,2026-01
LIC101558,53,Male,Mumbai,Maharashtra,Term,16900,365000,20,Single Premium,Lapsed,Not Claimed,0,AG1148,2022-04-11,46-55,2022,2022-04
LIC101559,58,Male,Delhi,Delhi,Term,16400,277000,10,Yearly,Active,Not Claimed,0,AG1282,2025-06-09,56-65,2025,2025-06
LIC101560,36,Male,Mumbai,Maharashtra,Term,17900,280000,20,Quarterly,Active,Not Claimed,0,AG1121,2019-06-06,36-45,2019,2019-06
LIC101561,21,Female,Mumbai,Maharashtra,Term,21900,217000,25,Monthly,Active,Not Claimed,0,AG1154,2020-07-11,18-25,2020,2020-07
LIC101562,48,Male,Jaipur,Rajasthan,Money Back,45300,933000,15,Half-Yearly,Surrendered,Not Claimed,0,AG1274,2018-04-19,46-55,2018,2018-04
LIC101563,36,Female,Indore,Madhya Pradesh,Pension,40100,410000,10,Monthly,Active,Not Claimed,0,AG1172,2020-04-09,36-45,2020,2020-04
LIC101564,49,Female,Mumbai,Maharashtra,Term,20200,228000,30,Yearly,Matured,Not Claimed,0,AG1135,2025-04-09,46-55,2025,2025-04
LIC101565,42,Male,Indore,Madhya Pradesh,Term,25300,257000,15,Yearly,Active,Not Claimed,0,AG1236,2019-10-20,36-45,2019,2019-10
LIC101566,29,Male,Varanasi,Uttar Pradesh,Money Back,43600,354000,15,Half-Yearly,Active,Not Claimed,0,AG1035,2021-04-19,26-35,2021,2021-04
LIC101567,40,Female,Hyderabad,Telangana,Pension,43600,839000,12,Quarterly,Active,Not Claimed,0,AG1012,2018-07-29,36-45,2018,2018-07
LIC101568,53,Male,Delhi,Delhi,Endowment,43000,542000,25,Yearly,Active,Not Claimed,0,AG1239,2024-07-17,46-55,2024,2024-07
LIC101569,37,Female,Pune,Maharashtra,Endowment,26600,280000,25,Quarterly,Active,Not Claimed,0,AG1300,2026-07-18,36-45,2026,2026-07
LIC101570,28,Male,Hyderabad,Telangana,Money Back,31900,429000,15,Monthly,Active,Not Claimed,0,AG1041,2022-02-05,26-35,2022,2022-02
LIC101571,22,Male,Nagpur,Maharashtra,Endowment,25800,425000,5,Single Premium,Lapsed,Not Claimed,0,,2019-10-28,18-25,2019,2019-10
LIC101572,31,Female,Kochi,Kerala,Term,32100,532000,15,Yearly,Active,Not Claimed,0,AG1129,2020-02-12,26-35,2020,2020-02
LIC101573,34,Female,Surat,Gujarat,ULIP,40900,583000,10,Yearly,Active,Not Claimed,0,AG1281,2018-11-25,26-35,2018,2018-11
LIC101574,48,Other,Delhi,Delhi,Whole Life,47300,776000,10,Monthly,Active,Not Claimed,0,AG1249,2025-02-16,46-55,2025,2025-02
LIC101575,27,Female,Lucknow,Uttar Pradesh,Money Back,59900,914000,15,Monthly,Active,Not Claimed,0,AG1271,2021-06-13,26-35,2021,2021-06
LIC101576,56,Female,Bhopal,Madhya Pradesh,ULIP,69200,1521000,10,Monthly,Active,Not Claimed,0,AG1075,2022-01-04,56-65,2022,2022-01
LIC101577,24,Female,Chandigarh,Chandigarh,Whole Life,29200,248000,30,Monthly,Active,Not Claimed,0,AG1173,2024-04-14,18-25,2024,2024-04
LIC101578,65,Female,Ahmedabad,Gujarat,Endowment,39400,897000,5,Yearly,Active,Not Claimed,0,AG1045,2023-07-28,56-65,2023,2023-07
LIC101579,58,Male,Patna,Bihar,Endowment,46500,565000,15,Monthly,Active,Not Claimed,0,AG1170,2026-06-19,56-65,2026,2026-06
LIC101580,41,Male,Bengaluru,Karnataka,Term,30200,612000,10,Yearly,Active,Claimed,205000,AG1020,2025-07-06,36-45,2025,2025-07
LIC101581,21,Female,Pune,Maharashtra,Term,19900,296000,20,Monthly,Lapsed,Not Claimed,0,AG1245,2019-05-18,18-25,2019,2019-05
LIC101582,38,Male,Jaipur,Rajasthan,Whole Life,31300,407000,10,Quarterly,Active,Claimed,195000,AG1207,2024-08-08,36-45,2024,2024-08
LIC101583,35,Male,Pune,Maharashtra,Pension,69300,1279000,15,Single Premium,Active,Not Claimed,0,AG1116,2019-05-04,26-35,2019,2019-05
LIC101584,25,Male,Jaipur,Rajasthan,Micro Insurance,7300,154000,20,Monthly,Active,Not Claimed,0,AG1167,2021-11-27,18-25,2021,2021-11
LIC101585,42,Male,Hyderabad,Telangana,Whole Life,31200,488000,30,Quarterly,Active,Not Claimed,0,AG1285,2022-05-19,36-45,2022,2022-05
LIC101586,30,Male,Jaipur,Rajasthan,Term,19100,304000,20,Quarterly,Lapsed,Not Claimed,0,AG1276,2023-01-09,26-35,2023,2023-01
LIC101587,31,Male,Kochi,Kerala,Term,14500,131000,10,Monthly,Active,Not Claimed,0,AG1096,2025-10-30,26-35,2025,2025-10
LIC101588,37,Female,Bhopal,Madhya Pradesh,Pension,42000,996000,10,Half-Yearly,Active,Not Claimed,0,AG1012,2019-10-27,36-45,2019,2019-10
LIC101589,33,Male,Ahmedabad,Gujarat,Money Back,34000,762000,20,Quarterly,Active,Not Claimed,0,AG1268,2020-11-06,26-35,2020,2020-11
LIC101590,62,Male,Ahmedabad,Gujarat,Whole Life,46400,685000,10,Yearly,Surrendered,Not Claimed,0,AG1053,2018-02-08,56-65,2018,2018-02
LIC101591,33,Male,Kochi,Kerala,ULIP,36700,771000,15,Yearly,Lapsed,Not Claimed,0,AG1098,2025-06-05,26-35,2025,2025-06
LIC101592,44,Male,Varanasi,Uttar Pradesh,Whole Life,34000,453000,30,Half-Yearly,Matured,Not Claimed,0,AG1264,2025-12-24,36-45,2025,2025-12
LIC101593,41,Male,Surat,Gujarat,Pension,46100,941000,20,Monthly,Active,Not Claimed,0,AG1280,2024-05-31,36-45,2024,2024-05
LIC101594,43,Female,Hyderabad,Telangana,Term,15300,257000,25,Half-Yearly,Active,Not Claimed,0,AG1061,2018-02-08,36-45,2018,2018-02
LIC101595,44,Male,Patna,Bihar,ULIP,51700,819000,25,Monthly,Active,Not Claimed,0,AG1129,2018-07-06,36-45,2018,2018-07
LIC101596,49,Female,Varanasi,Uttar Pradesh,Pension,29300,263000,20,Half-Yearly,Active,Not Claimed,0,AG1089,2020-01-20,46-55,2020,2020-01
LIC101597,42,Male,Kanpur,Uttar Pradesh,Endowment,36800,898000,20,Yearly,Active,Not Claimed,0,AG1078,2020-08-19,36-45,2020,2020-08
LIC101598,41,Male,Chennai,Tamil Nadu,Whole Life,23600,525000,15,Monthly,Active,Not Claimed,0,AG1228,2025-10-02,36-45,2025,2025-10
LIC101599,40,Male,Pune,Maharashtra,Endowment,41200,885000,30,Yearly,Active,Not Claimed,0,AG1070,2024-06-14,36-45,2024,2024-06
LIC101600,37,Male,Bengaluru,Karnataka,Pension,26000,343000,12,Yearly,Lapsed,Not Claimed,0,AG1173,2024-08-06,36-45,2024,2024-08
LIC101601,29,Female,Jaipur,Rajasthan,Term,19000,246000,20,Yearly,Active,Not Claimed,0,AG1112,2019-04-07,26-35,2019,2019-04
LIC101602,38,Female,Lucknow,Uttar Pradesh,Money Back,48100,853000,12,Quarterly,Active,Not Claimed,0,AG1152,2019-10-31,36-45,2019,2019-10
LIC101603,42,Male,Nagpur,Maharashtra,Term,18900,423000,10,Half-Yearly,Active,Not Claimed,0,AG1060,2021-06-08,36-45,2021,2021-06
LIC101604,43,Male,Patna,Bihar,Whole Life,37800,903000,15,Yearly,Active,Not Claimed,0,AG1231,2025-07-16,36-45,2025,2025-07
LIC101605,41,Male,,Kerala,Term,16700,210000,15,Quarterly,Active,Not Claimed,0,AG1274,2021-06-27,36-45,2021,2021-06
LIC101606,36,Male,Bhopal,Madhya Pradesh,Endowment,27500,504000,20,Yearly,Active,Not Claimed,0,AG1105,2020-02-17,36-45,2020,2020-02
LIC101607,38,Female,Bhopal,Madhya Pradesh,Money Back,37300,757000,15,Monthly,Active,Not Claimed,0,AG1258,2023-08-12,36-45,2023,2023-08
LIC101608,33,Male,Indore,Madhya Pradesh,Pension,58100,688000,15,Monthly,Active,Not Claimed,0,AG1233,2019-10-15,26-35,2019,2019-10
LIC101609,42,Female,Indore,Madhya Pradesh,Endowment,31400,469000,10,Yearly,Active,Not Claimed,0,AG1164,2018-07-01,36-45,2018,2018-07
LIC101610,37,Male,Coimbatore,Tamil Nadu,Term,16200,181000,15,Yearly,Active,Not Claimed,0,AG1291,2023-08-12,36-45,2023,2023-08
LIC101611,41,Male,Coimbatore,Tamil Nadu,ULIP,52000,1034000,20,Yearly,Active,Not Claimed,0,AG1198,2021-07-17,36-45,2021,2021-07
LIC101612,50,Male,Nagpur,Maharashtra,Money Back,94400,2141000,12,Single Premium,Active,Not Claimed,0,AG1094,2020-09-03,46-55,2020,2020-09
LIC101613,31,Male,Chennai,Tamil Nadu,Pension,51100,1171000,15,Monthly,Active,Not Claimed,0,AG1115,2024-06-12,26-35,2024,2024-06
LIC101614,46,Female,Indore,Madhya Pradesh,Term,12000,233000,15,Monthly,Lapsed,Not Claimed,0,AG1072,2026-01-02,46-55,2026,2026-01
LIC101615,39,Male,Ahmedabad,Gujarat,Whole Life,17200,239000,25,Yearly,Active,Not Claimed,0,AG1294,2023-09-28,36-45,2023,2023-09
LIC101616,61,Female,Coimbatore,Tamil Nadu,Endowment,67600,1300000,20,Monthly,Active,Not Claimed,0,AG1154,2021-12-16,56-65,2021,2021-12
LIC101617,37,Male,Bhopal,Madhya Pradesh,Term,37000,840000,10,Yearly,Matured,Claimed,825000,AG1287,2026-05-02,36-45,2026,2026-05
LIC101618,47,Female,Kochi,Kerala,Whole Life,31700,591000,25,Half-Yearly,Lapsed,Not Claimed,0,AG1254,2021-08-01,46-55,2021,2021-08
LIC101619,39,Male,Pune,Maharashtra,Money Back,34300,515000,25,Monthly,Surrendered,Not Claimed,0,AG1180,2023-03-18,36-45,2023,2023-03
LIC101620,24,Female,Kochi,Kerala,ULIP,58700,1387000,20,Quarterly,Active,Not Claimed,0,AG1008,2019-01-15,18-25,2019,2019-01
LIC101621,33,Female,Coimbatore,Tamil Nadu,Endowment,33600,746000,15,Half-Yearly,Active,Not Claimed,0,AG1189,2023-01-30,26-35,2023,2023-01
LIC101622,49,Female,Kolkata,West Bengal,Money Back,20600,474000,20,Yearly,Active,Not Claimed,0,AG1035,2020-03-01,46-55,2020,2020-03
LIC101623,34,Male,Jaipur,Rajasthan,Endowment,56200,1313000,15,Yearly,Active,Not Claimed,0,AG1290,2025-10-09,26-35,2025,2025-10
LIC101624,18,Female,Bengaluru,Karnataka,Micro Insurance,5100,100000,20,Half-Yearly,Surrendered,Not Claimed,0,AG1138,2019-05-19,18-25,2019,2019-05
LIC101625,39,Male,Lucknow,Uttar Pradesh,Endowment,59100,1336000,25,Half-Yearly,Active,Not Claimed,0,AG1168,2020-02-23,36-45,2020,2020-02
LIC101626,27,Male,Coimbatore,Tamil Nadu,Endowment,33900,600000,25,Quarterly,Matured,Not Claimed,0,AG1108,2019-07-10,26-35,2019,2019-07
LIC101627,40,Male,Bengaluru,Karnataka,Endowment,46100,399000,15,Monthly,Active,Not Claimed,0,AG1140,2019-07-26,36-45,2019,2019-07
LIC101628,56,Male,Surat,Gujarat,Money Back,57300,1078000,25,Quarterly,Active,Not Claimed,0,AG1155,2021-05-07,56-65,2021,2021-05
LIC101629,47,Female,Mumbai,Maharashtra,Endowment,64800,1037000,10,Monthly,Matured,Not Claimed,0,AG1147,2018-04-19,46-55,2018,2018-04
LIC101630,56,Male,Hyderabad,Telangana,Pension,64100,813000,10,Monthly,Lapsed,Not Claimed,0,AG1218,2018-03-06,56-65,2018,2018-03
LIC101631,33,Male,Bhopal,Madhya Pradesh,Endowment,44200,1083000,15,Quarterly,Surrendered,Claimed,713000,AG1054,2023-04-23,26-35,2023,2023-04
LIC101632,37,Male,Chandigarh,Chandigarh,Pension,58500,523000,20,Quarterly,Lapsed,Not Claimed,0,AG1015,2021-01-26,36-45,2021,2021-01
LIC101633,28,Male,Varanasi,Uttar Pradesh,Term,20500,494000,10,Monthly,Active,Not Claimed,0,AG1223,2024-05-04,26-35,2024,2024-05
LIC101634,31,Male,Kolkata,West Bengal,Whole Life,20900,224000,15,Half-Yearly,Active,Not Claimed,0,AG1189,2021-12-03,26-35,2021,2021-12
LIC101635,29,Male,Chennai,Tamil Nadu,Pension,33600,484000,10,Half-Yearly,Matured,Not Claimed,0,AG1221,2023-11-05,26-35,2023,2023-11
LIC101636,25,Male,Bhopal,Madhya Pradesh,Term,10000,151000,20,Monthly,Active,Not Claimed,0,AG1300,2022-06-13,18-25,2022,2022-06
LIC101637,54,Male,Varanasi,Uttar Pradesh,Micro Insurance,9100,186000,25,Single Premium,Active,Not Claimed,0,AG1149,2024-11-02,46-55,2024,2024-11
LIC101638,18,Female,Kochi,Kerala,Money Back,32200,376000,20,Monthly,Active,Not Claimed,0,AG1285,2026-02-24,18-25,2026,2026-02
LIC101639,54,Female,Chandigarh,Chandigarh,Pension,74200,1837000,15,Yearly,Active,Not Claimed,0,AG1107,2020-01-11,46-55,2020,2020-01
LIC101640,53,Female,Coimbatore,Tamil Nadu,Whole Life,40800,846000,30,Monthly,Active,Not Claimed,0,AG1271,2019-04-16,46-55,2019,2019-04
LIC101641,44,Male,Jaipur,Rajasthan,Endowment,35100,752000,20,Yearly,Lapsed,Not Claimed,0,AG1251,2022-07-24,36-45,2022,2022-07
LIC101642,27,Male,Chennai,Tamil Nadu,Term,17400,171000,20,Monthly,Active,Not Claimed,0,AG1064,2020-02-04,26-35,2020,2020-02
LIC101643,22,Male,Delhi,Delhi,Endowment,37000,596000,20,Yearly,Active,Not Claimed,0,AG1270,2018-04-20,18-25,2018,2018-04
LIC101644,33,Male,Chennai,Tamil Nadu,Term,15200,366000,30,Quarterly,Lapsed,Not Claimed,0,AG1165,2018-10-21,26-35,2018,2018-10
LIC101645,46,Male,Delhi,Delhi,Term,26300,331000,25,Yearly,Active,Not Claimed,0,AG1054,2024-03-12,46-55,2024,2024-03
LIC101646,39,Female,Surat,Gujarat,Term,38100,399000,15,Quarterly,Lapsed,Not Claimed,0,AG1128,2021-08-28,36-45,2021,2021-08
LIC101647,28,Male,Delhi,Delhi,Endowment,57400,933000,15,Monthly,Active,Not Claimed,0,AG1187,2021-05-12,26-35,2021,2021-05
LIC101648,52,Male,Chennai,Tamil Nadu,ULIP,62100,1479000,20,Yearly,Surrendered,Claimed,1330000,AG1213,2021-12-22,46-55,2021,2021-12
LIC101649,58,Female,Pune,Maharashtra,Term,32700,532000,20,Monthly,Active,Not Claimed,0,AG1180,2020-08-17,56-65,2020,2020-08
LIC101650,37,Female,Hyderabad,Telangana,Term,29800,443000,20,Single Premium,Active,Not Claimed,0,AG1295,2022-04-09,36-45,2022,2022-04
LIC101651,40,Male,Lucknow,Uttar Pradesh,Whole Life,21500,410000,15,Monthly,Matured,Not Claimed,0,AG1147,2021-01-21,36-45,2021,2021-01
LIC101652,22,Male,Coimbatore,Tamil Nadu,Term,25400,608000,15,Half-Yearly,Lapsed,Not Claimed,0,AG1184,2019-11-12,18-25,2019,2019-11
LIC101653,34,Male,Coimbatore,Tamil Nadu,Term,22300,197000,15,Yearly,Active,Not Claimed,0,AG1164,2020-11-17,26-35,2020,2020-11
LIC101654,45,Male,Bhopal,Madhya Pradesh,Term,28100,298000,25,Quarterly,Surrendered,Claimed,281000,AG1180,2021-11-23,36-45,2021,2021-11
LIC101655,43,Male,Bengaluru,Karnataka,Pension,66100,678000,20,Monthly,Active,Not Claimed,0,AG1300,2018-09-23,36-45,2018,2018-09
LIC101656,33,Male,Indore,Madhya Pradesh,Pension,45000,425000,10,Yearly,Surrendered,Not Claimed,0,AG1097,2020-06-14,26-35,2020,2020-06
LIC101657,36,Female,Kochi,Kerala,Endowment,75100,986000,12,Yearly,Active,Not Claimed,0,AG1168,2026-04-30,36-45,2026,2026-04
LIC101658,34,Female,Ahmedabad,Gujarat,Whole Life,33000,393000,5,Single Premium,Active,Not Claimed,0,AG1181,2018-10-12,26-35,2018,2018-10
LIC101659,36,Male,Surat,Gujarat,Money Back,32300,560000,5,Quarterly,Active,Not Claimed,0,AG1300,2023-05-05,36-45,2023,2023-05
LIC101660,44,Male,Mumbai,Maharashtra,Whole Life,38300,519000,10,Half-Yearly,Active,Not Claimed,0,AG1236,2026-08-01,36-45,2026,2026-08
LIC101661,18,Male,Bengaluru,Karnataka,Whole Life,39400,587000,20,Quarterly,Active,Not Claimed,0,AG1094,2019-08-22,18-25,2019,2019-08
LIC101662,38,Female,Ahmedabad,Gujarat,Whole Life,31900,766000,25,Monthly,Active,Not Claimed,0,AG1223,2026-02-09,36-45,2026,2026-02
LIC101663,43,Male,Chennai,Tamil Nadu,Endowment,51400,547000,15,Yearly,Active,Not Claimed,0,AG1300,2022-03-23,36-45,2022,2022-03
LIC101664,33,Male,Kanpur,Uttar Pradesh,Term,18500,270000,15,Quarterly,Active,Not Claimed,0,AG1111,2019-10-29,26-35,2019,2019-10
LIC101665,34,Male,Lucknow,Uttar Pradesh,Money Back,29900,370000,20,Quarterly,Active,Not Claimed,0,AG1263,2023-04-13,26-35,2023,2023-04
LIC101666,34,Male,Bhopal,Madhya Pradesh,Pension,38100,660000,30,Quarterly,Matured,Claimed,221000,AG1298,2023-08-30,26-35,2023,2023-08
LIC101667,34,Female,Nagpur,Maharashtra,Money Back,24300,499000,25,Yearly,Active,Not Claimed,0,AG1062,2023-03-24,26-35,2023,2023-03
LIC101668,39,Male,Nagpur,Maharashtra,Pension,76900,1683000,10,Yearly,Lapsed,Not Claimed,0,AG1229,2021-10-03,36-45,2021,2021-10
LIC101669,40,Male,Delhi,Delhi,Micro Insurance,6000,101000,12,Yearly,Surrendered,Not Claimed,0,AG1239,2018-02-19,36-45,2018,2018-02
LIC101670,18,Male,Kolkata,West Bengal,Term,6900,155000,5,Half-Yearly,Active,Not Claimed,0,AG1258,2023-10-16,18-25,2023,2023-10
LIC101671,46,Male,Kolkata,West Bengal,Whole Life,37900,809000,20,Yearly,Surrendered,Not Claimed,0,AG1214,2024-08-09,46-55,2024,2024-08
LIC101672,36,Female,Pune,Maharashtra,Whole Life,33700,360000,20,Yearly,Active,Not Claimed,0,AG1077,2026-02-08,36-45,2026,2026-02
LIC101673,60,Female,Indore,Madhya Pradesh,Micro Insurance,4600,100000,12,Monthly,Active,Not Claimed,0,AG1046,2019-10-23,56-65,2019,2019-10
LIC101674,26,Male,Jaipur,Rajasthan,Micro Insurance,4800,100000,25,Monthly,Active,Not Claimed,0,AG1244,2023-06-16,26-35,2023,2023-06
LIC101675,29,Male,Surat,Gujarat,Whole Life,23500,577000,15,Monthly,Active,Not Claimed,0,AG1038,2026-04-13,26-35,2026,2026-04
LIC101676,37,Male,Nagpur,Maharashtra,Endowment,34900,502000,30,Quarterly,Matured,Not Claimed,0,AG1095,2025-11-03,36-45,2025,2025-11
LIC101677,44,Male,Hyderabad,Telangana,ULIP,80900,963000,5,Yearly,Active,Not Claimed,0,AG1141,2018-01-28,36-45,2018,2018-01
LIC101678,18,Male,Varanasi,Uttar Pradesh,Term,17300,394000,10,Quarterly,Active,Not Claimed,0,AG1060,2024-11-18,18-25,2024,2024-11
LIC101679,30,Male,Delhi,Delhi,ULIP,46100,525000,12,Quarterly,Lapsed,Not Claimed,0,AG1055,2023-02-05,26-35,2023,2023-02
LIC101680,46,Male,Hyderabad,Telangana,Pension,74400,1477000,5,Yearly,Active,Not Claimed,0,AG1107,2023-01-24,46-55,2023,2023-01
LIC101681,29,Male,Pune,Maharashtra,Endowment,48200,414000,20,Yearly,Active,Not Claimed,0,AG1287,2021-05-06,26-35,2021,2021-05
LIC101682,54,Male,Chandigarh,Chandigarh,Whole Life,22600,188000,10,Yearly,Active,Not Claimed,0,AG1213,2021-05-17,46-55,2021,2021-05
LIC101683,34,Female,Delhi,Delhi,Endowment,35300,553000,20,Quarterly,Matured,Not Claimed,0,AG1086,2021-12-31,26-35,2021,2021-12
LIC101684,29,Male,,Karnataka,Endowment,46000,881000,10,Monthly,Lapsed,Not Claimed,0,AG1182,2024-05-02,26-35,2024,2024-05
LIC101685,46,Female,Kolkata,West Bengal,Endowment,36600,381000,12,Monthly,Active,Not Claimed,0,AG1181,2020-02-09,46-55,2020,2020-02
LIC101686,57,Male,Kolkata,West Bengal,ULIP,116000,2434000,25,Monthly,Active,Claimed,1606000,AG1165,2026-04-29,56-65,2026,2026-04
LIC101687,44,Male,Mumbai,Maharashtra,Pension,54900,559000,30,Quarterly,Active,Not Claimed,0,AG1096,2021-12-03,36-45,2021,2021-12
LIC101688,53,Female,Ahmedabad,Gujarat,Pension,47300,808000,15,Half-Yearly,Active,Not Claimed,0,AG1003,2023-05-12,46-55,2023,2023-05
LIC101689,57,Male,Bhopal,Madhya Pradesh,Term,16600,220000,30,Monthly,Lapsed,Not Claimed,0,AG1205,2024-04-23,56-65,2024,2024-04
LIC101690,29,Female,Chennai,Tamil Nadu,Pension,62200,1293000,20,Monthly,Active,Not Claimed,0,AG1242,2021-09-21,26-35,2021,2021-09
LIC101691,49,Male,Indore,Madhya Pradesh,ULIP,50700,1099000,15,Monthly,Active,Not Claimed,0,AG1298,2020-05-07,46-55,2020,2020-05
LIC101692,22,Male,Surat,Gujarat,Endowment,46700,426000,20,Half-Yearly,Matured,Not Claimed,0,AG1183,2021-06-10,18-25,2021,2021-06
LIC101693,44,Male,Patna,Bihar,Term,14400,162000,12,Half-Yearly,Lapsed,Not Claimed,0,AG1166,2018-03-14,36-45,2018,2018-03
LIC101694,38,Male,Lucknow,Uttar Pradesh,Endowment,44400,1029000,12,Half-Yearly,Active,Not Claimed,0,AG1152,2020-11-02,36-45,2020,2020-11
LIC101695,53,Male,Bengaluru,Karnataka,Pension,48800,735000,20,Monthly,Active,Not Claimed,0,AG1266,2025-03-15,46-55,2025,2025-03
LIC101696,52,Male,Nagpur,Maharashtra,Whole Life,33100,533000,15,Quarterly,Active,Not Claimed,0,AG1140,2022-03-09,46-55,2022,2022-03
LIC101697,45,Female,Kanpur,Uttar Pradesh,ULIP,46600,506000,10,Monthly,Active,Not Claimed,0,AG1244,2020-10-21,36-45,2020,2020-10
LIC101698,42,Male,Lucknow,Uttar Pradesh,Endowment,60700,1512000,10,Monthly,Active,Not Claimed,0,AG1238,2021-03-28,36-45,2021,2021-03
LIC101699,45,Male,Lucknow,Uttar Pradesh,Whole Life,29300,694000,20,Yearly,Active,Not Claimed,0,AG1211,2022-03-13,36-45,2022,2022-03
LIC101700,40,Male,Bhopal,Madhya Pradesh,Term,18300,147000,20,Single Premium,Lapsed,Not Claimed,0,AG1117,2019-04-28,36-45,2019,2019-04
LIC101701,38,Male,Jaipur,Rajasthan,Endowment,42400,736000,15,Yearly,Surrendered,Not Claimed,0,AG1010,2021-05-24,36-45,2021,2021-05
LIC101702,55,Male,Mumbai,Maharashtra,Whole Life,58400,1333000,25,Yearly,Active,Not Claimed,0,AG1071,2024-02-21,46-55,2024,2024-02
LIC101703,56,Female,Kolkata,West Bengal,Term,28900,443000,15,Yearly,Active,Not Claimed,0,AG1119,2019-02-07,56-65,2019,2019-02
LIC101704,37,Female,Varanasi,Uttar Pradesh,Pension,61300,946000,20,Monthly,Active,Not Claimed,0,AG1119,2023-08-14,36-45,2023,2023-08
LIC101705,42,Male,Ahmedabad,Gujarat,Endowment,29300,423000,25,Single Premium,Matured,Not Claimed,0,AG1127,2020-02-04,36-45,2020,2020-02
LIC101706,40,Female,Patna,Bihar,Whole Life,26500,225000,25,Monthly,Matured,Not Claimed,0,AG1260,2023-01-10,36-45,2023,2023-01
LIC101707,21,Male,Bhopal,Madhya Pradesh,Endowment,58600,1256000,15,Yearly,Active,Not Claimed,0,AG1228,2025-02-02,18-25,2025,2025-02
LIC101708,35,Female,Mumbai,Maharashtra,Money Back,25900,408000,20,Monthly,Active,Not Claimed,0,AG1086,2020-03-14,26-35,2020,2020-03
LIC101709,57,Female,Varanasi,Uttar Pradesh,Term,23300,397000,15,Quarterly,Lapsed,Not Claimed,0,AG1266,2023-05-27,56-65,2023,2023-05
LIC101710,31,Female,Patna,Bihar,Term,13400,165000,20,Yearly,Active,Not Claimed,0,AG1215,2018-04-16,26-35,2018,2018-04
LIC101711,62,Male,Kolkata,West Bengal,Pension,48500,1035000,12,Quarterly,Active,Not Claimed,0,AG1240,2018-05-02,56-65,2018,2018-05
LIC101712,52,Male,Surat,Gujarat,Endowment,81000,1741000,15,Monthly,Active,Not Claimed,0,AG1249,2026-03-22,46-55,2026,2026-03
LIC101713,43,Male,Kolkata,West Bengal,Pension,64300,1119000,10,Quarterly,Lapsed,Not Claimed,0,AG1057,2025-07-18,36-45,2025,2025-07
LIC101714,45,Female,Bhopal,Madhya Pradesh,Micro Insurance,8800,206000,5,Quarterly,Active,Not Claimed,0,AG1165,2026-04-19,36-45,2026,2026-04
LIC101715,29,Male,Kolkata,West Bengal,Endowment,52300,521000,20,Single Premium,Matured,Not Claimed,0,AG1196,2025-07-25,26-35,2025,2025-07
LIC101716,36,Female,Chandigarh,Chandigarh,Endowment,40900,874000,25,Yearly,Active,Not Claimed,0,AG1239,2025-09-20,36-45,2025,2025-09
LIC101717,55,Male,Chandigarh,Chandigarh,Whole Life,30700,537000,5,Quarterly,Lapsed,Not Claimed,0,AG1279,2021-06-18,46-55,2021,2021-06
LIC101718,32,Female,Bhopal,Madhya Pradesh,Micro Insurance,5400,100000,10,Monthly,Active,Not Claimed,0,AG1070,2026-07-22,26-35,2026,2026-07
LIC101719,51,Male,Surat,Gujarat,Pension,54200,556000,15,Yearly,Active,Not Claimed,0,AG1263,2021-01-16,46-55,2021,2021-01
LIC101720,24,Male,Surat,Gujarat,Money Back,59200,777000,20,Monthly,Active,Not Claimed,0,AG1019,2018-11-06,18-25,2018,2018-11
LIC101721,26,Male,Pune,Maharashtra,ULIP,35800,808000,10,Monthly,Lapsed,Not Claimed,0,AG1238,2025-12-09,26-35,2025,2025-12
LIC101722,60,Male,Bhopal,Madhya Pradesh,Term,20000,428000,10,Quarterly,Matured,Not Claimed,0,AG1240,2019-07-11,56-65,2019,2019-07
LIC101723,39,Male,Varanasi,Uttar Pradesh,Micro Insurance,4900,100000,15,Yearly,Active,Not Claimed,0,AG1070,2026-02-08,36-45,2026,2026-02
LIC101724,33,Female,Kochi,Kerala,Micro Insurance,8100,100000,20,Monthly,Active,Not Claimed,0,AG1198,2022-05-19,26-35,2022,2022-05
LIC101725,54,Male,Nagpur,Maharashtra,Term,37100,899000,5,Monthly,Active,Not Claimed,0,AG1262,2025-07-08,46-55,2025,2025-07
LIC101726,53,Male,Delhi,Delhi,Endowment,55700,735000,15,Half-Yearly,Active,Not Claimed,0,AG1194,2023-08-23,46-55,2023,2023-08
LIC101727,49,Female,Jaipur,Rajasthan,Term,23500,430000,20,Quarterly,Matured,Not Claimed,0,AG1132,2024-03-06,46-55,2024,2024-03
LIC101728,33,Male,Kolkata,West Bengal,Endowment,43100,933000,10,Half-Yearly,Active,Claimed,360000,AG1070,2019-03-11,26-35,2019,2019-03
LIC101729,36,Female,Varanasi,Uttar Pradesh,Pension,54900,563000,12,Quarterly,Active,Not Claimed,0,AG1255,2026-07-21,36-45,2026,2026-07
LIC101730,42,Female,Mumbai,Maharashtra,Endowment,56500,1078000,15,Quarterly,Active,Not Claimed,0,AG1185,2023-04-08,36-45,2023,2023-04
LIC101731,47,Male,Bengaluru,Karnataka,Term,23200,198000,30,Monthly,Active,Not Claimed,0,AG1234,2020-04-29,46-55,2020,2020-04
LIC101732,33,Male,Pune,Maharashtra,Endowment,48300,470000,12,Monthly,Matured,Not Claimed,0,AG1230,2018-04-17,26-35,2018,2018-04
LIC101733,41,Male,Kolkata,West Bengal,Micro Insurance,8000,162000,15,Yearly,Active,Not Claimed,0,AG1142,2025-04-25,36-45,2025,2025-04
LIC101734,42,Female,Kolkata,West Bengal,Whole Life,19800,211000,15,Yearly,Active,Not Claimed,0,AG1111,2018-04-30,36-45,2018,2018-04
LIC101735,53,Male,Mumbai,Maharashtra,Endowment,51100,794000,25,Monthly,Lapsed,Not Claimed,0,AG1083,2023-10-16,46-55,2023,2023-10
LIC101736,47,Male,Chandigarh,Chandigarh,Term,22400,274000,10,Monthly,Active,Not Claimed,0,AG1243,2026-04-23,46-55,2026,2026-04
LIC101737,22,Female,Coimbatore,Tamil Nadu,Micro Insurance,6700,102000,15,Monthly,Active,Not Claimed,0,AG1007,2023-10-31,18-25,2023,2023-10
LIC101738,37,Male,Nagpur,Maharashtra,Pension,46900,437000,25,Half-Yearly,Active,Not Claimed,0,AG1061,2019-12-15,36-45,2019,2019-12
LIC101739,29,Female,Bhopal,Madhya Pradesh,Endowment,43900,915000,30,Yearly,Active,Not Claimed,0,AG1213,2022-09-17,26-35,2022,2022-09
LIC101740,45,Female,Lucknow,Uttar Pradesh,Term,16500,154000,20,Quarterly,Active,Not Claimed,0,AG1183,2023-03-08,36-45,2023,2023-03
LIC101741,49,Male,Varanasi,Uttar Pradesh,Term,12800,285000,15,Yearly,Active,Claimed,256000,AG1239,2023-03-27,46-55,2023,2023-03
LIC101742,40,Female,Kochi,Kerala,Term,25100,484000,15,Yearly,Active,Not Claimed,0,AG1053,2022-08-20,36-45,2022,2022-08
LIC101743,36,Female,Patna,Bihar,Money Back,26500,400000,15,Single Premium,Active,Not Claimed,0,AG1220,2023-12-02,36-45,2023,2023-12
LIC101744,40,Male,Delhi,Delhi,Pension,48600,1105000,20,Monthly,Active,Not Claimed,0,AG1083,2020-01-30,36-45,2020,2020-01
LIC101745,41,Male,Kochi,Kerala,Money Back,31300,349000,20,Monthly,Active,Not Claimed,0,AG1172,2022-07-05,36-45,2022,2022-07
LIC101746,32,Male,Hyderabad,Telangana,Pension,74900,936000,20,Monthly,Matured,Not Claimed,0,AG1028,2019-03-30,26-35,2019,2019-03
LIC101747,26,Male,Surat,Gujarat,Money Back,35200,364000,15,,Active,Not Claimed,0,AG1177,2020-08-17,26-35,2020,2020-08
LIC101748,18,Female,Patna,Bihar,Whole Life,27500,398000,20,Yearly,Matured,Claimed,296000,AG1155,2018-08-20,18-25,2018,2018-08
LIC101749,53,Male,Kochi,Kerala,ULIP,78000,1932000,25,Half-Yearly,Active,Not Claimed,0,AG1249,2022-05-14,46-55,2022,2022-05
LIC101750,44,Female,Bhopal,Madhya Pradesh,Term,36500,392000,25,Monthly,Active,Not Claimed,0,AG1207,2023-01-01,36-45,2023,2023-01
LIC101751,43,Male,Pune,Maharashtra,Endowment,51600,1142000,20,Quarterly,Active,Not Claimed,0,AG1244,2025-09-21,36-45,2025,2025-09
LIC101752,53,Male,Varanasi,Uttar Pradesh,Whole Life,32800,626000,20,Quarterly,Surrendered,Claimed,196000,AG1167,2019-07-16,46-55,2019,2019-07
LIC101753,25,Female,Indore,Madhya Pradesh,Term,21900,181000,15,Half-Yearly,Active,Not Claimed,0,AG1214,2024-06-21,18-25,2024,2024-06
LIC101754,20,Female,Varanasi,Uttar Pradesh,Endowment,27000,650000,10,Monthly,Active,Not Claimed,0,AG1084,2022-12-12,18-25,2022,2022-12
LIC101755,43,Male,Kanpur,Uttar Pradesh,Money Back,40000,980000,10,Monthly,Surrendered,Not Claimed,0,AG1027,2024-11-27,36-45,2024,2024-11
LIC101756,42,Male,Kochi,Kerala,Micro Insurance,11400,270000,15,Yearly,Matured,Not Claimed,0,AG1035,2020-05-25,36-45,2020,2020-05
LIC101757,20,Male,Lucknow,Uttar Pradesh,Money Back,37600,622000,10,Quarterly,Active,Not Claimed,0,AG1069,2024-08-15,18-25,2024,2024-08
LIC101758,43,Male,Ahmedabad,Gujarat,Pension,54200,637000,20,Quarterly,Surrendered,Claimed,478000,AG1194,2022-06-27,36-45,2022,2022-06
LIC101759,35,Male,Kochi,Kerala,Endowment,42200,618000,20,Monthly,Active,Not Claimed,0,AG1297,2020-09-19,26-35,2020,2020-09
LIC101760,30,Male,Mumbai,Maharashtra,ULIP,46500,858000,15,Yearly,Active,Not Claimed,0,AG1050,2022-04-06,26-35,2022,2022-04
LIC101761,35,Female,Ahmedabad,Gujarat,Money Back,39300,568000,5,Half-Yearly,Active,Not Claimed,0,AG1045,2018-09-15,26-35,2018,2018-09
LIC101762,18,Male,Pune,Maharashtra,Pension,59600,1194000,10,Yearly,Active,Not Claimed,0,AG1276,2019-12-24,18-25,2019,2019-12
LIC101763,32,Female,Kolkata,West Bengal,Endowment,38300,824000,10,Half-Yearly,Active,Not Claimed,0,AG1120,2024-10-12,26-35,2024,2024-10
LIC101764,31,Male,Surat,Gujarat,Whole Life,14900,172000,10,Single Premium,Lapsed,Not Claimed,0,AG1292,2020-10-30,26-35,2020,2020-10
LIC101765,45,Male,Surat,Gujarat,Whole Life,38300,570000,30,Yearly,Active,Not Claimed,0,AG1200,2019-11-08,36-45,2019,2019-11
LIC101766,37,Female,Delhi,Delhi,Endowment,78200,1899000,15,Half-Yearly,Active,Not Claimed,0,AG1091,2025-06-03,36-45,2025,2025-06
LIC101767,46,Male,Mumbai,Maharashtra,Term,18300,224000,12,Single Premium,Matured,Not Claimed,0,AG1152,2019-03-01,46-55,2019,2019-03
LIC101768,18,Female,Patna,Bihar,Term,11900,165000,10,Quarterly,Active,Not Claimed,0,AG1164,2022-05-20,18-25,2022,2022-05
LIC101769,30,Male,Lucknow,Uttar Pradesh,Term,21800,188000,20,Quarterly,Surrendered,Claimed,111000,AG1133,2022-11-21,26-35,2022,2022-11
LIC101770,45,Male,Kochi,Kerala,Pension,87600,1196000,20,Monthly,Surrendered,Claimed,467000,AG1212,2022-03-16,36-45,2022,2022-03
LIC101771,36,Female,Kochi,Kerala,Endowment,49300,705000,10,Half-Yearly,Matured,Not Claimed,0,AG1181,2021-09-02,36-45,2021,2021-09
LIC101772,48,Male,Chandigarh,Chandigarh,Endowment,78700,763000,25,Yearly,Lapsed,Not Claimed,0,AG1256,2019-09-22,46-55,2019,2019-09
LIC101773,19,Female,Ahmedabad,Gujarat,ULIP,64900,521000,20,Yearly,Active,Not Claimed,0,AG1098,2018-05-14,18-25,2018,2018-05
LIC101774,47,Female,Surat,Gujarat,Endowment,58600,1042000,12,Monthly,Active,Not Claimed,0,AG1124,2026-03-28,46-55,2026,2026-03
LIC101775,32,Male,Ahmedabad,Gujarat,Money Back,31100,408000,15,Quarterly,Active,Not Claimed,0,AG1178,2023-08-28,26-35,2023,2023-08
LIC101776,31,Male,Chandigarh,Chandigarh,Term,19500,162000,15,Monthly,Active,Not Claimed,0,AG1241,2021-10-02,26-35,2021,2021-10
LIC101777,50,Male,Bhopal,Madhya Pradesh,Pension,56200,1271000,15,Yearly,Active,Not Claimed,0,AG1226,2019-01-03,46-55,2019,2019-01
LIC101778,52,Male,Ahmedabad,Gujarat,Pension,56800,1019000,20,Monthly,Active,Not Claimed,0,AG1163,2018-06-17,46-55,2018,2018-06
LIC101779,50,Female,Nagpur,Maharashtra,Pension,52800,576000,10,Yearly,Surrendered,Not Claimed,0,AG1294,2018-01-17,46-55,2018,2018-01
LIC101780,61,Male,Chennai,Tamil Nadu,Endowment,58700,1333000,15,Monthly,Matured,Not Claimed,0,AG1155,2026-02-04,56-65,2026,2026-02
LIC101781,53,Male,Mumbai,Maharashtra,ULIP,44000,542000,15,Quarterly,Active,Not Claimed,0,AG1248,2022-03-26,46-55,2022,2022-03
LIC101782,30,Female,Mumbai,Maharashtra,Term,22600,268000,15,Yearly,Active,Not Claimed,0,AG1193,2022-03-11,26-35,2022,2022-03
LIC101783,41,Male,Coimbatore,Tamil Nadu,Term,15100,350000,25,Quarterly,Active,Not Claimed,0,AG1073,2022-02-06,36-45,2022,2022-02
LIC101784,35,Female,Kanpur,Uttar Pradesh,Term,16800,186000,10,Monthly,Matured,Not Claimed,0,AG1259,2019-06-27,26-35,2019,2019-06
LIC101785,61,Male,Nagpur,Maharashtra,Money Back,51800,1188000,10,Half-Yearly,Active,Not Claimed,0,AG1230,2019-12-28,56-65,2019,2019-12
LIC101786,51,Female,Kanpur,Uttar Pradesh,Money Back,33100,717000,20,Monthly,Active,Not Claimed,0,AG1100,2024-06-11,46-55,2024,2024-06
LIC101787,37,Male,Kolkata,West Bengal,Money Back,21300,283000,10,Single Premium,Active,Not Claimed,0,AG1226,2019-01-14,36-45,2019,2019-01
LIC101788,49,Male,Jaipur,Rajasthan,Term,18900,162000,10,Half-Yearly,Active,Not Claimed,0,AG1030,2018-12-06,46-55,2018,2018-12
LIC101789,25,Male,Delhi,Delhi,Endowment,28100,264000,15,Monthly,Surrendered,Claimed,199000,AG1223,2024-01-08,18-25,2024,2024-01
LIC101790,42,Male,Kochi,Kerala,Whole Life,39700,392000,10,Half-Yearly,Active,Not Claimed,0,AG1222,2026-07-14,36-45,2026,2026-07
LIC101791,29,Female,Pune,Maharashtra,Money Back,26100,604000,15,Monthly,Active,Not Claimed,0,AG1016,2018-07-26,26-35,2018,2018-07
LIC101792,20,Male,Jaipur,Rajasthan,ULIP,78800,1172000,12,Yearly,Matured,Claimed,497000,AG1285,2023-12-27,18-25,2023,2023-12
LIC101793,48,Female,Mumbai,Maharashtra,Endowment,48500,415000,10,Single Premium,Matured,Claimed,318000,AG1206,2020-04-25,46-55,2020,2020-04
LIC101794,49,Male,Jaipur,Rajasthan,Pension,57000,995000,15,Yearly,Matured,Not Claimed,0,AG1216,2024-08-28,46-55,2024,2024-08
LIC101795,44,Male,Kanpur,Uttar Pradesh,Money Back,22900,264000,5,Quarterly,Active,Not Claimed,0,AG1100,2019-12-27,36-45,2019,2019-12
LIC101796,37,Male,Indore,Madhya Pradesh,Endowment,44800,537000,30,Quarterly,Active,Not Claimed,0,AG1024,2019-11-05,36-45,2019,2019-11
LIC101797,25,Male,Jaipur,Rajasthan,Endowment,41100,441000,15,Monthly,Active,Not Claimed,0,AG1263,2023-03-08,18-25,2023,2023-03
LIC101798,26,Male,Indore,Madhya Pradesh,Whole Life,20900,438000,20,Yearly,Active,Not Claimed,0,AG1101,2026-04-28,26-35,2026,2026-04
LIC101799,28,Male,Jaipur,Rajasthan,Pension,49200,394000,20,Half-Yearly,Active,Not Claimed,0,AG1046,2024-02-29,26-35,2024,2024-02
LIC101800,36,Female,Patna,Bihar,Endowment,38000,588000,12,Quarterly,Active,Claimed,449000,AG1240,2023-08-20,36-45,2023,2023-08
LIC101801,51,Male,Chennai,Tamil Nadu,Endowment,47100,446000,20,Yearly,Active,Not Claimed,0,AG1102,2018-12-16,46-55,2018,2018-12
LIC101802,51,Male,Delhi,Delhi,Pension,57600,1002000,25,Monthly,Matured,Not Claimed,0,AG1153,2021-01-04,46-55,2021,2021-01
LIC101803,21,Male,Pune,Maharashtra,Whole Life,26300,365000,12,Monthly,Active,Not Claimed,0,AG1043,2022-11-05,18-25,2022,2022-11
LIC101804,31,Male,Nagpur,Maharashtra,Money Back,38600,327000,30,Monthly,Matured,Not Claimed,0,AG1055,2022-11-04,26-35,2022,2022-11
LIC101805,31,Female,Chennai,Tamil Nadu,Money Back,35100,556000,5,Monthly,Active,Not Claimed,0,AG1156,2020-01-08,26-35,2020,2020-01
LIC101806,18,Male,Pune,Maharashtra,Endowment,47900,848000,10,Monthly,Active,Not Claimed,0,AG1297,2018-08-05,18-25,2018,2018-08
LIC101807,45,Male,Coimbatore,Tamil Nadu,Whole Life,29000,354000,20,Half-Yearly,Active,Not Claimed,0,AG1034,2021-08-08,36-45,2021,2021-08
LIC101808,36,Male,Pune,Maharashtra,Endowment,31500,662000,10,Quarterly,Lapsed,Not Claimed,0,AG1238,2023-08-14,36-45,2023,2023-08
LIC101809,38,Male,Delhi,Delhi,Micro Insurance,5100,100000,20,Monthly,Active,Not Claimed,0,AG1180,2022-08-12,36-45,2022,2022-08
LIC101810,54,Male,Kochi,Kerala,Money Back,66200,1373000,25,Yearly,Matured,Not Claimed,0,AG1154,2022-09-21,46-55,2022,2022-09
LIC101811,40,Female,Indore,Madhya Pradesh,Money Back,49900,890000,30,Monthly,Active,Not Claimed,0,AG1205,2025-04-07,36-45,2025,2025-04
LIC101812,34,Male,Jaipur,Rajasthan,Money Back,50600,1153000,15,Yearly,Matured,Not Claimed,0,AG1268,2020-11-27,26-35,2020,2020-11
LIC101813,45,Male,Coimbatore,Tamil Nadu,Pension,77000,1332000,30,Quarterly,Active,Not Claimed,0,AG1022,2019-08-11,36-45,2019,2019-08
LIC101814,51,Female,Indore,Madhya Pradesh,ULIP,54400,607000,15,Half-Yearly,Matured,Not Claimed,0,AG1006,2021-08-11,46-55,2021,2021-08
LIC101815,42,Male,Patna,Bihar,Money Back,42400,932000,10,Single Premium,Active,Not Claimed,0,AG1036,2026-08-27,36-45,2026,2026-08
LIC101816,47,Female,Mumbai,Maharashtra,Whole Life,35100,748000,15,Monthly,Lapsed,Not Claimed,0,AG1126,2025-11-09,46-55,2025,2025-11
LIC101817,37,Male,Hyderabad,Telangana,Money Back,44300,1087000,20,Half-Yearly,Active,Not Claimed,0,AG1229,2020-04-09,36-45,2020,2020-04
LIC101818,38,Female,Surat,Gujarat,Money Back,34400,330000,15,Yearly,Active,Not Claimed,0,AG1187,2024-05-11,36-45,2024,2024-05
LIC101819,40,Male,Mumbai,Maharashtra,Term,19600,354000,15,Half-Yearly,Matured,Not Claimed,0,AG1059,2025-04-07,36-45,2025,2025-04
LIC101820,31,Male,Bhopal,Madhya Pradesh,Money Back,36700,600000,15,Quarterly,Active,Not Claimed,0,AG1068,2020-10-07,26-35,2020,2020-10
LIC101821,33,Male,Hyderabad,Telangana,Endowment,48700,945000,15,Quarterly,Active,Not Claimed,0,AG1120,2023-11-18,26-35,2023,2023-11
LIC101822,54,Male,Surat,Gujarat,Pension,70800,1746000,30,Yearly,Lapsed,Not Claimed,0,AG1245,2021-07-26,46-55,2021,2021-07
LIC101823,61,Male,Coimbatore,Tamil Nadu,Endowment,56600,965000,15,Yearly,Active,Not Claimed,0,AG1068,2026-06-03,56-65,2026,2026-06
LIC101824,57,Male,Mumbai,Maharashtra,Pension,62800,1234000,12,Monthly,Active,Not Claimed,0,AG1154,2024-09-25,56-65,2024,2024-09
LIC101825,24,Male,Chandigarh,Chandigarh,Money Back,38400,534000,20,Monthly,Active,Not Claimed,0,AG1297,2025-03-22,18-25,2025,2025-03
LIC101826,23,Male,Chandigarh,Chandigarh,Whole Life,47600,623000,15,Quarterly,Lapsed,Not Claimed,0,AG1203,2019-12-11,18-25,2019,2019-12
LIC101827,26,Male,Bengaluru,Karnataka,Money Back,22200,304000,20,Monthly,Active,Not Claimed,0,AG1133,2024-07-01,26-35,2024,2024-07
LIC101828,40,Female,Bhopal,Madhya Pradesh,Term,14500,126000,10,Quarterly,Active,Not Claimed,0,AG1116,2023-05-15,36-45,2023,2023-05
LIC101829,18,Male,Pune,Maharashtra,Endowment,50700,651000,15,Monthly,Active,Not Claimed,0,AG1093,2022-08-28,18-25,2022,2022-08
LIC101830,33,Male,Patna,Bihar,Term,19400,212000,10,Monthly,Matured,Claimed,152000,AG1102,2026-04-09,26-35,2026,2026-04
LIC101831,54,Male,Bengaluru,Karnataka,Whole Life,39700,626000,10,Monthly,Matured,Not Claimed,0,AG1275,2020-10-21,46-55,2020,2020-10
LIC101832,50,Male,Ahmedabad,Gujarat,Money Back,51200,811000,20,Single Premium,Lapsed,Not Claimed,0,AG1118,2019-08-23,46-55,2019,2019-08
LIC101833,33,Male,Nagpur,Maharashtra,ULIP,55200,1160000,15,Monthly,Active,Not Claimed,0,AG1065,2021-12-12,26-35,2021,2021-12
LIC101834,34,Female,Nagpur,Maharashtra,Endowment,35900,594000,25,Monthly,Active,Not Claimed,0,AG1069,2018-01-10,26-35,2018,2018-01
LIC101835,45,Male,Lucknow,Uttar Pradesh,Term,24000,381000,15,Monthly,Active,Not Claimed,0,AG1215,2024-08-19,36-45,2024,2024-08
LIC101836,49,Male,Delhi,Delhi,Endowment,49300,589000,12,Single Premium,Active,Claimed,386000,AG1147,2019-10-08,46-55,2019,2019-10
LIC101837,33,Male,Nagpur,Maharashtra,Pension,42300,951000,20,Yearly,Surrendered,Claimed,303000,AG1066,2023-06-15,26-35,2023,2023-06
LIC101838,36,Male,Jaipur,Rajasthan,Whole Life,36800,351000,20,Yearly,Lapsed,Not Claimed,0,AG1176,2021-02-07,36-45,2021,2021-02
LIC101839,33,Female,Bengaluru,Karnataka,Endowment,50400,1245000,20,Monthly,Active,Not Claimed,0,AG1066,2022-10-09,26-35,2022,2022-10
LIC101840,24,Female,Ahmedabad,Gujarat,Money Back,38200,615000,20,Yearly,Active,Not Claimed,0,AG1201,2019-10-14,18-25,2019,2019-10
LIC101841,37,Male,Kanpur,Uttar Pradesh,Term,29800,333000,10,Quarterly,Active,Not Claimed,0,AG1018,2023-11-21,36-45,2023,2023-11
LIC101842,36,Male,Delhi,Delhi,Micro Insurance,8800,123000,20,Quarterly,Active,Not Claimed,0,AG1295,2022-07-05,36-45,2022,2022-07
LIC101843,25,Male,Pune,Maharashtra,Whole Life,39700,328000,15,Half-Yearly,Active,Not Claimed,0,AG1127,2026-08-08,18-25,2026,2026-08
LIC101844,46,Male,Bhopal,Madhya Pradesh,Endowment,97500,1056000,15,Yearly,Active,Not Claimed,0,AG1201,2026-01-11,46-55,2026,2026-01
LIC101845,44,Male,Kolkata,West Bengal,Money Back,38300,525000,25,Yearly,Active,Not Claimed,0,AG1051,2026-02-12,36-45,2026,2026-02
LIC101846,47,Female,Delhi,Delhi,Term,18100,315000,15,Yearly,Matured,Not Claimed,0,AG1127,2023-11-28,46-55,2023,2023-11
LIC101847,31,Male,Kanpur,Uttar Pradesh,Micro Insurance,7600,100000,20,Single Premium,Active,Not Claimed,0,AG1151,2018-08-12,26-35,2018,2018-08
LIC101848,18,Male,Kolkata,West Bengal,Term,16800,327000,15,Monthly,Active,Not Claimed,0,AG1161,2024-03-21,18-25,2024,2024-03
LIC101849,44,Male,Surat,Gujarat,Whole Life,33400,747000,10,Quarterly,Active,Not Claimed,0,AG1188,2022-10-21,36-45,2022,2022-10
LIC101850,32,Female,Bhopal,Madhya Pradesh,Endowment,31900,566000,15,Monthly,Matured,Claimed,202000,AG1230,2020-01-21,26-35,2020,2020-01
LIC101851,29,Male,Chennai,Tamil Nadu,Whole Life,35600,464000,20,Yearly,Matured,Not Claimed,0,AG1098,2025-05-02,26-35,2025,2025-05
LIC101852,25,Female,Surat,Gujarat,ULIP,34400,346000,15,Monthly,Active,Not Claimed,0,AG1181,2020-04-22,18-25,2020,2020-04
LIC101853,36,Male,Patna,Bihar,Whole Life,29600,245000,15,Yearly,Active,Not Claimed,0,AG1205,2024-03-11,36-45,2024,2024-03
LIC101854,56,Male,Kanpur,Uttar Pradesh,Whole Life,37400,764000,25,Quarterly,Active,Not Claimed,0,AG1082,2022-04-21,56-65,2022,2022-04
LIC101855,33,Female,Pune,Maharashtra,Pension,42500,794000,5,Quarterly,Active,Not Claimed,0,AG1033,2024-04-22,26-35,2024,2024-04
LIC101856,27,Female,Nagpur,Maharashtra,Term,11000,177000,12,Monthly,Active,Not Claimed,0,AG1238,2025-06-07,26-35,2025,2025-06
LIC101857,46,Male,Kochi,Kerala,Endowment,29000,282000,20,Quarterly,Active,Not Claimed,0,AG1081,2022-02-14,46-55,2022,2022-02
LIC101858,41,Male,Bhopal,Madhya Pradesh,Endowment,36500,420000,25,Yearly,Active,Not Claimed,0,AG1002,2020-10-16,36-45,2020,2020-10
LIC101859,18,Female,Patna,Bihar,Micro Insurance,7000,153000,15,Monthly,Active,Not Claimed,0,AG1090,2021-11-28,18-25,2021,2021-11
LIC101860,46,Male,Indore,Madhya Pradesh,Endowment,51600,834000,25,Quarterly,Active,Not Claimed,0,AG1126,2020-12-01,46-55,2020,2020-12
LIC101861,62,Male,Patna,Bihar,ULIP,68500,1669000,10,Monthly,Active,Not Claimed,0,AG1021,2021-11-12,56-65,2021,2021-11
LIC101862,18,Female,Kanpur,Uttar Pradesh,Whole Life,23400,585000,10,Quarterly,Active,Not Claimed,0,AG1005,2020-11-18,18-25,2020,2020-11
LIC101863,25,Male,Surat,Gujarat,Endowment,46200,998000,25,Monthly,Active,Not Claimed,0,AG1284,2025-07-05,18-25,2025,2025-07
LIC101864,18,Male,Surat,Gujarat,Endowment,25400,315000,25,Monthly,Active,Not Claimed,0,AG1197,2025-02-21,18-25,2025,2025-02
LIC101865,38,Male,Chennai,Tamil Nadu,Endowment,22200,265000,10,Yearly,Active,Not Claimed,0,,2024-07-02,36-45,2024,2024-07
LIC101866,50,Male,Patna,Bihar,Endowment,46300,570000,10,Quarterly,Lapsed,Not Claimed,0,AG1250,2025-11-30,46-55,2025,2025-11
LIC101867,40,Male,Coimbatore,Tamil Nadu,Endowment,38200,946000,10,Quarterly,Lapsed,Not Claimed,0,AG1083,2020-12-13,36-45,2020,2020-12
LIC101868,54,Male,Surat,Gujarat,Term,29400,403000,12,Half-Yearly,Lapsed,Not Claimed,0,AG1236,2022-02-22,46-55,2022,2022-02
LIC101869,48,Male,Chennai,Tamil Nadu,Pension,58000,1161000,20,Monthly,Active,Not Claimed,0,AG1168,2024-09-30,46-55,2024,2024-09
LIC101870,58,Male,Indore,Madhya Pradesh,Micro Insurance,12200,297000,15,Monthly,Lapsed,Not Claimed,0,AG1006,2020-10-18,56-65,2020,2020-10
LIC101871,52,Female,Coimbatore,Tamil Nadu,Endowment,43400,952000,15,Half-Yearly,Active,Not Claimed,0,AG1142,2021-10-15,46-55,2021,2021-10
LIC101872,35,Male,Delhi,Delhi,Endowment,48100,873000,20,Monthly,Surrendered,Not Claimed,0,AG1125,2026-01-29,26-35,2026,2026-01
LIC101873,40,Female,Nagpur,Maharashtra,Term,17800,194000,25,Yearly,Active,Not Claimed,0,AG1167,2018-10-07,36-45,2018,2018-10
LIC101874,29,Male,Chennai,Tamil Nadu,Whole Life,44200,485000,10,Half-Yearly,Active,Not Claimed,0,AG1169,2020-12-14,26-35,2020,2020-12
LIC101875,36,Other,Kanpur,Uttar Pradesh,Pension,45900,751000,20,Yearly,Active,Not Claimed,0,AG1024,2024-03-20,36-45,2024,2024-03
LIC101876,40,Male,Varanasi,Uttar Pradesh,Term,24200,585000,25,Single Premium,Surrendered,Not Claimed,0,AG1171,2023-11-26,36-45,2023,2023-11
LIC101877,38,Female,Nagpur,Maharashtra,Term,13800,323000,10,Monthly,Surrendered,Claimed,129000,AG1109,2025-07-28,36-45,2025,2025-07
LIC101878,54,Male,Surat,Gujarat,ULIP,56800,615000,25,Quarterly,Lapsed,Not Claimed,0,AG1210,2019-11-15,46-55,2019,2019-11
LIC101879,35,Male,Bengaluru,Karnataka,Whole Life,29300,378000,20,Quarterly,Active,Not Claimed,0,AG1095,2019-08-25,26-35,2019,2019-08
LIC101880,29,Female,Ahmedabad,Gujarat,Term,25600,461000,5,Monthly,Active,Not Claimed,0,AG1202,2023-08-06,26-35,2023,2023-08
LIC101881,29,Female,Kanpur,Uttar Pradesh,Whole Life,16200,261000,12,Yearly,Surrendered,Not Claimed,0,AG1285,2022-03-13,26-35,2022,2022-03
LIC101882,46,Male,Lucknow,Uttar Pradesh,Endowment,43300,434000,20,Yearly,Active,Not Claimed,0,AG1002,2020-08-18,46-55,2020,2020-08
LIC101883,24,Female,Chennai,Tamil Nadu,Endowment,37900,541000,15,Half-Yearly,Matured,Not Claimed,0,AG1286,2026-06-05,18-25,2026,2026-06
LIC101884,37,Male,Kochi,Kerala,ULIP,29800,722000,15,Half-Yearly,Active,Not Claimed,0,AG1231,2019-05-22,36-45,2019,2019-05
LIC101885,54,Female,Delhi,Delhi,Pension,51800,1252000,12,Monthly,Active,Not Claimed,0,AG1254,2022-12-28,46-55,2022,2022-12
LIC101886,42,Male,Chandigarh,Chandigarh,Endowment,29600,518000,20,Half-Yearly,Matured,Not Claimed,0,AG1111,2021-04-09,36-45,2021,2021-04
LIC101887,38,Male,Indore,Madhya Pradesh,Pension,25900,487000,12,Yearly,Active,Not Claimed,0,AG1074,2020-05-24,36-45,2020,2020-05
LIC101888,39,Male,Chennai,Tamil Nadu,Endowment,40900,481000,15,Half-Yearly,Matured,Claimed,300000,AG1076,2024-05-04,36-45,2024,2024-05
LIC101889,28,Male,Patna,Bihar,ULIP,47900,987000,15,Quarterly,Active,Not Claimed,0,AG1212,2018-07-12,26-35,2018,2018-07
LIC101890,30,Female,Hyderabad,Telangana,Money Back,33600,299000,20,Yearly,Matured,Claimed,282000,AG1118,2025-09-04,26-35,2025,2025-09
LIC101891,37,Male,,Madhya Pradesh,Pension,52800,620000,10,Quarterly,Active,Not Claimed,0,AG1233,2021-04-18,36-45,2021,2021-04
LIC101892,42,Male,Lucknow,Uttar Pradesh,Pension,40700,330000,10,Half-Yearly,Active,Not Claimed,0,AG1187,2025-09-08,36-45,2025,2025-09
LIC101893,49,Male,Hyderabad,Telangana,Term,34700,505000,10,Half-Yearly,Active,Not Claimed,0,AG1275,2023-10-19,46-55,2023,2023-10
LIC101894,40,Male,Indore,Madhya Pradesh,Pension,50400,1132000,10,Quarterly,Active,Not Claimed,0,AG1151,2020-11-19,36-45,2020,2020-11
LIC101895,54,Male,Hyderabad,Telangana,Pension,84500,2087000,10,Yearly,Active,Not Claimed,0,AG1211,2019-05-25,46-55,2019,2019-05
LIC101896,57,Male,Chandigarh,Chandigarh,ULIP,41100,795000,20,Yearly,Surrendered,Claimed,686000,AG1289,2020-01-04,56-65,2020,2020-01
LIC101897,48,Female,Lucknow,Uttar Pradesh,Endowment,38400,793000,20,Monthly,Active,Not Claimed,0,AG1207,2019-04-05,46-55,2019,2019-04
LIC101898,52,Male,Lucknow,Uttar Pradesh,ULIP,75900,946000,20,Single Premium,Active,Not Claimed,0,AG1090,2022-07-20,46-55,2022,2022-07
LIC101899,28,Male,Chennai,Tamil Nadu,Pension,45000,758000,15,Half-Yearly,Matured,Not Claimed,0,AG1146,2019-04-03,26-35,2019,2019-04
LIC101900,26,Female,Varanasi,Uttar Pradesh,Endowment,31100,638000,10,Yearly,Active,Not Claimed,0,AG1065,2019-07-21,26-35,2019,2019-07
LIC101901,45,Male,Chennai,Tamil Nadu,Pension,32100,528000,30,Yearly,Active,Not Claimed,0,AG1086,2018-02-08,36-45,2018,2018-02
LIC101902,24,Female,Hyderabad,Telangana,Term,22100,210000,10,Half-Yearly,Active,Not Claimed,0,AG1292,2020-08-27,18-25,2020,2020-08
LIC101903,36,Female,Mumbai,Maharashtra,Term,21900,451000,20,Yearly,Matured,Not Claimed,0,AG1161,2023-02-17,36-45,2023,2023-02
LIC101904,47,Male,Bhopal,Madhya Pradesh,Money Back,44100,517000,25,Monthly,Active,Not Claimed,0,AG1231,2018-09-19,46-55,2018,2018-09
LIC101905,55,Male,Indore,Madhya Pradesh,Money Back,38900,376000,20,Monthly,Active,Not Claimed,0,AG1142,2018-07-03,46-55,2018,2018-07
LIC101906,36,Female,Lucknow,Uttar Pradesh,Whole Life,22200,358000,10,Yearly,Matured,Not Claimed,0,AG1239,2019-06-04,36-45,2019,2019-06
LIC101907,32,Male,Surat,Gujarat,Term,17700,164000,12,Yearly,Lapsed,Not Claimed,0,AG1293,2026-04-16,26-35,2026,2026-04
LIC101908,43,Female,Indore,Madhya Pradesh,Micro Insurance,4600,100000,5,Yearly,Active,Not Claimed,0,AG1237,2025-11-10,36-45,2025,2025-11
LIC101909,27,Male,Jaipur,Rajasthan,Term,14600,276000,20,Yearly,Lapsed,Not Claimed,0,AG1133,2025-12-30,26-35,2025,2025-12
LIC101910,37,Male,Jaipur,Rajasthan,Term,26200,324000,20,Half-Yearly,Matured,Not Claimed,0,AG1189,2019-01-21,36-45,2019,2019-01
LIC101911,39,Male,,Gujarat,Term,11200,273000,20,Quarterly,Active,Not Claimed,0,AG1214,2025-03-08,36-45,2025,2025-03
LIC101912,39,Male,Lucknow,Uttar Pradesh,Money Back,45600,1004000,5,Single Premium,Lapsed,Not Claimed,0,AG1143,2018-09-10,36-45,2018,2018-09
LIC101913,40,Male,Lucknow,Uttar Pradesh,Pension,77300,762000,20,Quarterly,Active,Not Claimed,0,AG1293,2020-10-31,36-45,2020,2020-10
LIC101914,30,Female,Ahmedabad,Gujarat,Whole Life,37700,781000,20,Yearly,Active,Not Claimed,0,AG1283,2025-04-01,26-35,2025,2025-04
LIC101915,31,Female,Kanpur,Uttar Pradesh,Pension,53700,752000,10,Half-Yearly,Active,Not Claimed,0,AG1112,2024-03-08,26-35,2024,2024-03
LIC101916,31,Male,Chandigarh,Chandigarh,Term,15800,328000,15,Half-Yearly,Active,Not Claimed,0,AG1257,2022-03-20,26-35,2022,2022-03
LIC101917,21,Male,Kolkata,West Bengal,Money Back,30000,648000,20,Quarterly,Active,Not Claimed,0,AG1200,2022-07-25,18-25,2022,2022-07
LIC101918,43,Female,Chennai,Tamil Nadu,Money Back,21000,222000,15,Single Premium,Lapsed,Not Claimed,0,AG1225,2022-12-12,36-45,2022,2022-12
LIC101919,49,Male,,Kerala,Money Back,42500,818000,10,Half-Yearly,Active,Not Claimed,0,AG1285,2024-08-04,46-55,2024,2024-08
LIC101920,48,Female,Coimbatore,Tamil Nadu,Term,18600,422000,10,Single Premium,Active,Not Claimed,0,AG1159,2018-03-09,46-55,2018,2018-03
LIC101921,36,Male,Chennai,Tamil Nadu,Whole Life,25000,337000,20,Monthly,Active,Not Claimed,0,AG1294,2024-10-10,36-45,2024,2024-10
LIC101922,30,Female,Hyderabad,Telangana,Money Back,35800,335000,10,Half-Yearly,Lapsed,Not Claimed,0,AG1008,2023-02-16,26-35,2023,2023-02
LIC101923,47,Female,Lucknow,Uttar Pradesh,ULIP,60500,512000,10,Yearly,Active,Not Claimed,0,AG1095,2023-08-19,46-55,2023,2023-08
LIC101924,46,Male,Kochi,Kerala,Money Back,34100,337000,25,Yearly,Active,Not Claimed,0,AG1165,2019-06-21,46-55,2019,2019-06
LIC101925,41,Male,Coimbatore,Tamil Nadu,Term,30300,245000,20,Yearly,Active,Not Claimed,0,AG1207,2022-05-20,36-45,2022,2022-05
LIC101926,58,Male,Chennai,Tamil Nadu,Whole Life,47000,637000,20,Monthly,Lapsed,Not Claimed,0,AG1182,2026-08-04,56-65,2026,2026-08
LIC101927,39,Male,Lucknow,Uttar Pradesh,Term,24200,317000,15,Monthly,Active,Not Claimed,0,AG1096,2019-11-26,36-45,2019,2019-11
LIC101928,36,Male,Mumbai,Maharashtra,Pension,47200,466000,15,Half-Yearly,Lapsed,Not Claimed,0,AG1282,2021-04-11,36-45,2021,2021-04
LIC101929,35,Male,Kochi,Kerala,Whole Life,34600,660000,20,Monthly,Active,Not Claimed,0,AG1113,2020-03-11,26-35,2020,2020-03
LIC101930,22,Male,Kolkata,West Bengal,Term,14000,348000,30,Single Premium,Active,Claimed,291000,AG1267,2023-09-01,18-25,2023,2023-09
LIC101931,46,Female,Surat,Gujarat,Micro Insurance,8200,191000,10,Monthly,Active,Not Claimed,0,AG1023,2026-07-11,46-55,2026,2026-07
LIC101932,38,Male,Chandigarh,Chandigarh,Money Back,35200,433000,10,Half-Yearly,Matured,Claimed,337000,AG1289,2018-06-04,36-45,2018,2018-06
LIC101933,45,Female,Bengaluru,Karnataka,Term,15100,318000,10,Monthly,Active,Not Claimed,0,AG1113,2025-10-28,36-45,2025,2025-10
LIC101934,59,Female,Bhopal,Madhya Pradesh,Whole Life,38400,919000,20,Half-Yearly,Active,Not Claimed,0,AG1132,2022-01-25,56-65,2022,2022-01
LIC101935,35,Male,Delhi,Delhi,Endowment,38700,906000,15,Quarterly,Active,Not Claimed,0,AG1012,2018-03-19,26-35,2018,2018-03
LIC101936,18,Male,Mumbai,Maharashtra,ULIP,99700,2297000,10,Monthly,Active,Not Claimed,0,AG1234,2023-11-22,18-25,2023,2023-11
LIC101937,44,Female,Chandigarh,Chandigarh,Pension,60100,1284000,15,Quarterly,Active,Not Claimed,0,AG1239,2023-07-20,36-45,2023,2023-07
LIC101938,41,Female,Kanpur,Uttar Pradesh,Micro Insurance,10000,130000,10,Quarterly,Lapsed,Not Claimed,0,AG1103,2024-05-14,36-45,2024,2024-05
LIC101939,31,Male,Kolkata,West Bengal,Money Back,49400,465000,15,Single Premium,Active,Not Claimed,0,AG1170,2019-12-20,26-35,2019,2019-12
LIC101940,43,Female,Surat,Gujarat,Money Back,39900,650000,30,Monthly,Active,Not Claimed,0,AG1185,2020-02-02,36-45,2020,2020-02
LIC101941,48,Female,Bengaluru,Karnataka,ULIP,53100,474000,20,Half-Yearly,Active,Not Claimed,0,AG1066,2022-10-27,46-55,2022,2022-10
LIC101942,29,Female,Hyderabad,Telangana,Term,11100,277000,5,Single Premium,Active,Not Claimed,0,AG1135,2018-02-26,26-35,2018,2018-02
LIC101943,36,Female,Patna,Bihar,Money Back,28500,402000,12,Yearly,Active,Not Claimed,0,AG1125,2018-12-05,36-45,2018,2018-12
LIC101944,55,Male,Lucknow,Uttar Pradesh,Money Back,53700,1304000,5,Single Premium,Active,Not Claimed,0,AG1057,2018-10-01,46-55,2018,2018-10
LIC101945,31,Female,Jaipur,Rajasthan,Term,16500,349000,20,Single Premium,Matured,Not Claimed,0,AG1278,2026-02-03,26-35,2026,2026-02
LIC101946,40,Female,Nagpur,Maharashtra,Endowment,49500,742000,15,Half-Yearly,Active,Not Claimed,0,AG1182,2023-03-08,36-45,2023,2023-03
LIC101947,18,Male,Indore,Madhya Pradesh,Pension,27200,272000,30,Yearly,Active,Not Claimed,0,,2019-03-09,18-25,2019,2019-03
LIC101948,23,Female,Delhi,Delhi,Pension,54500,656000,20,Monthly,Active,Not Claimed,0,AG1261,2025-04-11,18-25,2025,2025-04
LIC101949,41,Male,Bengaluru,Karnataka,Term,26200,509000,15,Quarterly,Active,Not Claimed,0,AG1014,2024-09-04,36-45,2024,2024-09
LIC101950,53,Male,Hyderabad,Telangana,Term,13300,294000,20,Yearly,Lapsed,Not Claimed,0,AG1114,2023-04-06,46-55,2023,2023-04
LIC101951,24,Male,Kochi,Kerala,Endowment,46600,1149000,20,Half-Yearly,Lapsed,Not Claimed,0,AG1027,2023-03-28,18-25,2023,2023-03
LIC101952,40,Male,Bengaluru,Karnataka,Pension,74100,759000,12,Yearly,Active,Not Claimed,0,AG1260,2021-07-07,36-45,2021,2021-07
LIC101953,35,Male,Lucknow,Uttar Pradesh,Term,28800,307000,15,Yearly,Active,Not Claimed,0,AG1219,2024-01-31,26-35,2024,2024-01
LIC101954,49,Female,Hyderabad,Telangana,Whole Life,30400,265000,15,Monthly,Active,Not Claimed,0,AG1220,2022-10-14,46-55,2022,2022-10
LIC101955,26,Male,Jaipur,Rajasthan,Term,22400,278000,15,Yearly,Active,Not Claimed,0,AG1170,2022-12-06,26-35,2022,2022-12
LIC101956,44,Male,Chandigarh,Chandigarh,Whole Life,49600,1089000,10,Quarterly,Active,Not Claimed,0,AG1080,2026-04-14,36-45,2026,2026-04
LIC101957,32,Male,Patna,Bihar,Endowment,47000,534000,10,Monthly,Lapsed,Not Claimed,0,AG1275,2024-05-08,26-35,2024,2024-05
LIC101958,41,Male,Hyderabad,Telangana,ULIP,79900,1383000,12,Yearly,Active,Not Claimed,0,AG1116,2018-11-04,36-45,2018,2018-11
LIC101959,40,Female,Nagpur,Maharashtra,Endowment,44100,687000,5,Quarterly,Active,Not Claimed,0,AG1094,2022-07-31,36-45,2022,2022-07
LIC101960,36,Female,Coimbatore,Tamil Nadu,Whole Life,33900,459000,25,Yearly,Active,Not Claimed,0,AG1069,2025-03-27,36-45,2025,2025-03
LIC101961,44,Female,Chennai,Tamil Nadu,Endowment,39100,724000,20,Half-Yearly,Active,Not Claimed,0,AG1287,2019-07-10,36-45,2019,2019-07
LIC101962,39,Male,Pune,Maharashtra,Whole Life,30000,496000,20,Quarterly,Active,Not Claimed,0,AG1171,2024-03-04,36-45,2024,2024-03
LIC101963,38,Male,Lucknow,Uttar Pradesh,Pension,56100,768000,20,Yearly,Active,Not Claimed,0,AG1095,2021-02-14,36-45,2021,2021-02
LIC101964,35,Female,Hyderabad,Telangana,Term,14800,292000,20,Half-Yearly,Lapsed,Not Claimed,0,AG1149,2023-04-10,26-35,2023,2023-04
LIC101965,40,Female,Indore,Madhya Pradesh,Pension,47800,610000,30,Quarterly,Active,Not Claimed,0,AG1223,2023-08-15,36-45,2023,2023-08
LIC101966,41,Male,Nagpur,Maharashtra,Money Back,47800,905000,15,Monthly,Active,Not Claimed,0,AG1193,2023-05-20,36-45,2023,2023-05
LIC101967,28,Female,Chennai,Tamil Nadu,Term,32000,777000,20,Yearly,Active,Not Claimed,0,AG1233,2024-12-21,26-35,2024,2024-12
LIC101968,35,Female,Ahmedabad,Gujarat,Endowment,23700,483000,15,Monthly,Surrendered,Claimed,466000,AG1205,2022-07-08,26-35,2022,2022-07
LIC101969,27,Female,Kolkata,West Bengal,Term,31300,473000,25,Yearly,Surrendered,Not Claimed,0,AG1162,2022-11-21,26-35,2022,2022-11
LIC101970,39,Male,Mumbai,Maharashtra,Whole Life,29200,605000,25,Quarterly,Matured,Not Claimed,0,AG1036,2023-07-29,36-45,2023,2023-07
LIC101971,32,Female,Chennai,Tamil Nadu,ULIP,68100,1482000,25,Half-Yearly,Lapsed,Not Claimed,0,AG1230,2021-01-18,26-35,2021,2021-01
LIC101972,47,Male,Bengaluru,Karnataka,Term,28500,386000,5,Single Premium,Active,Not Claimed,0,AG1041,2026-06-27,46-55,2026,2026-06
LIC101973,46,Male,Jaipur,Rajasthan,Money Back,63200,1263000,12,Monthly,Lapsed,Not Claimed,0,AG1162,2020-08-07,46-55,2020,2020-08
LIC101974,29,Male,Ahmedabad,Gujarat,Pension,39100,602000,10,Half-Yearly,Surrendered,Claimed,566000,AG1153,2021-05-25,26-35,2021,2021-05
LIC101975,39,Male,Mumbai,Maharashtra,Pension,47200,1034000,15,Yearly,Active,Not Claimed,0,AG1076,2018-03-12,36-45,2018,2018-03
LIC101976,46,Male,Pune,Maharashtra,Money Back,40100,522000,15,Yearly,Active,Not Claimed,0,AG1251,2018-01-30,46-55,2018,2018-01
LIC101977,37,Male,Jaipur,Rajasthan,Pension,44500,1065000,12,Half-Yearly,Active,Not Claimed,0,AG1278,2025-11-08,36-45,2025,2025-11
LIC101978,31,Male,Hyderabad,Telangana,Money Back,52100,926000,20,Half-Yearly,Active,Not Claimed,0,AG1188,2019-11-02,26-35,2019,2019-11
LIC101979,27,Female,Chennai,Tamil Nadu,Endowment,41100,576000,12,Yearly,Active,Not Claimed,0,AG1278,2021-11-20,26-35,2021,2021-11
LIC101980,48,Female,Indore,Madhya Pradesh,Pension,35300,534000,25,Yearly,Active,Not Claimed,0,AG1189,2022-03-25,46-55,2022,2022-03
LIC101981,49,Male,Chandigarh,Chandigarh,Money Back,35200,490000,10,Yearly,Active,Not Claimed,0,AG1126,2020-09-20,46-55,2020,2020-09
LIC101982,37,Male,Delhi,Delhi,Money Back,23700,249000,15,Quarterly,Surrendered,Not Claimed,0,AG1240,2024-06-28,36-45,2024,2024-06
LIC101983,47,Female,Kolkata,West Bengal,Money Back,38600,354000,20,Single Premium,Active,Not Claimed,0,AG1194,2024-08-14,46-55,2024,2024-08
LIC101984,18,Male,Bhopal,Madhya Pradesh,Pension,57900,780000,20,Quarterly,Lapsed,Not Claimed,0,AG1200,2021-03-25,18-25,2021,2021-03
LIC101985,54,Female,Ahmedabad,Gujarat,Pension,49100,776000,10,Monthly,Active,Not Claimed,0,AG1225,2020-10-02,46-55,2020,2020-10
LIC101986,37,Female,Pune,Maharashtra,Endowment,38400,543000,25,Quarterly,Active,Not Claimed,0,AG1069,2024-03-11,36-45,2024,2024-03
LIC101987,41,Male,Ahmedabad,Gujarat,Endowment,41700,343000,20,Monthly,Active,Not Claimed,0,AG1192,2025-06-06,36-45,2025,2025-06
LIC101988,35,Female,Kochi,Kerala,Money Back,37400,667000,25,Monthly,Active,Not Claimed,0,AG1010,2021-01-11,26-35,2021,2021-01
LIC101989,54,Female,Bengaluru,Karnataka,Money Back,51100,535000,25,Quarterly,Active,Not Claimed,0,AG1267,2024-09-18,46-55,2024,2024-09
LIC101990,27,Male,Bhopal,Madhya Pradesh,Endowment,52700,611000,15,Monthly,Active,Not Claimed,0,AG1246,2019-09-05,26-35,2019,2019-09
LIC101991,55,Male,Bengaluru,Karnataka,ULIP,121300,1219000,25,Yearly,Active,Not Claimed,0,AG1261,2026-06-09,46-55,2026,2026-06
LIC101992,43,Male,Pune,Maharashtra,Money Back,40800,687000,25,Monthly,Active,Not Claimed,0,AG1012,2023-02-15,36-45,2023,2023-02
LIC101993,46,Male,Delhi,Delhi,Endowment,58400,562000,30,Monthly,Active,Not Claimed,0,AG1044,2018-10-08,46-55,2018,2018-10
LIC101994,35,Male,Bhopal,Madhya Pradesh,Term,11500,142000,25,Monthly,Active,Not Claimed,0,AG1109,2022-09-12,26-35,2022,2022-09
LIC101995,25,Male,Delhi,Delhi,Endowment,37800,593000,25,Monthly,Active,Not Claimed,0,AG1090,2021-01-18,18-25,2021,2021-01
LIC101996,49,Male,Pune,Maharashtra,Pension,52000,564000,15,Quarterly,Active,Not Claimed,0,AG1285,2023-12-17,46-55,2023,2023-12
LIC101997,42,Female,Chandigarh,Chandigarh,Endowment,34200,533000,10,Half-Yearly,Active,Not Claimed,0,AG1292,2018-11-05,36-45,2018,2018-11
LIC101998,54,Male,Bengaluru,Karnataka,Term,19000,263000,25,Single Premium,Active,Not Claimed,0,AG1291,2023-06-11,46-55,2023,2023-06
LIC101999,37,Male,Delhi,Delhi,Money Back,35800,810000,20,Yearly,Active,Claimed,497000,AG1264,2019-04-30,36-45,2019,2019-04
LIC102000,34,Male,Varanasi,Uttar Pradesh,Endowment,36500,785000,12,Yearly,Active,Not Claimed,0,AG1272,2026-04-10,26-35,2026,2026-04
LIC102001,54,Male,Ahmedabad,Gujarat,Term,45800,1139000,15,Monthly,Active,Not Claimed,0,AG1299,2026-05-29,46-55,2026,2026-05
LIC102002,60,Male,Bhopal,Madhya Pradesh,Endowment,63000,1070000,20,Quarterly,Active,Not Claimed,0,AG1069,2022-03-09,56-65,2022,2022-03
LIC102003,39,Male,Chennai,Tamil Nadu,Money Back,66100,1175000,15,Monthly,Active,Not Claimed,0,AG1144,2025-10-10,36-45,2025,2025-10
LIC102004,31,Male,Kolkata,West Bengal,Money Back,54700,1318000,10,Yearly,Active,Not Claimed,0,AG1056,2018-10-10,26-35,2018,2018-10
LIC102005,48,Female,Indore,Madhya Pradesh,Endowment,40600,601000,10,Monthly,Active,Not Claimed,0,AG1041,2021-02-04,46-55,2021,2021-02
LIC102006,36,Other,Surat,Gujarat,Money Back,36800,642000,20,Half-Yearly,Matured,Claimed,535000,AG1077,2024-01-12,36-45,2024,2024-01
LIC102007,46,Male,Kanpur,Uttar Pradesh,Micro Insurance,6000,100000,12,Monthly,Lapsed,Not Claimed,0,AG1008,2021-11-04,46-55,2021,2021-11
LIC102008,36,Male,Lucknow,Uttar Pradesh,Endowment,40600,702000,15,Monthly,Active,Not Claimed,0,AG1090,2025-10-25,36-45,2025,2025-10
LIC102009,56,Male,Kanpur,Uttar Pradesh,Endowment,40000,375000,20,Single Premium,Matured,Claimed,123000,AG1265,2025-03-28,56-65,2025,2025-03
LIC102010,31,Female,Bhopal,Madhya Pradesh,Endowment,37100,791000,20,Yearly,Active,Not Claimed,0,AG1194,2020-05-19,26-35,2020,2020-05
LIC102011,44,Male,Chandigarh,Chandigarh,Money Back,44100,1091000,10,Yearly,Active,Not Claimed,0,AG1071,2026-08-14,36-45,2026,2026-08
LIC102012,34,Female,Kanpur,Uttar Pradesh,ULIP,57100,521000,10,Half-Yearly,Surrendered,Not Claimed,0,AG1286,2023-06-12,26-35,2023,2023-06
LIC102013,36,Male,Bhopal,Madhya Pradesh,Endowment,45600,986000,20,Yearly,Matured,Claimed,745000,AG1108,2018-09-18,36-45,2018,2018-09
LIC102014,34,Male,Ahmedabad,Gujarat,Whole Life,29500,357000,20,Yearly,Active,Not Claimed,0,AG1095,2023-04-14,26-35,2023,2023-04
LIC102015,47,Male,Varanasi,Uttar Pradesh,Term,26200,298000,10,Single Premium,Active,Not Claimed,0,AG1286,2025-10-02,46-55,2025,2025-10
LIC102016,49,Female,Bengaluru,Karnataka,Endowment,45600,902000,15,Quarterly,Active,Not Claimed,0,AG1245,2026-04-20,46-55,2026,2026-04
LIC102017,45,Female,Kanpur,Uttar Pradesh,ULIP,86000,753000,25,Half-Yearly,Active,Not Claimed,0,AG1075,2018-08-09,36-45,2018,2018-08
LIC102018,38,Male,Indore,Madhya Pradesh,Endowment,25900,411000,30,Yearly,Active,Not Claimed,0,AG1137,2019-11-24,36-45,2019,2019-11
LIC102019,41,Male,Coimbatore,Tamil Nadu,Money Back,46400,372000,15,Quarterly,Active,Not Claimed,0,AG1222,2024-09-11,36-45,2024,2024-09
LIC102020,49,Male,Ahmedabad,Gujarat,Endowment,56200,979000,10,Yearly,Matured,Not Claimed,0,AG1204,2019-12-15,46-55,2019,2019-12
LIC102021,49,Male,Kolkata,West Bengal,ULIP,50300,798000,12,Single Premium,Active,Not Claimed,0,AG1061,2025-10-15,46-55,2025,2025-10
LIC102022,18,Female,Varanasi,Uttar Pradesh,Term,16300,384000,12,Half-Yearly,Lapsed,Not Claimed,0,AG1262,2024-09-25,18-25,2024,2024-09
LIC102023,36,Female,Ahmedabad,Gujarat,Pension,55300,1120000,12,Quarterly,Active,Not Claimed,0,AG1065,2019-09-22,36-45,2019,2019-09
LIC102024,37,Female,Bhopal,Madhya Pradesh,Term,23800,241000,15,Half-Yearly,Active,Not Claimed,0,AG1037,2019-09-21,36-45,2019,2019-09
LIC102025,46,Female,Mumbai,Maharashtra,Pension,33300,467000,20,Yearly,Active,Not Claimed,0,AG1234,2024-09-14,46-55,2024,2024-09
LIC102026,38,Male,Varanasi,Uttar Pradesh,Endowment,51900,1237000,10,Yearly,Active,Not Claimed,0,AG1201,2025-07-19,36-45,2025,2025-07
LIC102027,47,Female,Pune,Maharashtra,ULIP,52300,1063000,25,Monthly,Active,Not Claimed,0,AG1102,2022-09-26,46-55,2022,2022-09
LIC102028,27,Female,Kochi,Kerala,Endowment,57600,1043000,20,Half-Yearly,Active,Claimed,283000,AG1110,2023-01-02,26-35,2023,2023-01
LIC102029,42,Male,Ahmedabad,Gujarat,Pension,31100,544000,20,Monthly,Active,Not Claimed,0,AG1050,2022-03-02,36-45,2022,2022-03
LIC102030,49,Female,Hyderabad,Telangana,Term,41700,616000,30,Yearly,Active,Not Claimed,0,AG1287,2024-01-31,46-55,2024,2024-01
LIC102031,23,Male,Mumbai,Maharashtra,Term,14000,251000,20,Quarterly,Active,Not Claimed,0,AG1160,2018-10-28,18-25,2018,2018-10
LIC102032,67,Female,Kanpur,Uttar Pradesh,Money Back,74400,1571000,25,Half-Yearly,Active,Not Claimed,0,AG1211,2023-11-21,66+,2023,2023-11
LIC102033,52,Male,Bhopal,Madhya Pradesh,Term,21300,217000,12,Yearly,Active,Not Claimed,0,AG1145,2025-01-12,46-55,2025,2025-01
LIC102034,39,Male,Pune,Maharashtra,Term,15000,367000,12,Monthly,Active,Not Claimed,0,AG1189,2020-10-25,36-45,2020,2020-10
LIC102035,30,Male,Varanasi,Uttar Pradesh,Pension,51700,624000,15,Monthly,Active,Not Claimed,0,AG1185,2023-02-08,26-35,2023,2023-02
LIC102036,37,Male,Delhi,Delhi,Micro Insurance,8200,128000,15,Quarterly,Matured,Claimed,56000,AG1249,2022-06-13,36-45,2022,2022-06
LIC102037,40,Male,Nagpur,Maharashtra,Endowment,28800,242000,10,Monthly,Active,Not Claimed,0,AG1161,2024-02-04,36-45,2024,2024-02
LIC102038,44,Male,Chennai,Tamil Nadu,Pension,64700,1123000,20,Quarterly,Active,Not Claimed,0,AG1147,2022-12-25,36-45,2022,2022-12
LIC102039,56,Male,Mumbai,Maharashtra,Money Back,44900,651000,5,Single Premium,Active,Not Claimed,0,AG1271,2018-01-27,56-65,2018,2018-01
LIC102040,34,Male,Kochi,Kerala,Endowment,49400,605000,20,Yearly,Active,Not Claimed,0,AG1163,2023-03-17,26-35,2023,2023-03
LIC102041,45,Female,Indore,Madhya Pradesh,Whole Life,33700,834000,15,Yearly,Active,Not Claimed,0,AG1177,2022-09-07,36-45,2022,2022-09
LIC102042,25,Female,Delhi,Delhi,Whole Life,25600,391000,20,Single Premium,Active,Not Claimed,0,AG1230,2019-01-13,18-25,2019,2019-01
LIC102043,34,Male,Jaipur,Rajasthan,Micro Insurance,4400,100000,15,Quarterly,Lapsed,Not Claimed,0,AG1164,2018-04-07,26-35,2018,2018-04
LIC102044,43,Female,Delhi,Delhi,Endowment,55600,883000,30,Quarterly,Active,Not Claimed,0,AG1224,2025-06-18,36-45,2025,2025-06
LIC102045,47,Male,Jaipur,Rajasthan,Whole Life,41400,413000,15,Monthly,Active,Not Claimed,0,AG1224,2021-03-05,46-55,2021,2021-03
LIC102046,31,Female,Mumbai,Maharashtra,Term,21700,319000,30,Yearly,Active,Not Claimed,0,AG1232,2019-01-23,26-35,2019,2019-01
LIC102047,34,Male,Patna,Bihar,Term,20300,278000,10,Yearly,Active,Not Claimed,0,AG1054,2023-03-19,26-35,2023,2023-03
LIC102048,55,Male,Bengaluru,Karnataka,Term,29100,463000,20,Monthly,Active,Not Claimed,0,AG1036,2026-05-09,46-55,2026,2026-05
LIC102049,52,Male,Varanasi,Uttar Pradesh,Micro Insurance,10700,241000,15,Quarterly,Lapsed,Not Claimed,0,AG1053,2018-06-13,46-55,2018,2018-06
LIC102050,41,Male,Chennai,Tamil Nadu,ULIP,33000,372000,25,Half-Yearly,Lapsed,Not Claimed,0,AG1188,2023-03-14,36-45,2023,2023-03
LIC102051,18,Female,Kochi,Kerala,ULIP,27000,495000,20,Half-Yearly,Lapsed,Not Claimed,0,AG1074,2021-12-09,18-25,2021,2021-12
LIC102052,67,Female,Pune,Maharashtra,Money Back,80600,696000,20,Yearly,Active,Not Claimed,0,AG1300,2020-08-02,66+,2020,2020-08
LIC102053,39,Male,Bengaluru,Karnataka,Endowment,30200,404000,10,Quarterly,Lapsed,Not Claimed,0,AG1289,2019-11-12,36-45,2019,2019-11
LIC102054,36,Male,Patna,Bihar,Term,13400,215000,25,Yearly,Active,Not Claimed,0,AG1044,2020-09-28,36-45,2020,2020-09
LIC102055,33,Female,Surat,Gujarat,Endowment,38800,359000,10,Quarterly,Lapsed,Not Claimed,0,AG1051,2021-03-05,26-35,2021,2021-03
LIC102056,43,Female,Kolkata,West Bengal,Endowment,29000,500000,5,Yearly,Matured,Not Claimed,0,AG1099,2018-06-07,36-45,2018,2018-06
LIC102057,43,Male,Varanasi,Uttar Pradesh,ULIP,51200,680000,10,Single Premium,Active,Not Claimed,0,AG1051,2024-09-11,36-45,2024,2024-09
LIC102058,49,Male,Lucknow,Uttar Pradesh,Money Back,32200,801000,15,Yearly,Active,Not Claimed,0,AG1135,2020-03-23,46-55,2020,2020-03
LIC102059,29,Female,Bhopal,Madhya Pradesh,Term,16900,316000,20,Monthly,Active,Not Claimed,0,AG1213,2022-10-29,26-35,2022,2022-10
LIC102060,36,Male,Surat,Gujarat,Term,19700,239000,10,Monthly,Active,Not Claimed,0,AG1141,2021-10-21,36-45,2021,2021-10
LIC102061,61,Male,Chandigarh,Chandigarh,Term,21500,210000,10,Half-Yearly,Active,Not Claimed,0,AG1114,2021-08-18,56-65,2021,2021-08
LIC102062,41,Male,Lucknow,Uttar Pradesh,Endowment,40300,350000,20,Quarterly,Surrendered,Not Claimed,0,AG1239,2026-03-30,36-45,2026,2026-03
LIC102063,37,Female,Pune,Maharashtra,Pension,52800,504000,30,Yearly,Active,Not Claimed,0,AG1175,2024-07-24,36-45,2024,2024-07
LIC102064,29,Female,Kochi,Kerala,Whole Life,40200,786000,20,Single Premium,Active,Not Claimed,0,AG1047,2025-10-02,26-35,2025,2025-10
LIC102065,45,Female,Indore,Madhya Pradesh,ULIP,91200,2055000,20,Monthly,Active,Not Claimed,0,AG1266,2019-01-29,36-45,2019,2019-01
LIC102066,50,Female,Bengaluru,Karnataka,Money Back,40000,427000,15,Quarterly,Lapsed,Not Claimed,0,AG1026,2021-09-09,46-55,2021,2021-09
LIC102067,49,Female,Lucknow,Uttar Pradesh,Endowment,81800,1214000,20,Monthly,Active,Not Claimed,0,AG1050,2026-03-15,46-55,2026,2026-03
LIC102068,36,Male,Nagpur,Maharashtra,Term,23300,327000,30,Yearly,Active,Not Claimed,0,AG1129,2023-09-29,36-45,2023,2023-09
LIC102069,43,Female,Pune,Maharashtra,Pension,37300,707000,15,Single Premium,Active,Not Claimed,0,AG1145,2021-09-09,36-45,2021,2021-09
LIC102070,57,Male,Bengaluru,Karnataka,ULIP,46200,513000,15,Half-Yearly,Active,Not Claimed,0,AG1145,2022-03-18,56-65,2022,2022-03
LIC102071,51,Female,Kanpur,Uttar Pradesh,Term,18300,443000,25,Monthly,Active,Not Claimed,0,AG1167,2020-04-22,46-55,2020,2020-04
LIC102072,30,Male,Hyderabad,Telangana,Money Back,53900,1099000,30,Yearly,Active,Not Claimed,0,AG1043,2022-01-26,26-35,2022,2022-01
LIC102073,18,Male,Varanasi,Uttar Pradesh,Money Back,31300,759000,10,Yearly,Lapsed,Not Claimed,0,AG1041,2026-08-13,18-25,2026,2026-08
LIC102074,42,Female,Nagpur,Maharashtra,Whole Life,19100,243000,20,Quarterly,Surrendered,Not Claimed,0,AG1015,2022-11-18,36-45,2022,2022-11
LIC102075,48,Female,Jaipur,Rajasthan,Pension,52000,936000,20,Yearly,Active,Not Claimed,0,AG1129,2024-12-23,46-55,2024,2024-12
LIC102076,27,Male,Surat,Gujarat,Money Back,20700,423000,15,Single Premium,Active,Not Claimed,0,AG1058,2022-10-17,26-35,2022,2022-10
LIC102077,39,Male,Bengaluru,Karnataka,Money Back,28100,564000,15,Half-Yearly,Matured,Not Claimed,0,AG1054,2025-08-21,36-45,2025,2025-08
LIC102078,36,Male,Delhi,Delhi,Term,15500,130000,20,Half-Yearly,Active,Claimed,53000,AG1224,2022-11-13,36-45,2022,2022-11
LIC102079,40,Male,Delhi,Delhi,Term,19900,497000,12,Quarterly,Active,Not Claimed,0,AG1203,2023-07-07,36-45,2023,2023-07
LIC102080,33,Female,Bengaluru,Karnataka,Term,24000,571000,15,Half-Yearly,Active,Not Claimed,0,AG1133,2024-02-14,26-35,2024,2024-02
LIC102081,53,Male,Kochi,Kerala,Term,26600,267000,30,Quarterly,Active,Not Claimed,0,AG1062,2020-08-03,46-55,2020,2020-08
LIC102082,41,Female,Nagpur,Maharashtra,ULIP,40100,691000,20,Quarterly,Active,Not Claimed,0,AG1243,2023-12-17,36-45,2023,2023-12
LIC102083,29,Male,Varanasi,Uttar Pradesh,ULIP,46900,626000,25,Monthly,Active,Not Claimed,0,AG1210,2023-11-15,26-35,2023,2023-11
LIC102084,49,Male,Kochi,Kerala,Term,21500,493000,20,Monthly,Surrendered,Not Claimed,0,AG1242,2018-12-31,46-55,2018,2018-12
LIC102085,25,Female,Lucknow,Uttar Pradesh,Pension,44600,886000,20,Monthly,Active,Not Claimed,0,AG1210,2024-12-23,18-25,2024,2024-12
LIC102086,53,Male,Delhi,Delhi,Term,20300,240000,25,Half-Yearly,Active,Not Claimed,0,AG1215,2021-04-03,46-55,2021,2021-04
LIC102087,50,Male,Mumbai,Maharashtra,Endowment,30600,262000,12,Half-Yearly,Active,Not Claimed,0,AG1244,2020-07-07,46-55,2020,2020-07
LIC102088,54,Female,Chennai,Tamil Nadu,Endowment,37300,483000,20,Half-Yearly,Lapsed,Not Claimed,0,AG1071,2024-02-03,46-55,2024,2024-02
LIC102089,37,Female,Nagpur,Maharashtra,Endowment,38400,332000,20,Quarterly,Active,Not Claimed,0,AG1090,2026-05-14,36-45,2026,2026-05
LIC102090,34,Male,Mumbai,Maharashtra,Endowment,17700,184000,20,Quarterly,Active,Not Claimed,0,AG1156,2019-09-21,26-35,2019,2019-09
LIC102091,40,Male,Nagpur,Maharashtra,Money Back,45700,860000,10,Yearly,Active,Not Claimed,0,AG1084,2022-10-12,36-45,2022,2022-10
LIC102092,38,Male,Kanpur,Uttar Pradesh,Endowment,29600,612000,12,Half-Yearly,Active,Not Claimed,0,AG1151,2020-08-27,36-45,2020,2020-08
LIC102093,32,Male,Nagpur,Maharashtra,Micro Insurance,7300,116000,12,Single Premium,Active,Not Claimed,0,AG1160,2018-09-30,26-35,2018,2018-09
LIC102094,33,Male,Varanasi,Uttar Pradesh,Term,21300,388000,20,Quarterly,Matured,Claimed,167000,AG1082,2024-09-12,26-35,2024,2024-09
LIC102095,35,Male,Bengaluru,Karnataka,Term,15500,165000,30,Yearly,Active,Not Claimed,0,AG1289,2022-05-06,26-35,2022,2022-05
LIC102096,26,Female,Bengaluru,Karnataka,Term,23800,319000,30,Monthly,Matured,Not Claimed,0,AG1186,2024-09-24,26-35,2024,2024-09
LIC102097,46,Female,Jaipur,Rajasthan,Whole Life,41800,841000,10,Yearly,Active,Not Claimed,0,AG1089,2025-09-25,46-55,2025,2025-09
LIC102098,38,Female,Pune,Maharashtra,Term,17100,243000,12,Yearly,Active,Not Claimed,0,AG1160,2020-12-23,36-45,2020,2020-12
LIC102099,36,Female,Indore,Madhya Pradesh,Pension,43200,602000,5,Single Premium,Active,Not Claimed,0,AG1050,2024-07-16,36-45,2024,2024-07
LIC102100,27,Female,Delhi,Delhi,Money Back,48900,552000,15,Single Premium,Surrendered,Not Claimed,0,AG1179,2021-06-06,26-35,2021,2021-06
LIC102101,26,Male,Ahmedabad,Gujarat,Money Back,38400,696000,25,Quarterly,Active,Not Claimed,0,AG1220,2019-05-20,26-35,2019,2019-05
LIC102102,60,Male,Delhi,Delhi,Money Back,62700,1364000,25,Half-Yearly,Active,Not Claimed,0,AG1205,2020-05-10,56-65,2020,2020-05
LIC102103,32,Female,Chennai,Tamil Nadu,Term,9200,147000,12,Quarterly,Active,Not Claimed,0,AG1019,2025-08-16,26-35,2025,2025-08
LIC102104,46,Male,Surat,Gujarat,Term,20900,208000,12,Half-Yearly,Active,Not Claimed,0,AG1003,2019-09-21,46-55,2019,2019-09
LIC102105,41,Male,Chennai,Tamil Nadu,Endowment,28900,643000,10,Monthly,Active,Not Claimed,0,AG1116,2018-09-07,36-45,2018,2018-09
LIC102106,18,Female,Indore,Madhya Pradesh,Money Back,35700,329000,15,Yearly,Active,Not Claimed,0,AG1299,2026-08-08,18-25,2026,2026-08
LIC102107,59,Female,Bhopal,Madhya Pradesh,Endowment,66100,1059000,20,Yearly,Lapsed,Not Claimed,0,AG1157,2019-05-27,56-65,2019,2019-05
LIC102108,47,Female,Indore,Madhya Pradesh,Term,33500,417000,20,Quarterly,Active,Not Claimed,0,AG1241,2018-12-11,46-55,2018,2018-12
LIC102109,31,Male,Nagpur,Maharashtra,Micro Insurance,4600,110000,20,Quarterly,Active,Not Claimed,0,AG1108,2019-07-01,26-35,2019,2019-07
LIC102110,39,Female,Varanasi,Uttar Pradesh,Term,16300,335000,20,Monthly,Active,Not Claimed,0,AG1300,2019-07-10,36-45,2019,2019-07
LIC102111,26,Other,Kochi,Kerala,ULIP,50600,892000,12,Yearly,Active,Not Claimed,0,AG1052,2020-09-13,26-35,2020,2020-09
LIC102112,59,Male,Pune,Maharashtra,ULIP,51000,987000,10,Quarterly,Active,Not Claimed,0,AG1028,2025-12-29,56-65,2025,2025-12
LIC102113,29,Male,Patna,Bihar,Endowment,55200,942000,5,Yearly,Active,Not Claimed,0,AG1212,2019-04-05,26-35,2019,2019-04
LIC102114,33,Male,Delhi,Delhi,Term,17700,186000,20,Yearly,Active,Not Claimed,0,AG1109,2021-02-04,26-35,2021,2021-02
LIC102115,31,Male,Coimbatore,Tamil Nadu,Term,18600,373000,25,Yearly,Matured,Not Claimed,0,AG1258,2026-01-12,26-35,2026,2026-01
LIC102116,40,Male,Coimbatore,Tamil Nadu,Whole Life,37800,619000,20,Half-Yearly,Active,Not Claimed,0,AG1220,2025-08-20,36-45,2025,2025-08
LIC102117,54,Male,Kolkata,West Bengal,Whole Life,36100,678000,10,Monthly,Active,Not Claimed,0,AG1017,2025-09-12,46-55,2025,2025-09
LIC102118,59,Male,Coimbatore,Tamil Nadu,ULIP,53300,467000,20,Single Premium,Active,Not Claimed,0,AG1240,2024-12-10,56-65,2024,2024-12
LIC102119,35,Male,Delhi,Delhi,Pension,47200,492000,5,Half-Yearly,Active,Not Claimed,0,AG1212,2026-07-13,26-35,2026,2026-07
LIC102120,43,Male,Lucknow,Uttar Pradesh,Whole Life,25900,467000,10,Single Premium,Lapsed,Not Claimed,0,AG1284,2024-12-24,36-45,2024,2024-12
LIC102121,40,Male,Delhi,Delhi,Term,19700,311000,15,Half-Yearly,Active,Not Claimed,0,AG1284,2021-12-19,36-45,2021,2021-12
LIC102122,28,Female,Patna,Bihar,Endowment,55500,658000,15,Yearly,Matured,Not Claimed,0,AG1180,2020-07-09,26-35,2020,2020-07
LIC102123,66,Male,Kochi,Kerala,Pension,47400,573000,20,Monthly,Lapsed,Not Claimed,0,AG1272,2023-09-28,66+,2023,2023-09
LIC102124,54,Male,Surat,Gujarat,Endowment,33600,630000,20,Half-Yearly,Active,Not Claimed,0,AG1085,2018-03-01,46-55,2018,2018-03
LIC102125,41,Female,Jaipur,Rajasthan,Term,19600,176000,10,Yearly,Active,Not Claimed,0,AG1261,2019-07-31,36-45,2019,2019-07
LIC102126,56,Male,Coimbatore,Tamil Nadu,Whole Life,30300,466000,10,Yearly,Active,Not Claimed,0,AG1210,2022-11-30,56-65,2022,2022-11
LIC102127,52,Male,Jaipur,Rajasthan,Endowment,51000,862000,12,Yearly,Active,Not Claimed,0,AG1062,2018-12-15,46-55,2018,2018-12
LIC102128,40,Male,Bengaluru,Karnataka,Pension,55700,737000,10,Monthly,Matured,Claimed,287000,AG1005,2024-09-11,36-45,2024,2024-09
LIC102129,43,Female,Jaipur,Rajasthan,Whole Life,18000,395000,12,Single Premium,Active,Not Claimed,0,AG1107,2023-05-19,36-45,2023,2023-05
LIC102130,56,Female,Nagpur,Maharashtra,Term,27300,245000,20,Single Premium,Active,Not Claimed,0,AG1011,2019-11-05,56-65,2019,2019-11
LIC102131,29,Female,Coimbatore,Tamil Nadu,Pension,34600,786000,12,Monthly,Active,Not Claimed,0,AG1215,2022-02-02,26-35,2022,2022-02
LIC102132,57,Female,Hyderabad,Telangana,Endowment,52800,1072000,25,Single Premium,Active,Not Claimed,0,AG1219,2019-11-07,56-65,2019,2019-11
LIC102133,37,Male,Kanpur,Uttar Pradesh,Endowment,35800,558000,15,Quarterly,Active,Not Claimed,0,AG1179,2023-08-25,36-45,2023,2023-08
LIC102134,56,Male,Kanpur,Uttar Pradesh,Endowment,45100,1070000,12,Yearly,Active,Not Claimed,0,AG1066,2025-02-09,56-65,2025,2025-02
LIC102135,39,Male,Mumbai,Maharashtra,Term,30300,604000,15,Quarterly,Active,Claimed,183000,AG1185,2018-05-18,36-45,2018,2018-05
LIC102136,43,Male,Chennai,Tamil Nadu,Money Back,43100,1027000,20,Single Premium,Active,Not Claimed,0,AG1017,2020-03-28,36-45,2020,2020-03
LIC102137,39,Female,Chennai,Tamil Nadu,Term,24300,390000,15,Monthly,Active,Not Claimed,0,AG1040,2026-02-26,36-45,2026,2026-02
LIC102138,33,Male,Hyderabad,Telangana,Endowment,43800,688000,5,Half-Yearly,Active,Not Claimed,0,AG1076,2022-05-01,26-35,2022,2022-05
LIC102139,36,Male,Ahmedabad,Gujarat,Endowment,50600,861000,25,Quarterly,Lapsed,Not Claimed,0,AG1246,2025-04-19,36-45,2025,2025-04
LIC102140,54,Female,Chandigarh,Chandigarh,ULIP,71800,654000,10,Quarterly,Active,Not Claimed,0,AG1051,2018-03-22,46-55,2018,2018-03
LIC102141,18,Male,Kolkata,West Bengal,ULIP,55800,1308000,25,Yearly,Active,Not Claimed,0,AG1129,2018-10-30,18-25,2018,2018-10
LIC102142,25,Male,Hyderabad,Telangana,Term,24500,474000,5,Monthly,Active,Not Claimed,0,AG1260,2021-07-21,18-25,2021,2021-07
LIC102143,31,Male,Varanasi,Uttar Pradesh,Endowment,43900,812000,20,Yearly,Surrendered,Claimed,470000,AG1209,2026-05-28,26-35,2026,2026-05
LIC102144,27,Male,Varanasi,Uttar Pradesh,Endowment,79600,1890000,15,Single Premium,Matured,Not Claimed,0,AG1211,2024-09-22,26-35,2024,2024-09
LIC102145,56,Male,Chennai,Tamil Nadu,Term,29500,734000,15,Yearly,Matured,Not Claimed,0,AG1132,2023-05-09,56-65,2023,2023-05
LIC102146,53,Male,Pune,Maharashtra,ULIP,46000,496000,10,Yearly,Active,Not Claimed,0,AG1084,2025-07-30,46-55,2025,2025-07
LIC102147,46,Male,Hyderabad,Telangana,Whole Life,32300,670000,12,Quarterly,Lapsed,Not Claimed,0,AG1049,2023-01-17,46-55,2023,2023-01
LIC102148,32,Female,Kochi,Kerala,Term,20100,359000,20,Quarterly,Matured,Not Claimed,0,AG1246,2024-08-09,26-35,2024,2024-08
LIC102149,54,Female,Kolkata,West Bengal,Endowment,52200,827000,25,Half-Yearly,Active,Not Claimed,0,AG1039,2026-05-21,46-55,2026,2026-05
LIC102150,22,Male,Varanasi,Uttar Pradesh,Term,21800,537000,15,Monthly,Active,Not Claimed,0,AG1145,2024-04-07,18-25,2024,2024-04
LIC102151,63,Male,Bengaluru,Karnataka,Whole Life,50100,1125000,15,Single Premium,Surrendered,Claimed,511000,AG1143,2023-11-07,56-65,2023,2023-11
LIC102152,31,Female,Hyderabad,Telangana,Term,12300,244000,10,Monthly,Active,Not Claimed,0,AG1247,2021-07-19,26-35,2021,2021-07
LIC102153,36,Female,Nagpur,Maharashtra,Micro Insurance,8700,126000,20,Yearly,Active,Not Claimed,0,AG1156,2022-02-21,36-45,2022,2022-02
LIC102154,34,Male,Hyderabad,Telangana,ULIP,45200,873000,12,Monthly,Active,Not Claimed,0,AG1016,2018-09-02,26-35,2018,2018-09
LIC102155,27,Male,Kolkata,West Bengal,Endowment,35500,605000,10,Yearly,Active,Not Claimed,0,AG1281,2022-12-09,26-35,2022,2022-12
LIC102156,60,Female,Kolkata,West Bengal,Money Back,39600,485000,20,Monthly,Active,Not Claimed,0,AG1039,2025-03-03,56-65,2025,2025-03
LIC102157,48,Male,Delhi,Delhi,Pension,69600,1090000,15,Monthly,Active,Not Claimed,0,AG1145,2021-01-01,46-55,2021,2021-01
LIC102158,52,Male,Pune,Maharashtra,Money Back,40200,467000,5,Yearly,Lapsed,Not Claimed,0,AG1046,2025-04-25,46-55,2025,2025-04
LIC102159,26,Male,Surat,Gujarat,Term,14900,246000,10,Quarterly,Lapsed,Not Claimed,0,AG1020,2026-03-20,26-35,2026,2026-03
LIC102160,41,Male,Lucknow,Uttar Pradesh,Endowment,40000,810000,20,Yearly,Active,Not Claimed,0,AG1133,2018-07-30,36-45,2018,2018-07
LIC102161,45,Male,Hyderabad,Telangana,Pension,32500,280000,10,Half-Yearly,Active,Not Claimed,0,AG1268,2019-06-18,36-45,2019,2019-06
LIC102162,42,Male,Kolkata,West Bengal,Whole Life,25700,540000,25,Monthly,Active,Not Claimed,0,AG1081,2020-07-29,36-45,2020,2020-07
LIC102163,26,Female,Mumbai,Maharashtra,Whole Life,21200,177000,12,Single Premium,Active,Not Claimed,0,AG1158,2026-08-21,26-35,2026,2026-08
LIC102164,51,Male,Indore,Madhya Pradesh,Pension,53100,892000,10,Quarterly,Active,Not Claimed,0,AG1224,2021-06-19,46-55,2021,2021-06
LIC102165,40,Male,Kochi,Kerala,Pension,61300,1088000,20,Yearly,Active,Not Claimed,0,AG1002,2018-01-12,36-45,2018,2018-01
LIC102166,28,Male,Indore,Madhya Pradesh,Pension,56100,1175000,15,Half-Yearly,Lapsed,Not Claimed,0,AG1125,2023-06-25,26-35,2023,2023-06
LIC102167,19,Female,Kochi,Kerala,Term,25600,536000,12,Half-Yearly,Active,Not Claimed,0,AG1241,2019-06-01,18-25,2019,2019-06
LIC102168,46,Male,Kolkata,West Bengal,Money Back,54400,821000,15,Quarterly,Active,Not Claimed,0,AG1117,2020-03-04,46-55,2020,2020-03
LIC102169,66,Male,Indore,Madhya Pradesh,ULIP,61500,561000,5,Monthly,Active,Not Claimed,0,AG1264,2018-12-13,66+,2018,2018-12
LIC102170,28,Male,Chennai,Tamil Nadu,ULIP,52300,1035000,20,Half-Yearly,Active,Not Claimed,0,AG1037,2023-08-30,26-35,2023,2023-08
LIC102171,41,Female,Chandigarh,Chandigarh,Whole Life,31900,532000,15,Quarterly,Matured,Not Claimed,0,AG1216,2022-09-21,36-45,2022,2022-09
LIC102172,51,Male,Bengaluru,Karnataka,Term,11700,160000,20,Quarterly,Matured,Not Claimed,0,AG1049,2023-12-24,46-55,2023,2023-12
LIC102173,25,Male,Chandigarh,Chandigarh,ULIP,37000,444000,20,Yearly,Active,Not Claimed,0,AG1217,2019-03-22,18-25,2019,2019-03
LIC102174,34,Male,Patna,Bihar,ULIP,49600,498000,20,Yearly,Active,Not Claimed,0,AG1059,2023-02-15,26-35,2023,2023-02
LIC102175,30,Female,Varanasi,Uttar Pradesh,Term,17100,223000,20,Monthly,Active,Not Claimed,0,AG1060,2023-06-09,26-35,2023,2023-06
LIC102176,50,Male,Chennai,Tamil Nadu,Money Back,49000,774000,20,Quarterly,Lapsed,Not Claimed,0,AG1078,2018-06-22,46-55,2018,2018-06
LIC102177,54,Female,Delhi,Delhi,Term,25200,406000,15,Quarterly,Active,Not Claimed,0,AG1119,2025-07-15,46-55,2025,2025-07
LIC102178,41,Female,Varanasi,Uttar Pradesh,Endowment,27400,491000,15,Monthly,Active,Not Claimed,0,AG1127,2025-01-08,36-45,2025,2025-01
LIC102179,30,Female,Kanpur,Uttar Pradesh,Term,20800,295000,10,Monthly,Active,Not Claimed,0,AG1207,2018-06-08,26-35,2018,2018-06
LIC102180,34,Male,Kochi,Kerala,Endowment,44200,1045000,20,Monthly,Active,Not Claimed,0,AG1160,2022-12-20,26-35,2022,2022-12
LIC102181,32,Female,Ahmedabad,Gujarat,Money Back,42900,705000,20,Single Premium,Active,Not Claimed,0,AG1085,2021-11-29,26-35,2021,2021-11
LIC102182,28,Male,Bengaluru,Karnataka,Whole Life,40400,614000,12,Yearly,Active,Not Claimed,0,AG1004,2025-01-03,26-35,2025,2025-01
LIC102183,38,Male,Jaipur,Rajasthan,Whole Life,29900,264000,25,Monthly,Active,Not Claimed,0,AG1157,2022-08-03,36-45,2022,2022-08
LIC102184,45,Female,Varanasi,Uttar Pradesh,Pension,76200,1386000,20,Monthly,Active,Not Claimed,0,AG1177,2018-01-04,36-45,2018,2018-01
LIC102185,44,Male,Pune,Maharashtra,Endowment,36300,662000,15,Yearly,Surrendered,Claimed,205000,AG1279,2025-10-23,36-45,2025,2025-10
LIC102186,39,Male,Lucknow,Uttar Pradesh,Term,14500,260000,5,Quarterly,Active,Not Claimed,0,AG1252,2022-05-30,36-45,2022,2022-05
LIC102187,40,Male,Lucknow,Uttar Pradesh,Pension,57400,1325000,15,Yearly,Active,Not Claimed,0,AG1080,2025-08-25,36-45,2025,2025-08
LIC102188,38,Male,Indore,Madhya Pradesh,Term,16800,352000,20,Single Premium,Matured,Not Claimed,0,AG1044,2023-11-22,36-45,2023,2023-11
LIC102189,25,Male,Chandigarh,Chandigarh,Micro Insurance,6500,148000,10,Half-Yearly,Matured,Not Claimed,0,AG1218,2024-08-17,18-25,2024,2024-08
LIC102190,41,Female,Jaipur,Rajasthan,Pension,89900,810000,15,Monthly,Active,Claimed,384000,AG1199,2022-07-31,36-45,2022,2022-07
LIC102191,33,Female,Chandigarh,Chandigarh,Money Back,40200,539000,30,Yearly,Active,Not Claimed,0,AG1180,2018-10-09,26-35,2018,2018-10
LIC102192,24,Female,Jaipur,Rajasthan,Micro Insurance,6400,100000,20,Single Premium,Active,Not Claimed,0,AG1208,2025-08-22,18-25,2025,2025-08
LIC102193,43,Male,Jaipur,Rajasthan,Term,15500,297000,15,Half-Yearly,Active,Not Claimed,0,AG1194,2024-05-19,36-45,2024,2024-05
LIC102194,32,Female,Mumbai,Maharashtra,Endowment,26100,408000,15,Yearly,Surrendered,Claimed,332000,AG1012,2022-02-09,26-35,2022,2022-02
LIC102195,42,Male,Delhi,Delhi,Whole Life,31900,677000,5,Quarterly,Active,Not Claimed,0,AG1205,2018-08-23,36-45,2018,2018-08
LIC102196,48,Male,Kanpur,Uttar Pradesh,Endowment,65500,952000,30,Quarterly,Active,Not Claimed,0,AG1126,2022-09-22,46-55,2022,2022-09
LIC102197,29,Male,Mumbai,Maharashtra,Pension,43900,517000,25,Yearly,Active,Not Claimed,0,AG1072,2018-12-04,26-35,2018,2018-12
LIC102198,40,Male,Lucknow,Uttar Pradesh,Term,21300,276000,20,Single Premium,Active,Not Claimed,0,AG1220,2021-05-30,36-45,2021,2021-05
LIC102199,19,Male,Kochi,Kerala,Money Back,53700,596000,10,Half-Yearly,Active,Not Claimed,0,AG1072,2019-04-01,18-25,2019,2019-04
LIC102200,56,Male,Ahmedabad,Gujarat,Money Back,66700,758000,10,Yearly,Active,Not Claimed,0,AG1121,2025-08-04,56-65,2025,2025-08
LIC102201,24,Male,Patna,Bihar,Whole Life,33800,395000,10,Monthly,Active,Not Claimed,0,AG1274,2023-04-03,18-25,2023,2023-04
LIC102202,33,Male,Delhi,Delhi,Endowment,44000,364000,15,Monthly,Active,Not Claimed,0,AG1300,2021-10-14,26-35,2021,2021-10
LIC102203,54,Male,Ahmedabad,Gujarat,Endowment,33700,680000,10,Half-Yearly,Active,Not Claimed,0,AG1043,2019-02-14,46-55,2019,2019-02
LIC102204,36,Female,Ahmedabad,Gujarat,Pension,40700,602000,20,Monthly,Active,Not Claimed,0,AG1208,2022-06-17,36-45,2022,2022-06
LIC102205,26,Female,Chandigarh,Chandigarh,Term,16600,139000,15,Half-Yearly,Active,Not Claimed,0,AG1214,2023-06-12,26-35,2023,2023-06
LIC102206,47,Male,Surat,Gujarat,Pension,43300,619000,5,Quarterly,Active,Not Claimed,0,AG1077,2019-07-12,46-55,2019,2019-07
LIC102207,47,Male,Chandigarh,Chandigarh,Money Back,44200,1034000,20,Yearly,Active,Not Claimed,0,AG1150,2019-04-07,46-55,2019,2019-04
LIC102208,32,Female,Indore,Madhya Pradesh,ULIP,88800,1482000,10,Yearly,Active,Not Claimed,0,AG1252,2018-07-10,26-35,2018,2018-07
LIC102209,33,Male,Coimbatore,Tamil Nadu,Whole Life,45900,1137000,25,Half-Yearly,Lapsed,Not Claimed,0,AG1060,2023-07-12,26-35,2023,2023-07
LIC102210,34,Female,Kolkata,West Bengal,Endowment,45000,773000,15,Monthly,Active,Not Claimed,0,AG1213,2023-02-05,26-35,2023,2023-02
LIC102211,37,Male,Bhopal,Madhya Pradesh,Money Back,45900,1118000,15,Yearly,Matured,Claimed,928000,AG1063,2021-03-14,36-45,2021,2021-03
LIC102212,18,Female,Mumbai,Maharashtra,Pension,39100,447000,5,Single Premium,Lapsed,Not Claimed,0,AG1280,2021-09-29,18-25,2021,2021-09
LIC102213,37,Male,Kolkata,West Bengal,Endowment,64800,838000,30,Half-Yearly,Active,Not Claimed,0,AG1193,2022-05-19,36-45,2022,2022-05
LIC102214,59,Male,Ahmedabad,Gujarat,Micro Insurance,5000,100000,20,Monthly,Active,Not Claimed,0,AG1029,2018-06-06,56-65,2018,2018-06
LIC102215,29,Female,Indore,Madhya Pradesh,Money Back,46500,1152000,15,Monthly,Active,Not Claimed,0,AG1001,2020-06-12,26-35,2020,2020-06
LIC102216,33,Male,Ahmedabad,Gujarat,Term,20700,456000,10,Quarterly,Surrendered,Not Claimed,0,AG1073,2020-05-11,26-35,2020,2020-05
LIC102217,26,Male,Patna,Bihar,Endowment,34000,592000,20,Monthly,Active,Not Claimed,0,AG1277,2020-11-13,26-35,2020,2020-11
LIC102218,46,Male,Mumbai,Maharashtra,Pension,51300,485000,12,Yearly,Active,Not Claimed,0,AG1206,2020-07-19,46-55,2020,2020-07
LIC102219,52,Female,Indore,Madhya Pradesh,Endowment,36800,522000,30,Yearly,Active,Not Claimed,0,AG1156,2021-01-29,46-55,2021,2021-01
LIC102220,52,Male,Coimbatore,Tamil Nadu,Pension,42600,403000,30,Monthly,Lapsed,Not Claimed,0,AG1146,2023-09-30,46-55,2023,2023-09
LIC102221,25,Male,Bengaluru,Karnataka,Pension,30700,408000,20,Quarterly,Active,Not Claimed,0,AG1052,2021-07-05,18-25,2021,2021-07
LIC102222,44,Male,Chandigarh,Chandigarh,Endowment,57700,715000,30,Monthly,Active,Not Claimed,0,AG1115,2019-10-23,36-45,2019,2019-10
LIC102223,55,Male,Kolkata,West Bengal,Term,31300,457000,10,Yearly,Active,Not Claimed,0,AG1226,2021-04-06,46-55,2021,2021-04
LIC102224,45,Male,Varanasi,Uttar Pradesh,ULIP,31800,707000,12,Half-Yearly,Active,Not Claimed,0,AG1088,2021-02-02,36-45,2021,2021-02
LIC102225,44,Male,Ahmedabad,Gujarat,Endowment,77900,822000,12,Yearly,Active,Not Claimed,0,AG1062,2023-09-14,36-45,2023,2023-09
LIC102226,34,Male,Nagpur,Maharashtra,ULIP,51800,684000,10,Quarterly,Active,Not Claimed,0,AG1019,2024-10-11,26-35,2024,2024-10
LIC102227,41,Male,Chennai,Tamil Nadu,Money Back,41900,521000,30,Half-Yearly,Lapsed,Not Claimed,0,AG1258,2018-12-05,36-45,2018,2018-12
LIC102228,53,Male,Patna,Bihar,Money Back,29000,378000,10,Quarterly,Lapsed,Not Claimed,0,AG1198,2019-12-21,46-55,2019,2019-12
LIC102229,43,Male,Varanasi,Uttar Pradesh,ULIP,82500,1166000,25,Quarterly,Lapsed,Not Claimed,0,AG1079,2021-03-22,36-45,2021,2021-03
LIC102230,25,Male,Surat,Gujarat,Endowment,44400,540000,20,Half-Yearly,Active,Not Claimed,0,AG1011,2019-05-21,18-25,2019,2019-05
LIC102231,34,Male,Coimbatore,Tamil Nadu,Money Back,49500,1189000,15,Half-Yearly,Lapsed,Not Claimed,0,AG1144,2023-10-29,26-35,2023,2023-10
LIC102232,52,Female,Hyderabad,Telangana,Endowment,71200,1078000,5,Quarterly,Active,Not Claimed,0,AG1244,2026-06-30,46-55,2026,2026-06
LIC102233,43,Male,Coimbatore,Tamil Nadu,Endowment,66900,665000,5,Monthly,Active,Not Claimed,0,AG1085,2018-08-13,36-45,2018,2018-08
LIC102234,40,Female,Coimbatore,Tamil Nadu,Money Back,31800,507000,10,Quarterly,Matured,Not Claimed,0,AG1027,2021-05-17,36-45,2021,2021-05
LIC102235,33,Male,Patna,Bihar,ULIP,49100,547000,15,Quarterly,Lapsed,Not Claimed,0,AG1278,2018-06-29,26-35,2018,2018-06
LIC102236,52,Male,Kolkata,West Bengal,Endowment,42600,497000,15,Half-Yearly,Active,Not Claimed,0,AG1003,2019-02-23,46-55,2019,2019-02
LIC102237,57,Male,Kolkata,West Bengal,Money Back,58500,751000,20,Yearly,Matured,Not Claimed,0,AG1259,2021-08-21,56-65,2021,2021-08
LIC102238,53,Male,Ahmedabad,Gujarat,Whole Life,40000,405000,20,Monthly,Surrendered,Not Claimed,0,AG1243,2019-10-18,46-55,2019,2019-10
LIC102239,55,Female,Lucknow,Uttar Pradesh,Endowment,70300,1424000,15,Monthly,Active,Not Claimed,0,AG1043,2020-01-12,46-55,2020,2020-01
LIC102240,35,Female,Pune,Maharashtra,Endowment,57400,1232000,10,Monthly,Active,Not Claimed,0,AG1198,2018-11-10,26-35,2018,2018-11
LIC102241,33,Female,Surat,Gujarat,Pension,29600,435000,20,Half-Yearly,Lapsed,Not Claimed,0,AG1089,2021-09-19,26-35,2021,2021-09
LIC102242,37,Male,Kanpur,Uttar Pradesh,ULIP,77700,1532000,15,Quarterly,Active,Not Claimed,0,AG1233,2026-08-02,36-45,2026,2026-08
LIC102243,39,Male,Chandigarh,Chandigarh,Money Back,49200,719000,12,Yearly,Active,Not Claimed,0,AG1293,2018-11-04,36-45,2018,2018-11
LIC102244,55,Male,Ahmedabad,Gujarat,Whole Life,33500,361000,20,Monthly,Lapsed,Not Claimed,0,AG1039,2023-09-19,46-55,2023,2023-09
LIC102245,52,Female,Ahmedabad,Gujarat,Term,23900,353000,25,Half-Yearly,Active,Not Claimed,0,AG1163,2021-06-20,46-55,2021,2021-06
LIC102246,45,Male,Jaipur,Rajasthan,Whole Life,32500,568000,25,Yearly,Active,Not Claimed,0,AG1299,2024-08-05,36-45,2024,2024-08
LIC102247,23,Male,Delhi,Delhi,Money Back,42800,372000,10,Yearly,Active,Not Claimed,0,AG1021,2021-06-22,18-25,2021,2021-06
LIC102248,20,Male,Surat,Gujarat,Money Back,32400,620000,15,Single Premium,Active,Not Claimed,0,AG1010,2026-04-17,18-25,2026,2026-04
LIC102249,42,Male,Kochi,Kerala,Endowment,52100,1075000,10,Yearly,Surrendered,Claimed,372000,AG1045,2026-01-26,36-45,2026,2026-01
LIC102250,49,Female,Bengaluru,Karnataka,Term,21400,484000,30,Yearly,Active,Not Claimed,0,AG1093,2020-11-19,46-55,2020,2020-11
LIC102251,38,Male,Chandigarh,Chandigarh,Term,16500,161000,10,Monthly,Active,Not Claimed,0,AG1003,2022-07-02,36-45,2022,2022-07
LIC102252,60,Male,Chennai,Tamil Nadu,Pension,65800,527000,10,Monthly,Surrendered,Not Claimed,0,AG1043,2023-07-22,56-65,2023,2023-07
LIC102253,27,Male,Chennai,Tamil Nadu,Endowment,89600,828000,25,Monthly,Matured,Not Claimed,0,AG1180,2020-07-18,26-35,2020,2020-07
LIC102254,26,Female,Nagpur,Maharashtra,Money Back,29700,704000,30,Yearly,Active,Not Claimed,0,AG1297,2025-08-05,26-35,2025,2025-08
LIC102255,32,Male,Jaipur,Rajasthan,Term,16800,353000,20,Single Premium,Matured,Not Claimed,0,AG1107,2023-07-19,26-35,2023,2023-07
LIC102256,31,Female,Jaipur,Rajasthan,Term,14900,331000,10,Monthly,Active,Not Claimed,0,AG1205,2025-08-12,26-35,2025,2025-08
LIC102257,45,Male,Kochi,Kerala,Whole Life,28700,482000,15,Half-Yearly,Active,Not Claimed,0,AG1265,2021-11-06,36-45,2021,2021-11
LIC102258,34,Female,Lucknow,Uttar Pradesh,Money Back,45200,766000,20,Yearly,Active,Not Claimed,0,AG1124,2023-07-24,26-35,2023,2023-07
LIC102259,22,Female,Chennai,Tamil Nadu,Money Back,44000,575000,20,Single Premium,Active,Not Claimed,0,AG1113,2026-03-28,18-25,2026,2026-03
LIC102260,49,Male,Bhopal,Madhya Pradesh,Endowment,49000,1094000,10,Yearly,Active,Not Claimed,0,AG1047,2025-04-17,46-55,2025,2025-04
LIC102261,20,Male,Ahmedabad,Gujarat,ULIP,69300,1532000,10,Single Premium,Active,Not Claimed,0,AG1156,2021-04-19,18-25,2021,2021-04
LIC102262,27,Male,Delhi,Delhi,Term,22500,330000,25,Quarterly,Active,Not Claimed,0,AG1284,2023-07-02,26-35,2023,2023-07
LIC102263,21,Male,Indore,Madhya Pradesh,Term,17200,234000,15,Quarterly,Active,Not Claimed,0,AG1236,2019-05-13,18-25,2019,2019-05
LIC102264,41,Female,Kanpur,Uttar Pradesh,Money Back,25100,516000,20,Half-Yearly,Active,Not Claimed,0,AG1139,2022-07-21,36-45,2022,2022-07
LIC102265,41,Male,Delhi,Delhi,Endowment,56800,480000,15,Quarterly,Active,Not Claimed,0,AG1285,2024-02-24,36-45,2024,2024-02
LIC102266,60,Male,Patna,Bihar,Endowment,57300,1296000,15,Monthly,Active,Not Claimed,0,AG1242,2018-02-02,56-65,2018,2018-02
LIC102267,49,Male,Lucknow,Uttar Pradesh,Whole Life,35300,550000,30,Yearly,Active,Not Claimed,0,AG1249,2024-07-09,46-55,2024,2024-07
LIC102268,55,Male,Surat,Gujarat,Whole Life,32600,505000,12,Yearly,Active,Not Claimed,0,AG1204,2024-03-31,46-55,2024,2024-03
LIC102269,42,Female,Chandigarh,Chandigarh,Pension,64100,1242000,20,Yearly,Active,Not Claimed,0,AG1200,2019-06-14,36-45,2019,2019-06
LIC102270,28,Male,Ahmedabad,Gujarat,Endowment,46300,879000,10,Quarterly,Active,Not Claimed,0,AG1057,2020-06-05,26-35,2020,2020-06
LIC102271,40,Female,Kochi,Kerala,Term,17900,224000,10,Half-Yearly,Active,Not Claimed,0,AG1074,2020-03-29,36-45,2020,2020-03
LIC102272,46,Female,Jaipur,Rajasthan,Endowment,33700,810000,20,Quarterly,Lapsed,Not Claimed,0,AG1119,2026-03-20,46-55,2026,2026-03
LIC102273,47,Male,Ahmedabad,Gujarat,Micro Insurance,9300,230000,25,Monthly,Surrendered,Not Claimed,0,AG1059,2025-08-23,46-55,2025,2025-08
LIC102274,34,Male,Nagpur,Maharashtra,Money Back,42600,722000,20,Half-Yearly,Lapsed,Not Claimed,0,AG1291,2019-03-04,26-35,2019,2019-03
LIC102275,44,Female,Kochi,Kerala,Whole Life,35700,626000,10,Monthly,Active,Not Claimed,0,AG1292,2021-07-13,36-45,2021,2021-07
LIC102276,29,Male,Varanasi,Uttar Pradesh,Term,8600,150000,12,Monthly,Active,Not Claimed,0,AG1058,2020-10-01,26-35,2020,2020-10
LIC102277,28,Male,Varanasi,Uttar Pradesh,Money Back,35600,579000,25,Yearly,Active,Not Claimed,0,AG1219,2021-08-11,26-35,2021,2021-08
LIC102278,27,Male,Bhopal,Madhya Pradesh,Term,16800,404000,12,Monthly,Matured,Not Claimed,0,AG1232,2022-01-03,26-35,2022,2022-01
LIC102279,39,Male,Coimbatore,Tamil Nadu,Money Back,31700,385000,20,Single Premium,Active,Not Claimed,0,AG1258,2022-05-04,36-45,2022,2022-05
LIC102280,26,Female,Nagpur,Maharashtra,Pension,59300,583000,12,Half-Yearly,Active,Not Claimed,0,AG1284,2019-07-24,26-35,2019,2019-07
LIC102281,34,Male,Chandigarh,Chandigarh,Micro Insurance,7300,174000,25,Single Premium,Active,Not Claimed,0,AG1063,2018-05-31,26-35,2018,2018-05
LIC102282,49,Male,Bengaluru,Karnataka,Money Back,47500,552000,25,Monthly,Lapsed,Not Claimed,0,AG1180,2022-07-29,46-55,2022,2022-07
LIC102283,28,Female,Hyderabad,Telangana,Money Back,48100,997000,5,Half-Yearly,Active,Not Claimed,0,AG1231,2020-05-27,26-35,2020,2020-05
LIC102284,33,Female,Chandigarh,Chandigarh,Pension,36100,414000,20,Quarterly,Active,Not Claimed,0,AG1164,2018-12-11,26-35,2018,2018-12
LIC102285,40,Male,Bhopal,Madhya Pradesh,Whole Life,28000,681000,10,Yearly,Matured,Not Claimed,0,AG1210,2022-07-18,36-45,2022,2022-07
LIC102286,42,Female,Jaipur,Rajasthan,Term,19900,427000,10,Quarterly,Active,Not Claimed,0,AG1043,2020-07-22,36-45,2020,2020-07
LIC102287,34,Male,Surat,Gujarat,Money Back,30200,713000,15,Quarterly,Active,Not Claimed,0,AG1133,2019-09-13,26-35,2019,2019-09
LIC102288,48,Female,Kochi,Kerala,Endowment,59500,1438000,20,Yearly,Active,Not Claimed,0,AG1218,2018-05-30,46-55,2018,2018-05
LIC102289,45,Male,Indore,Madhya Pradesh,Money Back,34800,328000,12,Quarterly,Active,Not Claimed,0,AG1203,2020-01-15,36-45,2020,2020-01
LIC102290,52,Male,Ahmedabad,Gujarat,Money Back,62300,957000,20,Monthly,Active,Not Claimed,0,AG1178,2018-09-24,46-55,2018,2018-09
LIC102291,38,Female,Nagpur,Maharashtra,Money Back,28700,546000,10,Quarterly,Active,Not Claimed,0,AG1272,2022-02-22,36-45,2022,2022-02
LIC102292,33,Male,Ahmedabad,Gujarat,Endowment,76300,1651000,5,Yearly,Active,Not Claimed,0,AG1052,2023-12-19,26-35,2023,2023-12
LIC102293,31,Female,Nagpur,Maharashtra,Term,31800,385000,20,Monthly,Lapsed,Not Claimed,0,AG1071,2018-05-27,26-35,2018,2018-05
LIC102294,42,Male,Hyderabad,Telangana,Money Back,38000,895000,15,Quarterly,Active,Not Claimed,0,AG1003,2025-04-04,36-45,2025,2025-04
LIC102295,35,Female,Bhopal,Madhya Pradesh,Pension,66200,778000,20,Monthly,Active,Not Claimed,0,AG1089,2020-06-21,26-35,2020,2020-06
LIC102296,33,Female,Patna,Bihar,Whole Life,26800,609000,20,Half-Yearly,Active,Not Claimed,0,AG1051,2024-08-19,26-35,2024,2024-08
LIC102297,34,Male,Patna,Bihar,Endowment,55800,933000,25,Yearly,Lapsed,Not Claimed,0,AG1160,2022-02-17,26-35,2022,2022-02
LIC102298,31,Female,Indore,Madhya Pradesh,Pension,45700,766000,15,Quarterly,Active,Not Claimed,0,AG1133,2024-12-26,26-35,2024,2024-12
LIC102299,41,Male,Kochi,Kerala,Pension,35900,515000,5,Quarterly,Active,Not Claimed,0,AG1247,2021-05-27,36-45,2021,2021-05
LIC102300,23,Female,Delhi,Delhi,Endowment,15600,152000,20,Monthly,Active,Not Claimed,0,AG1171,2022-02-27,18-25,2022,2022-02
LIC102301,42,Male,Surat,Gujarat,Term,18100,252000,20,Monthly,Active,Not Claimed,0,AG1211,2022-04-19,36-45,2022,2022-04
LIC102302,46,Female,Varanasi,Uttar Pradesh,ULIP,63600,970000,15,Monthly,Active,Not Claimed,0,AG1159,2026-06-10,46-55,2026,2026-06
LIC102303,33,Male,Kochi,Kerala,Pension,69700,1125000,20,Half-Yearly,Lapsed,Not Claimed,0,AG1150,2021-07-08,26-35,2021,2021-07
LIC102304,60,Male,Surat,Gujarat,Micro Insurance,7900,162000,12,Half-Yearly,Active,Not Claimed,0,AG1059,2020-10-08,56-65,2020,2020-10
LIC102305,39,Male,Coimbatore,Tamil Nadu,Pension,66600,931000,10,Single Premium,Matured,Claimed,881000,AG1047,2018-03-12,36-45,2018,2018-03
LIC102306,22,Male,Bhopal,Madhya Pradesh,Whole Life,26400,394000,20,Monthly,Active,Not Claimed,0,AG1031,2024-04-27,18-25,2024,2024-04
LIC102307,36,Female,Indore,Madhya Pradesh,Money Back,33100,775000,12,Half-Yearly,Lapsed,Not Claimed,0,AG1247,2019-11-27,36-45,2019,2019-11
LIC102308,40,Male,Patna,Bihar,Term,25600,532000,15,Half-Yearly,Active,Not Claimed,0,AG1187,2022-07-27,36-45,2022,2022-07
LIC102309,44,Female,Kolkata,West Bengal,Endowment,23300,195000,15,Half-Yearly,Active,Not Claimed,0,AG1235,2022-12-24,36-45,2022,2022-12
LIC102310,36,Male,Mumbai,Maharashtra,Money Back,36600,798000,15,Yearly,Active,Not Claimed,0,AG1171,2020-05-10,36-45,2020,2020-05
LIC102311,28,Male,Bengaluru,Karnataka,Whole Life,26800,665000,20,Monthly,Active,Not Claimed,0,AG1081,2021-12-05,26-35,2021,2021-12
LIC102312,27,Male,Coimbatore,Tamil Nadu,Money Back,52700,1264000,5,Monthly,Lapsed,Not Claimed,0,AG1005,2021-12-10,26-35,2021,2021-12
LIC102313,32,Female,Hyderabad,Telangana,ULIP,44900,997000,30,Yearly,Active,Not Claimed,0,AG1004,2024-03-31,26-35,2024,2024-03
LIC102314,33,Female,Bhopal,Madhya Pradesh,Endowment,48500,907000,20,Quarterly,Active,Not Claimed,0,AG1143,2020-11-04,26-35,2020,2020-11
LIC102315,27,Male,Surat,Gujarat,Money Back,46600,593000,15,Monthly,Active,Not Claimed,0,AG1136,2025-04-18,26-35,2025,2025-04
LIC102316,31,Male,Kolkata,West Bengal,Term,11900,228000,10,Monthly,Lapsed,Not Claimed,0,AG1272,2021-10-09,26-35,2021,2021-10
LIC102317,46,Male,Surat,Gujarat,Endowment,45700,906000,10,Quarterly,Active,Not Claimed,0,AG1255,2019-04-28,46-55,2019,2019-04
LIC102318,57,Male,Ahmedabad,Gujarat,ULIP,58200,744000,20,Half-Yearly,Lapsed,Not Claimed,0,AG1212,2022-01-01,56-65,2022,2022-01
LIC102319,47,Male,Lucknow,Uttar Pradesh,Whole Life,44700,552000,12,Monthly,Lapsed,Not Claimed,0,AG1280,2020-11-09,46-55,2020,2020-11
LIC102320,53,Female,Kanpur,Uttar Pradesh,Micro Insurance,8800,130000,10,Quarterly,Lapsed,Not Claimed,0,AG1251,2025-09-08,46-55,2025,2025-09
LIC102321,50,Male,Ahmedabad,Gujarat,Endowment,46400,877000,15,Half-Yearly,Active,Not Claimed,0,AG1182,2024-11-24,46-55,2024,2024-11
LIC102322,48,Female,Mumbai,Maharashtra,Money Back,31000,402000,20,Quarterly,Active,Not Claimed,0,AG1209,2018-06-11,46-55,2018,2018-06
LIC102323,35,Female,Bhopal,Madhya Pradesh,Endowment,56200,980000,20,Single Premium,Active,Not Claimed,0,AG1206,2019-10-01,26-35,2019,2019-10
LIC102324,41,Male,Kolkata,West Bengal,Money Back,37900,883000,20,Monthly,Lapsed,Not Claimed,0,AG1238,2020-11-23,36-45,2020,2020-11
LIC102325,34,Male,Bengaluru,Karnataka,Pension,30500,397000,25,Single Premium,Active,Not Claimed,0,AG1159,2021-12-24,26-35,2021,2021-12
LIC102326,37,Male,Mumbai,Maharashtra,Whole Life,20000,488000,10,Half-Yearly,Active,Not Claimed,0,AG1020,2020-01-01,36-45,2020,2020-01
LIC102327,40,Male,Chennai,Tamil Nadu,Pension,57500,923000,20,Yearly,Lapsed,Not Claimed,0,AG1054,2025-09-02,36-45,2025,2025-09
LIC102328,47,Female,Ahmedabad,Gujarat,Endowment,33600,326000,10,Quarterly,Active,Not Claimed,0,AG1244,2020-11-10,46-55,2020,2020-11
LIC102329,44,Male,Bengaluru,Karnataka,Pension,89500,800000,15,Quarterly,Active,Not Claimed,0,AG1162,2025-08-16,36-45,2025,2025-08
LIC102330,37,Female,Lucknow,Uttar Pradesh,Term,14200,195000,20,Yearly,Active,Not Claimed,0,AG1204,2024-01-24,36-45,2024,2024-01
LIC102331,40,Male,Delhi,Delhi,Pension,50900,631000,10,Yearly,Surrendered,Not Claimed,0,AG1232,2018-06-21,36-45,2018,2018-06
LIC102332,44,Male,Patna,Bihar,Endowment,48700,1088000,15,Monthly,Matured,Claimed,712000,AG1193,2025-11-10,36-45,2025,2025-11
LIC102333,46,Male,Lucknow,Uttar Pradesh,Endowment,38800,797000,25,Monthly,Lapsed,Not Claimed,0,AG1144,2018-07-18,46-55,2018,2018-07
LIC102334,22,Male,Nagpur,Maharashtra,Money Back,19200,442000,10,Half-Yearly,Matured,Claimed,152000,AG1212,2023-09-29,18-25,2023,2023-09
LIC102335,27,Male,Hyderabad,Telangana,Pension,50600,912000,15,Yearly,Active,Not Claimed,0,AG1291,2022-01-05,26-35,2022,2022-01
LIC102336,51,Male,Delhi,Delhi,Term,17400,268000,25,Quarterly,Matured,Not Claimed,0,AG1105,2018-11-26,46-55,2018,2018-11
LIC102337,38,Male,Jaipur,Rajasthan,Endowment,45000,567000,15,Yearly,Active,Not Claimed,0,AG1131,2018-10-21,36-45,2018,2018-10
LIC102338,34,Male,Kanpur,Uttar Pradesh,Pension,46400,831000,20,Yearly,Lapsed,Not Claimed,0,AG1277,2024-05-16,26-35,2024,2024-05
LIC102339,36,Male,Indore,Madhya Pradesh,Endowment,45800,848000,25,Yearly,Lapsed,Not Claimed,0,AG1278,2018-12-30,36-45,2018,2018-12
LIC102340,36,Male,Jaipur,Rajasthan,Term,28200,414000,10,Half-Yearly,Active,Not Claimed,0,AG1142,2025-03-03,36-45,2025,2025-03
LIC102341,45,Male,Varanasi,Uttar Pradesh,Endowment,40400,966000,10,Quarterly,Active,Not Claimed,0,AG1067,2018-06-03,36-45,2018,2018-06
LIC102342,27,Female,Chennai,Tamil Nadu,Endowment,36800,695000,20,Single Premium,Active,Not Claimed,0,AG1197,2022-10-21,26-35,2022,2022-10
LIC102343,39,Male,Lucknow,Uttar Pradesh,Pension,31600,703000,20,Half-Yearly,Surrendered,Not Claimed,0,AG1059,2026-04-29,36-45,2026,2026-04
LIC102344,42,Female,Bhopal,Madhya Pradesh,ULIP,53400,990000,10,Yearly,Active,Not Claimed,0,AG1234,2026-03-13,36-45,2026,2026-03
LIC102345,43,Male,Chandigarh,Chandigarh,Money Back,44300,593000,12,Quarterly,Active,Not Claimed,0,AG1176,2022-07-22,36-45,2022,2022-07
LIC102346,41,Female,Nagpur,Maharashtra,Micro Insurance,5600,115000,15,Yearly,Lapsed,Not Claimed,0,AG1102,2019-11-29,36-45,2019,2019-11
LIC102347,45,Male,Nagpur,Maharashtra,Money Back,45300,540000,25,Monthly,Active,Not Claimed,0,AG1037,2021-12-12,36-45,2021,2021-12
LIC102348,33,Female,Delhi,Delhi,Term,17100,310000,15,Monthly,Active,Not Claimed,0,AG1085,2018-09-29,26-35,2018,2018-09
LIC102349,29,Male,Varanasi,Uttar Pradesh,Endowment,29200,433000,25,Yearly,Active,Not Claimed,0,AG1024,2024-10-26,26-35,2024,2024-10
LIC102350,66,Female,Patna,Bihar,Endowment,62900,663000,30,Half-Yearly,Active,Not Claimed,0,AG1199,2019-05-28,66+,2019,2019-05
LIC102351,36,Male,Kanpur,Uttar Pradesh,Term,17200,258000,20,Yearly,Lapsed,Not Claimed,0,AG1126,2020-03-19,36-45,2020,2020-03
LIC102352,37,Male,Coimbatore,Tamil Nadu,Pension,50900,676000,20,Quarterly,Active,Not Claimed,0,AG1256,2024-09-25,36-45,2024,2024-09
LIC102353,46,Female,Pune,Maharashtra,ULIP,50200,497000,15,Half-Yearly,Active,Not Claimed,0,AG1075,2020-11-04,46-55,2020,2020-11
LIC102354,57,Male,Coimbatore,Tamil Nadu,Endowment,44200,973000,10,Quarterly,Active,Not Claimed,0,AG1110,2023-10-29,56-65,2023,2023-10
LIC102355,33,Male,Kolkata,West Bengal,Money Back,37600,619000,20,Half-Yearly,Active,Not Claimed,0,AG1006,2025-06-26,26-35,2025,2025-06
LIC102356,28,Male,Chennai,Tamil Nadu,ULIP,48700,676000,15,Quarterly,Matured,Not Claimed,0,AG1040,2019-06-28,26-35,2019,2019-06
LIC102357,25,Male,Surat,Gujarat,Pension,77800,1290000,15,Yearly,Matured,Not Claimed,0,AG1205,2022-05-28,18-25,2022,2022-05
LIC102358,57,Female,Chennai,Tamil Nadu,Pension,75900,1581000,20,Yearly,Active,Not Claimed,0,AG1145,2023-11-07,56-65,2023,2023-11
LIC102359,28,Male,Varanasi,Uttar Pradesh,Money Back,41900,348000,15,Monthly,Active,Not Claimed,0,AG1002,2020-08-28,26-35,2020,2020-08
LIC102360,39,Female,Lucknow,Uttar Pradesh,ULIP,51900,898000,20,Quarterly,Active,Not Claimed,0,AG1158,2024-04-20,36-45,2024,2024-04
LIC102361,28,Male,Bengaluru,Karnataka,Money Back,20400,329000,15,Yearly,Active,Not Claimed,0,AG1228,2020-01-16,26-35,2020,2020-01
LIC102362,23,Male,Kolkata,West Bengal,Money Back,28700,665000,10,Yearly,Active,Not Claimed,0,AG1199,2023-12-27,18-25,2023,2023-12
LIC102363,36,Female,Pune,Maharashtra,Term,15200,265000,15,Yearly,Lapsed,Not Claimed,0,AG1252,2019-12-11,36-45,2019,2019-12
LIC102364,29,Female,Ahmedabad,Gujarat,Term,16700,173000,30,Yearly,Active,Not Claimed,0,AG1083,2021-08-06,26-35,2021,2021-08
LIC102365,31,Female,Hyderabad,Telangana,Money Back,35700,521000,20,Quarterly,Active,Not Claimed,0,AG1045,2018-11-02,26-35,2018,2018-11
LIC102366,61,Male,Lucknow,Uttar Pradesh,Endowment,66200,1229000,10,Quarterly,Active,Not Claimed,0,AG1199,2018-06-21,56-65,2018,2018-06
LIC102367,44,Male,Pune,Maharashtra,Term,21500,189000,15,Monthly,Active,Not Claimed,0,AG1175,2025-01-17,36-45,2025,2025-01
LIC102368,49,Male,Nagpur,Maharashtra,ULIP,84000,1935000,25,Monthly,Active,Not Claimed,0,AG1033,2018-11-24,46-55,2018,2018-11
LIC102369,48,Male,Chennai,Tamil Nadu,Term,19100,175000,10,Yearly,Active,Not Claimed,0,AG1035,2018-06-02,46-55,2018,2018-06
LIC102370,38,Male,Indore,Madhya Pradesh,Money Back,40100,342000,12,Monthly,Active,Not Claimed,0,AG1192,2025-07-18,36-45,2025,2025-07
LIC102371,34,Female,Varanasi,Uttar Pradesh,Money Back,39600,318000,12,Single Premium,Active,Not Claimed,0,AG1085,2019-08-30,26-35,2019,2019-08
LIC102372,42,Female,Chandigarh,Chandigarh,Micro Insurance,7000,137000,20,Yearly,Matured,Not Claimed,0,AG1101,2025-12-10,36-45,2025,2025-12
LIC102373,41,Male,Hyderabad,Telangana,Money Back,55300,871000,15,Yearly,Active,Not Claimed,0,AG1209,2022-11-08,36-45,2022,2022-11
LIC102374,33,Male,Chennai,Tamil Nadu,Term,22500,219000,10,Yearly,Matured,Not Claimed,0,AG1029,2021-12-10,26-35,2021,2021-12
LIC102375,40,Female,Nagpur,Maharashtra,Money Back,26400,595000,20,Quarterly,Active,Not Claimed,0,AG1274,2018-11-07,36-45,2018,2018-11
LIC102376,31,Male,Bengaluru,Karnataka,Pension,46500,532000,10,Yearly,Matured,Not Claimed,0,AG1186,2025-03-22,26-35,2025,2025-03
LIC102377,37,Male,Kolkata,West Bengal,Micro Insurance,6100,100000,20,Monthly,Active,Not Claimed,0,AG1048,2025-08-11,36-45,2025,2025-08
LIC102378,35,Male,Kanpur,Uttar Pradesh,Endowment,76700,845000,15,Monthly,Active,Not Claimed,0,AG1267,2019-02-13,26-35,2019,2019-02
LIC102379,25,Male,Varanasi,Uttar Pradesh,Endowment,38300,910000,15,Yearly,Lapsed,Not Claimed,0,AG1170,2019-12-20,18-25,2019,2019-12
LIC102380,18,Female,Chennai,Tamil Nadu,Pension,36500,762000,10,Monthly,Active,Not Claimed,0,AG1146,2024-02-10,18-25,2024,2024-02
LIC102381,29,Male,Delhi,Delhi,Term,20400,414000,20,Single Premium,Active,Not Claimed,0,AG1016,2019-09-19,26-35,2019,2019-09
LIC102382,59,Male,Kochi,Kerala,Whole Life,44400,388000,15,Yearly,Active,Claimed,249000,AG1297,2021-02-21,56-65,2021,2021-02
LIC102383,36,Male,Coimbatore,Tamil Nadu,Endowment,41600,702000,15,Yearly,Active,Not Claimed,0,AG1043,2018-08-26,36-45,2018,2018-08
LIC102384,48,Female,Coimbatore,Tamil Nadu,Term,19600,349000,20,Monthly,Active,Not Claimed,0,AG1287,2022-07-02,46-55,2022,2022-07
LIC102385,18,Female,Chandigarh,Chandigarh,Endowment,54800,795000,20,Yearly,Lapsed,Not Claimed,0,AG1284,2024-09-19,18-25,2024,2024-09
LIC102386,28,Male,Nagpur,Maharashtra,Endowment,33100,446000,5,Monthly,Active,Not Claimed,0,AG1051,2022-05-02,26-35,2022,2022-05
LIC102387,24,Male,Coimbatore,Tamil Nadu,Whole Life,27300,614000,10,Yearly,Active,Not Claimed,0,AG1027,2021-05-06,18-25,2021,2021-05
LIC102388,37,Male,Indore,Madhya Pradesh,Pension,42500,357000,12,Monthly,Lapsed,Not Claimed,0,AG1009,2019-07-17,36-45,2019,2019-07
LIC102389,66,Male,Bhopal,Madhya Pradesh,Endowment,78300,1459000,20,Yearly,Active,Not Claimed,0,AG1252,2025-03-14,66+,2025,2025-03
LIC102390,44,Female,Pune,Maharashtra,Pension,57600,847000,20,Monthly,Active,Not Claimed,0,AG1233,2018-03-28,36-45,2018,2018-03
LIC102391,58,Male,Chennai,Tamil Nadu,Term,17000,328000,20,Monthly,Matured,Not Claimed,0,AG1219,2021-01-03,56-65,2021,2021-01
LIC102392,36,Male,Coimbatore,Tamil Nadu,Money Back,27800,316000,20,Half-Yearly,Active,Not Claimed,0,AG1057,2022-10-22,36-45,2022,2022-10
LIC102393,54,Female,Kanpur,Uttar Pradesh,Term,37300,450000,25,Monthly,Active,Not Claimed,0,AG1175,2025-10-08,46-55,2025,2025-10
LIC102394,62,Male,Indore,Madhya Pradesh,Pension,86100,1548000,15,Yearly,Active,Not Claimed,0,AG1114,2020-01-15,56-65,2020,2020-01
LIC102395,38,Female,Chennai,Tamil Nadu,ULIP,68200,1682000,15,Monthly,Active,Not Claimed,0,AG1218,2023-06-03,36-45,2023,2023-06
LIC102396,33,Male,Chandigarh,Chandigarh,Whole Life,30100,740000,25,Quarterly,Active,Not Claimed,0,AG1246,2019-01-05,26-35,2019,2019-01
LIC102397,25,Male,Mumbai,Maharashtra,Pension,73200,895000,12,Half-Yearly,Active,Not Claimed,0,AG1068,2022-10-30,18-25,2022,2022-10
LIC102398,36,Other,Kochi,Kerala,Whole Life,22300,217000,15,Quarterly,Active,Not Claimed,0,AG1058,2023-04-26,36-45,2023,2023-04
LIC102399,40,Male,Varanasi,Uttar Pradesh,Micro Insurance,7900,142000,10,Quarterly,Surrendered,Claimed,77000,AG1076,2026-01-26,36-45,2026,2026-01
LIC102400,61,Female,Chandigarh,Chandigarh,Whole Life,34800,527000,25,Yearly,Active,Not Claimed,0,AG1111,2023-09-23,56-65,2023,2023-09
LIC102401,25,Male,Surat,Gujarat,Pension,44800,939000,15,Monthly,Active,Claimed,842000,AG1112,2021-08-13,18-25,2021,2021-08
LIC102402,40,Male,Patna,Bihar,Money Back,46800,794000,10,Monthly,Active,Not Claimed,0,AG1222,2022-11-26,36-45,2022,2022-11
LIC102403,19,Female,Indore,Madhya Pradesh,Term,17300,289000,20,Quarterly,Active,Not Claimed,0,AG1206,2019-04-11,18-25,2019,2019-04
LIC102404,34,Male,Mumbai,Maharashtra,Money Back,31900,606000,12,Quarterly,Active,Not Claimed,0,AG1072,2020-07-01,26-35,2020,2020-07
LIC102405,42,Female,Chandigarh,Chandigarh,Term,17000,173000,30,Half-Yearly,Active,Not Claimed,0,AG1002,2019-04-18,36-45,2019,2019-04
LIC102406,45,Male,Pune,Maharashtra,Money Back,23100,451000,15,Quarterly,Active,Not Claimed,0,AG1189,2021-07-20,36-45,2021,2021-07
LIC102407,45,Male,Chennai,Tamil Nadu,Money Back,49900,814000,20,Yearly,Active,Not Claimed,0,AG1040,2026-04-25,36-45,2026,2026-04
LIC102408,43,Male,Varanasi,Uttar Pradesh,Whole Life,24800,544000,15,Monthly,Active,Not Claimed,0,AG1171,2018-06-22,36-45,2018,2018-06
LIC102409,45,Male,Kanpur,Uttar Pradesh,Term,33900,351000,20,Quarterly,Active,Not Claimed,0,AG1048,2018-08-24,36-45,2018,2018-08
LIC102410,40,Male,Surat,Gujarat,Term,17600,231000,25,Quarterly,Matured,Not Claimed,0,AG1200,2020-12-05,36-45,2020,2020-12
LIC102411,27,Male,Surat,Gujarat,Money Back,51900,1254000,20,Yearly,Matured,Not Claimed,0,AG1057,2022-08-06,26-35,2022,2022-08
LIC102412,19,Male,Pune,Maharashtra,Pension,28900,503000,25,Single Premium,Active,Not Claimed,0,AG1196,2018-08-21,18-25,2018,2018-08
LIC102413,33,Male,Surat,Gujarat,Endowment,51500,1226000,10,Half-Yearly,Active,Not Claimed,0,AG1012,2024-09-30,26-35,2024,2024-09
LIC102414,38,Female,Nagpur,Maharashtra,Endowment,57400,1132000,25,Single Premium,Lapsed,Not Claimed,0,AG1179,2023-05-23,36-45,2023,2023-05
LIC102415,53,Male,Patna,Bihar,Whole Life,52500,1247000,20,Quarterly,Active,Not Claimed,0,AG1074,2018-09-23,46-55,2018,2018-09
LIC102416,38,Female,Hyderabad,Telangana,Whole Life,20300,272000,25,Monthly,Active,Not Claimed,0,AG1029,2024-02-16,36-45,2024,2024-02
LIC102417,37,Male,Jaipur,Rajasthan,Endowment,35300,337000,20,Monthly,Lapsed,Not Claimed,0,AG1092,2024-08-01,36-45,2024,2024-08
LIC102418,43,Male,Kanpur,Uttar Pradesh,Endowment,54100,1171000,10,Quarterly,Active,Not Claimed,0,AG1285,2018-05-19,36-45,2018,2018-05
LIC102419,36,Female,Kolkata,West Bengal,Endowment,44300,960000,20,Quarterly,Surrendered,Not Claimed,0,AG1107,2019-07-01,36-45,2019,2019-07
LIC102420,48,Male,Varanasi,Uttar Pradesh,Micro Insurance,7500,139000,10,Monthly,Lapsed,Not Claimed,0,AG1247,2022-03-09,46-55,2022,2022-03
LIC102421,61,Male,Lucknow,Uttar Pradesh,Term,21300,380000,20,Quarterly,Active,Not Claimed,0,AG1256,2022-02-14,56-65,2022,2022-02
LIC102422,63,Male,Kochi,Kerala,Endowment,86600,2040000,15,Quarterly,Active,Not Claimed,0,AG1098,2021-09-27,56-65,2021,2021-09
LIC102423,40,Male,Bengaluru,Karnataka,Term,39600,436000,10,Monthly,Matured,Not Claimed,0,AG1046,2026-01-11,36-45,2026,2026-01
LIC102424,43,Male,Indore,Madhya Pradesh,Endowment,47400,876000,30,Quarterly,Active,Not Claimed,0,AG1020,2023-05-07,36-45,2023,2023-05
LIC102425,56,Other,Patna,Bihar,ULIP,73900,654000,25,Yearly,Matured,Claimed,526000,AG1059,2018-03-14,56-65,2018,2018-03
LIC102426,37,Male,Chandigarh,Chandigarh,Endowment,43700,454000,25,Quarterly,Active,Not Claimed,0,AG1240,2018-06-12,36-45,2018,2018-06
LIC102427,46,Female,Indore,Madhya Pradesh,Term,29200,451000,20,Yearly,Active,Not Claimed,0,AG1036,2018-08-11,46-55,2018,2018-08
LIC102428,27,Female,Pune,Maharashtra,Money Back,45400,997000,20,Half-Yearly,Lapsed,Not Claimed,0,AG1001,2023-06-21,26-35,2023,2023-06
LIC102429,36,Male,Chandigarh,Chandigarh,Term,13500,276000,20,Quarterly,Active,Not Claimed,0,AG1300,2018-07-04,36-45,2018,2018-07
LIC102430,52,Male,Indore,Madhya Pradesh,Term,18300,449000,10,Monthly,Lapsed,Not Claimed,0,AG1183,2018-04-05,46-55,2018,2018-04
LIC102431,31,Female,Coimbatore,Tamil Nadu,ULIP,39200,343000,25,Quarterly,Active,Not Claimed,0,AG1085,2019-11-15,26-35,2019,2019-11
LIC102432,38,Female,Coimbatore,Tamil Nadu,ULIP,114600,1660000,25,Half-Yearly,Matured,Not Claimed,0,AG1082,2020-09-02,36-45,2020,2020-09
LIC102433,22,Male,Lucknow,Uttar Pradesh,Pension,57300,613000,20,Quarterly,Active,Not Claimed,0,AG1159,2025-05-25,18-25,2025,2025-05
LIC102434,61,Male,Bengaluru,Karnataka,Pension,53300,460000,25,Monthly,Active,Not Claimed,0,AG1248,2021-08-07,56-65,2021,2021-08
LIC102435,53,Male,Nagpur,Maharashtra,Whole Life,30200,377000,15,Monthly,Active,Not Claimed,0,AG1228,2024-12-19,46-55,2024,2024-12
LIC102436,41,Male,Coimbatore,Tamil Nadu,Term,24200,294000,15,Yearly,Active,Not Claimed,0,AG1049,2018-03-02,36-45,2018,2018-03
LIC102437,45,Male,Kolkata,West Bengal,ULIP,75000,1136000,30,Quarterly,Lapsed,Not Claimed,0,AG1300,2025-12-18,36-45,2025,2025-12
LIC102438,43,Female,Kolkata,West Bengal,Pension,65800,683000,15,Half-Yearly,Active,Not Claimed,0,AG1287,2023-10-21,36-45,2023,2023-10
LIC102439,54,Male,Varanasi,Uttar Pradesh,ULIP,56700,925000,20,Half-Yearly,Active,Not Claimed,0,AG1212,2021-12-31,46-55,2021,2021-12
LIC102440,33,Female,Chandigarh,Chandigarh,Money Back,39200,927000,15,Yearly,Active,Not Claimed,0,AG1139,2019-04-27,26-35,2019,2019-04
LIC102441,47,Male,Lucknow,Uttar Pradesh,Endowment,49600,1028000,20,Half-Yearly,Active,Not Claimed,0,AG1104,2018-04-25,46-55,2018,2018-04
LIC102442,51,Male,Kolkata,West Bengal,Pension,44000,982000,20,Half-Yearly,Active,Not Claimed,0,AG1065,2021-05-14,46-55,2021,2021-05
LIC102443,52,Male,Chennai,Tamil Nadu,ULIP,48300,1047000,20,Single Premium,Active,Not Claimed,0,AG1145,2020-06-29,46-55,2020,2020-06
LIC102444,18,Female,Pune,Maharashtra,Micro Insurance,6700,100000,15,Yearly,Active,Not Claimed,0,AG1028,2019-07-08,18-25,2019,2019-07
LIC102445,32,Female,Chennai,Tamil Nadu,Term,19000,381000,12,Monthly,Matured,Claimed,124000,AG1082,2023-03-21,26-35,2023,2023-03
LIC102446,28,Female,Hyderabad,Telangana,Endowment,49000,1020000,20,Monthly,Active,Claimed,262000,AG1009,2022-04-05,26-35,2022,2022-04
LIC102447,41,Male,Hyderabad,Telangana,Endowment,56200,646000,25,Yearly,Surrendered,Not Claimed,0,AG1162,2021-03-20,36-45,2021,2021-03
LIC102448,18,Male,Kochi,Kerala,ULIP,79100,1790000,5,Yearly,Active,Not Claimed,0,AG1223,2025-02-08,18-25,2025,2025-02
LIC102449,18,Male,Bengaluru,Karnataka,Term,14500,229000,10,Half-Yearly,Active,Not Claimed,0,AG1131,2018-05-20,18-25,2018,2018-05
LIC102450,63,Male,Mumbai,Maharashtra,Term,28700,238000,10,Half-Yearly,Active,Not Claimed,0,AG1129,2024-09-20,56-65,2024,2024-09
LIC102451,46,Female,Chennai,Tamil Nadu,Micro Insurance,8400,159000,25,Half-Yearly,Active,Not Claimed,0,AG1136,2019-05-05,46-55,2019,2019-05
LIC102452,40,Male,Pune,Maharashtra,Term,17500,341000,20,Quarterly,Active,Not Claimed,0,AG1286,2023-04-15,36-45,2023,2023-04
LIC102453,43,Female,Jaipur,Rajasthan,Pension,54400,945000,30,Yearly,Matured,Not Claimed,0,AG1097,2020-06-15,36-45,2020,2020-06
LIC102454,41,Male,Nagpur,Maharashtra,Endowment,41600,483000,20,Monthly,Active,Not Claimed,0,,2018-07-24,36-45,2018,2018-07
LIC102455,50,Female,Bhopal,Madhya Pradesh,Pension,102200,1656000,15,Single Premium,Lapsed,Not Claimed,0,AG1278,2024-05-31,46-55,2024,2024-05
LIC102456,32,Female,Varanasi,Uttar Pradesh,Money Back,37100,549000,20,Yearly,Active,Not Claimed,0,AG1209,2025-12-18,26-35,2025,2025-12
LIC102457,41,Male,Chennai,Tamil Nadu,Pension,58400,1435000,10,Half-Yearly,Active,Not Claimed,0,AG1009,2025-03-14,36-45,2025,2025-03
LIC102458,42,Female,Bhopal,Madhya Pradesh,Pension,48300,1064000,15,Quarterly,Active,Not Claimed,0,AG1296,2025-06-11,36-45,2025,2025-06
LIC102459,27,Male,Lucknow,Uttar Pradesh,Term,15700,329000,15,Monthly,Matured,Not Claimed,0,AG1292,2020-06-23,26-35,2020,2020-06
LIC102460,53,Male,Hyderabad,Telangana,Term,15200,168000,12,Quarterly,Active,Not Claimed,0,AG1147,2018-01-18,46-55,2018,2018-01
LIC102461,34,Female,Bengaluru,Karnataka,Endowment,57100,778000,15,Yearly,Matured,Not Claimed,0,AG1002,2025-08-15,26-35,2025,2025-08
LIC102462,50,Female,Nagpur,Maharashtra,Whole Life,43900,635000,10,Half-Yearly,Active,Not Claimed,0,AG1161,2019-09-13,46-55,2019,2019-09
LIC102463,40,Male,Lucknow,Uttar Pradesh,Pension,46800,766000,10,Quarterly,Active,Not Claimed,0,AG1064,2019-10-05,36-45,2019,2019-10
LIC102464,57,Male,Kanpur,Uttar Pradesh,Money Back,35400,301000,15,Half-Yearly,Active,Not Claimed,0,AG1255,2019-06-26,56-65,2019,2019-06
LIC102465,28,Female,Kanpur,Uttar Pradesh,Whole Life,31500,570000,20,Yearly,Lapsed,Not Claimed,0,AG1119,2018-07-17,26-35,2018,2018-07
LIC102466,27,Female,Lucknow,Uttar Pradesh,Term,15700,221000,10,Monthly,Active,Not Claimed,0,AG1111,2021-06-19,26-35,2021,2021-06
LIC102467,29,Male,Indore,Madhya Pradesh,ULIP,48900,858000,15,Quarterly,Active,Not Claimed,0,AG1191,2023-11-09,26-35,2023,2023-11
LIC102468,40,Female,Pune,Maharashtra,Micro Insurance,4500,100000,10,Yearly,Matured,Claimed,53000,AG1208,2020-10-22,36-45,2020,2020-10
LIC102469,56,Male,Bhopal,Madhya Pradesh,Endowment,55900,753000,15,Half-Yearly,Active,Not Claimed,0,AG1214,2020-02-27,56-65,2020,2020-02
LIC102470,57,Male,Jaipur,Rajasthan,Money Back,48600,1024000,20,Yearly,Matured,Claimed,363000,AG1092,2020-09-03,56-65,2020,2020-09
LIC102471,18,Male,Indore,Madhya Pradesh,Term,24500,405000,25,Half-Yearly,Lapsed,Not Claimed,0,AG1078,2019-09-01,18-25,2019,2019-09
LIC102472,42,Male,Chennai,Tamil Nadu,Money Back,37400,801000,20,Single Premium,Active,Not Claimed,0,AG1006,2019-04-10,36-45,2019,2019-04
LIC102473,18,Female,Patna,Bihar,Money Back,32800,652000,12,Monthly,Lapsed,Not Claimed,0,AG1046,2023-07-14,18-25,2023,2023-07
LIC102474,48,Male,Varanasi,Uttar Pradesh,Term,13500,304000,10,Half-Yearly,Active,Not Claimed,0,AG1276,2025-09-25,46-55,2025,2025-09
LIC102475,51,Female,Kochi,Kerala,Money Back,58400,475000,10,Monthly,Active,Not Claimed,0,AG1113,2020-10-24,46-55,2020,2020-10
LIC102476,39,Male,Patna,Bihar,Endowment,56500,703000,30,Monthly,Active,Not Claimed,0,AG1016,2021-06-15,36-45,2021,2021-06
LIC102477,40,Female,Chennai,Tamil Nadu,Money Back,38500,667000,20,Quarterly,Active,Not Claimed,0,AG1251,2025-02-12,36-45,2025,2025-02
LIC102478,40,Female,Kochi,Kerala,Money Back,26300,631000,5,Monthly,Active,Not Claimed,0,AG1253,2026-02-04,36-45,2026,2026-02
LIC102479,30,Female,Mumbai,Maharashtra,Term,12800,250000,10,Single Premium,Active,Not Claimed,0,AG1250,2023-07-23,26-35,2023,2023-07
LIC102480,44,Male,Hyderabad,Telangana,ULIP,49400,779000,15,Single Premium,Active,Not Claimed,0,AG1048,2022-12-23,36-45,2022,2022-12
LIC102481,36,Male,Pune,Maharashtra,Whole Life,39800,406000,10,Quarterly,Active,Not Claimed,0,AG1113,2018-08-29,36-45,2018,2018-08
LIC102482,49,Female,Surat,Gujarat,Endowment,53200,872000,20,Half-Yearly,Active,Not Claimed,0,AG1260,2022-06-27,46-55,2022,2022-06
LIC102483,38,Female,Kochi,Kerala,Term,12300,191000,20,Half-Yearly,Active,Not Claimed,0,AG1176,2025-10-27,36-45,2025,2025-10
LIC102484,30,Male,Patna,Bihar,ULIP,58200,1236000,20,Yearly,Matured,Not Claimed,0,AG1098,2022-02-27,26-35,2022,2022-02
LIC102485,22,Female,Varanasi,Uttar Pradesh,Pension,37900,570000,15,Half-Yearly,Active,Not Claimed,0,AG1195,2026-01-22,18-25,2026,2026-01
LIC102486,18,Male,Surat,Gujarat,Endowment,36300,487000,12,Monthly,Lapsed,Not Claimed,0,AG1285,2020-10-04,18-25,2020,2020-10
LIC102487,53,Male,Kanpur,Uttar Pradesh,Endowment,67000,638000,20,Yearly,Active,Not Claimed,0,AG1149,2026-07-30,46-55,2026,2026-07
LIC102488,34,Female,Hyderabad,Telangana,Term,22300,196000,20,Yearly,Active,Not Claimed,0,AG1298,2026-07-31,26-35,2026,2026-07
LIC102489,43,Male,Lucknow,Uttar Pradesh,Money Back,53600,829000,15,Half-Yearly,Active,Not Claimed,0,AG1003,2022-10-28,36-45,2022,2022-10
LIC102490,59,Female,Bhopal,Madhya Pradesh,Term,23000,320000,15,Yearly,Active,Not Claimed,0,AG1279,2025-09-15,56-65,2025,2025-09
LIC102491,33,Male,Nagpur,Maharashtra,Endowment,53800,938000,25,Yearly,Active,Not Claimed,0,AG1261,2022-11-24,26-35,2022,2022-11
LIC102492,32,Male,Kolkata,West Bengal,Whole Life,25500,513000,10,Half-Yearly,Active,Not Claimed,0,AG1223,2022-01-15,26-35,2022,2022-01
LIC102493,38,Male,Kochi,Kerala,Money Back,34700,301000,15,Half-Yearly,Active,Not Claimed,0,AG1281,2021-03-28,36-45,2021,2021-03
LIC102494,39,Male,Kolkata,West Bengal,Endowment,40200,661000,15,Single Premium,Active,Not Claimed,0,AG1291,2023-09-22,36-45,2023,2023-09
LIC102495,60,Female,Bengaluru,Karnataka,Endowment,55000,1246000,20,Quarterly,Matured,Not Claimed,0,AG1235,2023-04-25,56-65,2023,2023-04
LIC102496,56,Male,Kolkata,West Bengal,Money Back,31400,494000,5,Quarterly,Active,Not Claimed,0,AG1065,2026-01-01,56-65,2026,2026-01
LIC102497,46,Male,Chandigarh,Chandigarh,Term,19100,322000,20,Monthly,Active,Not Claimed,0,AG1207,2019-02-17,46-55,2019,2019-02
LIC102498,55,Male,Coimbatore,Tamil Nadu,Term,33500,545000,10,Yearly,Active,Not Claimed,0,AG1295,2021-08-30,46-55,2021,2021-08
LIC102499,37,Male,Coimbatore,Tamil Nadu,Pension,36200,529000,10,Yearly,Active,Claimed,313000,AG1216,2021-01-08,36-45,2021,2021-01
LIC102500,42,Female,Bhopal,Madhya Pradesh,Term,13400,132000,20,Monthly,Surrendered,Claimed,132000,AG1111,2022-10-15,36-45,2022,2022-10
LIC102501,36,Male,Jaipur,Rajasthan,Whole Life,21400,217000,20,Single Premium,Active,Not Claimed,0,AG1274,2022-01-13,36-45,2022,2022-01
LIC102502,25,Male,Mumbai,Maharashtra,Pension,101100,1117000,25,Yearly,Active,Not Claimed,0,AG1281,2021-11-10,18-25,2021,2021-11
LIC102503,52,Female,Kochi,Kerala,Endowment,57600,1237000,15,Yearly,Active,Not Claimed,0,AG1137,2022-08-28,46-55,2022,2022-08
LIC102504,45,Female,Chennai,Tamil Nadu,Endowment,43600,553000,15,Monthly,Active,Not Claimed,0,AG1169,2024-08-27,36-45,2024,2024-08
LIC102505,39,Female,Lucknow,Uttar Pradesh,Money Back,38500,929000,20,Half-Yearly,Active,Not Claimed,0,AG1278,2018-06-14,36-45,2018,2018-06
LIC102506,39,Male,Hyderabad,Telangana,Pension,53600,1167000,12,Yearly,Matured,Not Claimed,0,AG1230,2019-12-10,36-45,2019,2019-12
LIC102507,22,Male,Mumbai,Maharashtra,Pension,40100,787000,5,Half-Yearly,Active,Not Claimed,0,AG1194,2024-06-07,18-25,2024,2024-06
LIC102508,28,Female,Chandigarh,Chandigarh,ULIP,45000,911000,12,Yearly,Active,Not Claimed,0,AG1173,2020-02-13,26-35,2020,2020-02
LIC102509,43,Female,Delhi,Delhi,Term,18900,167000,12,Yearly,Active,Not Claimed,0,AG1276,2020-12-07,36-45,2020,2020-12
LIC102510,33,Male,Patna,Bihar,Whole Life,24500,433000,15,Quarterly,Active,Not Claimed,0,AG1215,2021-02-24,26-35,2021,2021-02
LIC102511,37,Male,Jaipur,Rajasthan,Endowment,38500,924000,30,Yearly,Active,Not Claimed,0,AG1140,2019-01-03,36-45,2019,2019-01
LIC102512,38,Male,Hyderabad,Telangana,Money Back,41200,357000,20,Monthly,Active,Not Claimed,0,AG1202,2025-05-19,36-45,2025,2025-05
LIC102513,31,Male,Chandigarh,Chandigarh,Term,13600,176000,25,Quarterly,Active,Not Claimed,0,AG1064,2026-07-01,26-35,2026,2026-07
LIC102514,28,Female,Chandigarh,Chandigarh,Term,37400,332000,30,Monthly,Active,Not Claimed,0,AG1160,2024-12-29,26-35,2024,2024-12
LIC102515,21,Female,Delhi,Delhi,ULIP,64200,1135000,15,Quarterly,Active,Not Claimed,0,AG1062,2019-09-05,18-25,2019,2019-09
LIC102516,37,Male,Pune,Maharashtra,Money Back,25800,257000,10,Quarterly,Active,Not Claimed,0,AG1133,2018-03-18,36-45,2018,2018-03
LIC102517,46,Female,Nagpur,Maharashtra,Endowment,23800,384000,15,Yearly,Active,Not Claimed,0,AG1120,2025-07-17,46-55,2025,2025-07
LIC102518,21,Male,Pune,Maharashtra,Endowment,34600,700000,25,Yearly,Active,Not Claimed,0,AG1300,2018-03-09,18-25,2018,2018-03
LIC102519,39,Male,Delhi,Delhi,Pension,60900,657000,15,Quarterly,Active,Not Claimed,0,AG1157,2020-11-17,36-45,2020,2020-11
LIC102520,42,Female,Mumbai,Maharashtra,ULIP,64700,1348000,15,Yearly,Active,Claimed,754000,AG1289,2026-03-03,36-45,2026,2026-03
LIC102521,28,Female,Lucknow,Uttar Pradesh,Endowment,40700,367000,10,Monthly,Matured,Not Claimed,0,AG1013,2024-09-13,26-35,2024,2024-09
LIC102522,55,Male,Kolkata,West Bengal,Term,18900,199000,15,Monthly,Matured,Not Claimed,0,AG1228,2023-10-06,46-55,2023,2023-10
LIC102523,35,Male,Delhi,Delhi,Endowment,32600,416000,15,Half-Yearly,Surrendered,Not Claimed,0,AG1274,2021-05-11,26-35,2021,2021-05
LIC102524,38,Male,Kanpur,Uttar Pradesh,Pension,44400,956000,15,Yearly,Surrendered,Not Claimed,0,AG1231,2019-07-21,36-45,2019,2019-07
LIC102525,37,Male,Delhi,Delhi,Money Back,27800,624000,25,Yearly,Lapsed,Not Claimed,0,AG1066,2026-08-21,36-45,2026,2026-08
LIC102526,20,Male,Lucknow,Uttar Pradesh,Money Back,32200,378000,10,Quarterly,Surrendered,Not Claimed,0,AG1228,2025-04-19,18-25,2025,2025-04
LIC102527,50,Female,Delhi,Delhi,Money Back,61700,594000,30,Yearly,Matured,Not Claimed,0,AG1145,2021-06-28,46-55,2021,2021-06
LIC102528,28,Female,Kanpur,Uttar Pradesh,Endowment,33800,758000,5,Yearly,Active,Not Claimed,0,AG1161,2024-07-17,26-35,2024,2024-07
LIC102529,36,Female,Kanpur,Uttar Pradesh,ULIP,62400,1188000,30,Single Premium,Active,Not Claimed,0,AG1289,2024-10-06,36-45,2024,2024-10
LIC102530,46,Male,Coimbatore,Tamil Nadu,Money Back,50500,540000,15,Monthly,Active,Not Claimed,0,AG1084,2019-03-15,46-55,2019,2019-03
LIC102531,55,Female,Hyderabad,Telangana,Term,16500,288000,20,Half-Yearly,Lapsed,Not Claimed,0,AG1022,2024-09-27,46-55,2024,2024-09
LIC102532,27,Male,Bhopal,Madhya Pradesh,Term,14200,324000,10,Half-Yearly,Active,Not Claimed,0,AG1125,2020-05-21,26-35,2020,2020-05
LIC102533,34,Male,Surat,Gujarat,Money Back,48600,446000,20,Single Premium,Lapsed,Not Claimed,0,AG1181,2023-05-16,26-35,2023,2023-05
LIC102534,54,Male,Ahmedabad,Gujarat,Pension,45500,429000,25,Monthly,Active,Claimed,300000,AG1044,2023-12-21,46-55,2023,2023-12
LIC102535,44,Male,Pune,Maharashtra,Endowment,45800,579000,10,Half-Yearly,Active,Not Claimed,0,AG1284,2024-10-12,36-45,2024,2024-10
LIC102536,46,Female,Lucknow,Uttar Pradesh,Pension,96200,1836000,10,Quarterly,Active,Not Claimed,0,AG1265,2025-07-14,46-55,2025,2025-07
LIC102537,27,Male,Bengaluru,Karnataka,ULIP,68400,754000,12,Half-Yearly,Matured,Not Claimed,0,AG1278,2022-04-17,26-35,2022,2022-04
LIC102538,35,Male,Coimbatore,Tamil Nadu,Endowment,43000,941000,10,Monthly,Active,Not Claimed,0,AG1217,2022-06-22,26-35,2022,2022-06
LIC102539,37,Female,Chandigarh,Chandigarh,Term,23300,484000,10,Monthly,Matured,Claimed,482000,AG1085,2024-05-04,36-45,2024,2024-05
LIC102540,30,Male,Hyderabad,Telangana,Term,17700,310000,20,Half-Yearly,Lapsed,Not Claimed,0,AG1281,2023-11-25,26-35,2023,2023-11
LIC102541,21,Female,Varanasi,Uttar Pradesh,ULIP,69200,690000,10,Quarterly,Active,Not Claimed,0,AG1079,2018-03-07,18-25,2018,2018-03
LIC102542,33,Male,Chennai,Tamil Nadu,Term,10100,250000,20,Monthly,Active,Not Claimed,0,AG1007,2026-05-13,26-35,2026,2026-05
LIC102543,54,Male,Nagpur,Maharashtra,Endowment,49600,810000,25,Quarterly,Active,Not Claimed,0,AG1224,2020-12-11,46-55,2020,2020-12
LIC102544,40,Female,Varanasi,Uttar Pradesh,Money Back,21300,334000,20,Monthly,Active,Not Claimed,0,AG1195,2025-07-21,36-45,2025,2025-07
LIC102545,54,Male,Surat,Gujarat,ULIP,66800,1665000,10,Single Premium,Active,Not Claimed,0,AG1289,2024-05-24,46-55,2024,2024-05
LIC102546,41,Male,Ahmedabad,Gujarat,Term,18100,411000,20,Half-Yearly,Active,Not Claimed,0,AG1081,2024-03-29,36-45,2024,2024-03
LIC102547,31,Male,Surat,Gujarat,Endowment,61500,969000,15,Yearly,Active,Not Claimed,0,AG1122,2021-06-18,26-35,2021,2021-06
LIC102548,53,Male,Varanasi,Uttar Pradesh,Money Back,53400,807000,15,Quarterly,Lapsed,Not Claimed,0,AG1058,2023-07-29,46-55,2023,2023-07
LIC102549,41,Male,Nagpur,Maharashtra,Money Back,33300,321000,12,Yearly,Active,Not Claimed,0,AG1300,2019-01-25,36-45,2019,2019-01
LIC102550,50,Male,Jaipur,Rajasthan,Pension,50600,1202000,25,Half-Yearly,Active,Not Claimed,0,AG1121,2020-11-11,46-55,2020,2020-11
LIC102551,27,Male,Ahmedabad,Gujarat,Term,20000,447000,20,Half-Yearly,Active,Not Claimed,0,AG1048,2019-12-30,26-35,2019,2019-12
LIC102552,50,Female,Chandigarh,Chandigarh,ULIP,52300,694000,10,Half-Yearly,Lapsed,Not Claimed,0,AG1125,2025-06-27,46-55,2025,2025-06
LIC102553,51,Male,Delhi,Delhi,Whole Life,35400,737000,15,Yearly,Matured,Not Claimed,0,AG1153,2026-02-04,46-55,2026,2026-02
LIC102554,42,Male,Bengaluru,Karnataka,Money Back,56400,1183000,12,Half-Yearly,Active,Not Claimed,0,AG1013,2022-09-04,36-45,2022,2022-09
LIC102555,30,Male,Ahmedabad,Gujarat,Whole Life,23800,283000,30,Quarterly,Matured,Not Claimed,0,AG1268,2025-01-12,26-35,2025,2025-01
LIC102556,38,Female,Bhopal,Madhya Pradesh,Endowment,38400,708000,30,Monthly,Lapsed,Not Claimed,0,AG1224,2018-12-28,36-45,2018,2018-12
LIC102557,46,Female,Mumbai,Maharashtra,Term,18700,231000,12,Half-Yearly,Lapsed,Not Claimed,0,AG1227,2018-02-28,46-55,2018,2018-02
LIC102558,42,Female,Lucknow,Uttar Pradesh,Whole Life,78700,1686000,15,Half-Yearly,Lapsed,Not Claimed,0,AG1191,2019-04-30,36-45,2019,2019-04
LIC102559,46,Female,Varanasi,Uttar Pradesh,Money Back,48300,513000,20,Monthly,Active,Not Claimed,0,AG1250,2021-01-29,46-55,2021,2021-01
LIC102560,50,Male,Bengaluru,Karnataka,Whole Life,48600,941000,15,Quarterly,Active,Claimed,818000,AG1190,2022-11-16,46-55,2022,2022-11
LIC102561,32,Male,Pune,Maharashtra,Endowment,52100,706000,10,Half-Yearly,Active,Not Claimed,0,AG1028,2025-10-16,26-35,2025,2025-10
LIC102562,26,Male,Hyderabad,Telangana,Pension,60600,522000,20,Yearly,Active,Not Claimed,0,AG1223,2018-12-06,26-35,2018,2018-12
LIC102563,39,Male,Varanasi,Uttar Pradesh,Money Back,43100,435000,15,Monthly,Active,Not Claimed,0,AG1203,2019-05-01,36-45,2019,2019-05
LIC102564,35,Male,Kochi,Kerala,Term,19900,381000,20,Quarterly,Matured,Not Claimed,0,AG1042,2023-01-10,26-35,2023,2023-01
LIC102565,48,Male,Patna,Bihar,Money Back,27700,335000,15,Yearly,Active,Not Claimed,0,AG1189,2025-06-29,46-55,2025,2025-06
LIC102566,27,Female,Coimbatore,Tamil Nadu,ULIP,57500,1077000,20,Yearly,Surrendered,Not Claimed,0,AG1080,2020-11-05,26-35,2020,2020-11
LIC102567,50,Female,Kolkata,West Bengal,ULIP,59500,896000,20,Quarterly,Active,Not Claimed,0,AG1038,2018-05-01,46-55,2018,2018-05
LIC102568,54,Male,Coimbatore,Tamil Nadu,Money Back,51500,1018000,15,Yearly,Active,Not Claimed,0,AG1109,2024-07-05,46-55,2024,2024-07
LIC102569,39,Female,Patna,Bihar,Pension,49300,808000,20,Half-Yearly,Active,Not Claimed,0,AG1114,2023-11-02,36-45,2023,2023-11
LIC102570,40,Male,Bhopal,Madhya Pradesh,Endowment,55100,730000,15,Half-Yearly,Active,Not Claimed,0,AG1133,2020-01-15,36-45,2020,2020-01
LIC102571,31,Male,Lucknow,Uttar Pradesh,Endowment,54600,572000,10,Single Premium,Surrendered,Not Claimed,0,AG1176,2019-01-21,26-35,2019,2019-01
LIC102572,33,Male,Ahmedabad,Gujarat,Pension,21200,293000,10,Single Premium,Lapsed,Not Claimed,0,AG1163,2024-06-28,26-35,2024,2024-06
LIC102573,35,Male,Jaipur,Rajasthan,Pension,42500,799000,12,Quarterly,Active,Not Claimed,0,AG1235,2019-03-24,26-35,2019,2019-03
LIC102574,55,Male,Chennai,Tamil Nadu,Whole Life,22100,455000,10,Monthly,Matured,Claimed,370000,AG1270,2026-01-30,46-55,2026,2026-01
LIC102575,38,Female,Kolkata,West Bengal,Pension,53200,571000,20,Quarterly,Active,Not Claimed,0,AG1054,2023-10-22,36-45,2023,2023-10
LIC102576,24,Male,Ahmedabad,Gujarat,Term,16500,318000,15,Monthly,Active,Not Claimed,0,AG1154,2024-04-21,18-25,2024,2024-04
LIC102577,42,Male,Jaipur,Rajasthan,Pension,76100,841000,10,Monthly,Active,Not Claimed,0,AG1238,2025-12-17,36-45,2025,2025-12
LIC102578,48,Male,Surat,Gujarat,Endowment,51500,606000,20,Quarterly,Active,Not Claimed,0,AG1042,2026-02-12,46-55,2026,2026-02
LIC102579,39,Male,Surat,Gujarat,Term,16500,281000,20,Single Premium,Active,Not Claimed,0,AG1216,2020-10-19,36-45,2020,2020-10
LIC102580,55,Female,Kanpur,Uttar Pradesh,Endowment,67700,874000,15,Yearly,Lapsed,Not Claimed,0,AG1095,2020-05-14,46-55,2020,2020-05
LIC102581,48,Male,Nagpur,Maharashtra,Endowment,44400,855000,12,Half-Yearly,Active,Not Claimed,0,AG1146,2026-01-26,46-55,2026,2026-01
LIC102582,27,Female,Ahmedabad,Gujarat,Endowment,36500,885000,10,Half-Yearly,Active,Not Claimed,0,AG1103,2022-11-11,26-35,2022,2022-11
LIC102583,33,Other,Kochi,Kerala,Endowment,46900,494000,15,Monthly,Active,Not Claimed,0,AG1125,2023-03-24,26-35,2023,2023-03
LIC102584,41,Male,Lucknow,Uttar Pradesh,Term,30300,536000,25,Monthly,Surrendered,Not Claimed,0,AG1149,2026-04-21,36-45,2026,2026-04
LIC102585,21,Male,Varanasi,Uttar Pradesh,Endowment,53300,1263000,10,Monthly,Lapsed,Not Claimed,0,AG1162,2025-11-17,18-25,2025,2025-11
LIC102586,43,Female,Pune,Maharashtra,Money Back,46200,508000,15,Yearly,Active,Not Claimed,0,AG1217,2025-04-09,36-45,2025,2025-04
LIC102587,20,Other,Bhopal,Madhya Pradesh,Money Back,77800,1108000,30,Monthly,Active,Not Claimed,0,AG1040,2019-08-11,18-25,2019,2019-08
LIC102588,50,Male,Delhi,Delhi,Endowment,40400,408000,20,Yearly,Active,Not Claimed,0,AG1119,2023-08-12,46-55,2023,2023-08
LIC102589,49,Female,Hyderabad,Telangana,ULIP,49200,931000,15,Yearly,Lapsed,Not Claimed,0,AG1111,2023-07-24,46-55,2023,2023-07
LIC102590,45,Female,Kanpur,Uttar Pradesh,Pension,56000,1085000,20,Monthly,Active,Not Claimed,0,AG1286,2019-01-18,36-45,2019,2019-01
LIC102591,32,Male,Bengaluru,Karnataka,ULIP,79500,1534000,25,Monthly,Lapsed,Not Claimed,0,AG1198,2019-11-21,26-35,2019,2019-11
LIC102592,41,Male,Indore,Madhya Pradesh,Endowment,34600,596000,20,Half-Yearly,Matured,Not Claimed,0,AG1117,2021-02-09,36-45,2021,2021-02
LIC102593,33,Female,Bengaluru,Karnataka,ULIP,85000,1758000,25,Yearly,Active,Not Claimed,0,AG1025,2023-03-24,26-35,2023,2023-03
LIC102594,28,Female,Kochi,Kerala,Term,12000,103000,15,Yearly,Active,Claimed,96000,AG1285,2018-07-23,26-35,2018,2018-07
LIC102595,35,Male,Patna,Bihar,Term,17400,422000,25,Quarterly,Active,Not Claimed,0,AG1067,2022-11-09,26-35,2022,2022-11
LIC102596,47,Male,Ahmedabad,Gujarat,Endowment,50400,593000,30,Half-Yearly,Active,Not Claimed,0,AG1185,2018-01-26,46-55,2018,2018-01
LIC102597,39,Male,Pune,Maharashtra,ULIP,42600,429000,15,Quarterly,Active,Not Claimed,0,AG1216,2023-02-20,36-45,2023,2023-02
LIC102598,55,Male,Mumbai,Maharashtra,Endowment,43800,1051000,20,Single Premium,Active,Not Claimed,0,AG1105,2023-11-26,46-55,2023,2023-11
LIC102599,47,Female,Mumbai,Maharashtra,Term,25700,568000,20,Yearly,Active,Not Claimed,0,AG1145,2022-08-28,46-55,2022,2022-08
LIC102600,46,Male,Ahmedabad,Gujarat,Term,30500,641000,20,Half-Yearly,Active,Not Claimed,0,AG1109,2022-05-10,46-55,2022,2022-05
LIC102601,21,Male,Kolkata,West Bengal,Pension,26600,260000,25,Quarterly,Matured,Not Claimed,0,AG1050,2020-05-17,18-25,2020,2020-05
LIC102602,36,Male,Kanpur,Uttar Pradesh,Whole Life,31900,693000,5,Half-Yearly,Active,Claimed,229000,AG1212,2018-10-01,36-45,2018,2018-10
LIC102603,27,Male,Patna,Bihar,Endowment,40700,747000,20,Quarterly,Active,Not Claimed,0,AG1090,2022-12-21,26-35,2022,2022-12
LIC102604,37,Male,Kolkata,West Bengal,Money Back,38000,777000,20,Monthly,Lapsed,Not Claimed,0,AG1269,2022-04-15,36-45,2022,2022-04
LIC102605,31,Male,Chennai,Tamil Nadu,Money Back,32900,810000,20,Quarterly,Active,Not Claimed,0,AG1191,2023-08-27,26-35,2023,2023-08
LIC102606,35,Male,Pune,Maharashtra,Whole Life,20900,236000,20,Single Premium,Active,Not Claimed,0,AG1295,2022-01-27,26-35,2022,2022-01
LIC102607,51,Male,Nagpur,Maharashtra,Endowment,77100,1278000,5,Half-Yearly,Lapsed,Not Claimed,0,AG1017,2024-06-03,46-55,2024,2024-06
LIC102608,44,Male,Coimbatore,Tamil Nadu,Pension,73600,1531000,15,Monthly,Active,Not Claimed,0,AG1232,2025-03-25,36-45,2025,2025-03
LIC102609,50,Male,Jaipur,Rajasthan,Endowment,48100,739000,20,Yearly,Active,Not Claimed,0,AG1080,2026-01-02,46-55,2026,2026-01
LIC102610,21,Female,Bhopal,Madhya Pradesh,Whole Life,26200,234000,25,Quarterly,Active,Not Claimed,0,AG1059,2020-11-16,18-25,2020,2020-11
LIC102611,40,Male,Patna,Bihar,Term,16100,159000,10,Monthly,Active,Not Claimed,0,AG1030,2023-08-06,36-45,2023,2023-08
LIC102612,50,Male,Nagpur,Maharashtra,Endowment,24000,438000,20,Quarterly,Active,Not Claimed,0,AG1131,2018-07-02,46-55,2018,2018-07
LIC102613,56,Female,Kanpur,Uttar Pradesh,Endowment,58100,746000,20,Half-Yearly,Surrendered,Claimed,397000,AG1123,2025-06-15,56-65,2025,2025-06
LIC102614,22,Male,Mumbai,Maharashtra,Money Back,44800,463000,20,Half-Yearly,Active,Not Claimed,0,AG1051,2024-11-01,18-25,2024,2024-11
LIC102615,35,Male,Indore,Madhya Pradesh,Term,18700,258000,20,Half-Yearly,Active,Not Claimed,0,AG1080,2023-05-03,26-35,2023,2023-05
LIC102616,50,Male,Indore,Madhya Pradesh,ULIP,59900,684000,5,Yearly,Matured,Claimed,509000,AG1251,2022-05-27,46-55,2022,2022-05
LIC102617,37,Male,Delhi,Delhi,Endowment,44600,375000,20,Quarterly,Lapsed,Not Claimed,0,AG1192,2022-01-19,36-45,2022,2022-01
LIC102618,29,Female,Chennai,Tamil Nadu,Whole Life,23600,250000,20,Yearly,Active,Not Claimed,0,AG1074,2025-03-20,26-35,2025,2025-03
LIC102619,22,Female,Pune,Maharashtra,ULIP,45200,1040000,20,Monthly,Active,Not Claimed,0,AG1111,2019-02-24,18-25,2019,2019-02
LIC102620,29,Male,Kolkata,West Bengal,Money Back,34400,282000,20,Yearly,Active,Not Claimed,0,AG1199,2024-04-06,26-35,2024,2024-04
LIC102621,20,Male,Bengaluru,Karnataka,ULIP,63200,1337000,15,Yearly,Surrendered,Not Claimed,0,AG1177,2025-01-03,18-25,2025,2025-01
LIC102622,40,Male,Mumbai,Maharashtra,Whole Life,46800,974000,30,Yearly,Active,Not Claimed,0,AG1020,2020-03-14,36-45,2020,2020-03
LIC102623,49,Female,Chennai,Tamil Nadu,Endowment,46000,809000,20,Half-Yearly,Matured,Not Claimed,0,AG1205,2019-03-15,46-55,2019,2019-03
LIC102624,25,Female,Varanasi,Uttar Pradesh,ULIP,38800,448000,20,Yearly,Active,Not Claimed,0,AG1029,2025-09-20,18-25,2025,2025-09
LIC102625,42,Male,Delhi,Delhi,Endowment,46000,1055000,25,Monthly,Matured,Not Claimed,0,AG1010,2020-10-17,36-45,2020,2020-10
LIC102626,48,Male,Kolkata,West Bengal,Money Back,73100,1175000,25,Yearly,Active,Not Claimed,0,AG1009,2019-06-07,46-55,2019,2019-06
LIC102627,39,Male,Bengaluru,Karnataka,ULIP,41700,456000,20,Monthly,Surrendered,Not Claimed,0,AG1063,2019-07-25,36-45,2019,2019-07
LIC102628,21,Male,Jaipur,Rajasthan,Endowment,53800,823000,15,Monthly,Matured,Not Claimed,0,AG1033,2021-07-06,18-25,2021,2021-07
LIC102629,43,Male,Varanasi,Uttar Pradesh,Endowment,66900,757000,15,Half-Yearly,Active,Not Claimed,0,AG1152,2019-12-15,36-45,2019,2019-12
LIC102630,38,Male,Pune,Maharashtra,Money Back,33700,485000,12,Yearly,Lapsed,Not Claimed,0,AG1080,2018-04-23,36-45,2018,2018-04
LIC102631,37,Male,Kochi,Kerala,Pension,40400,664000,12,Monthly,Lapsed,Not Claimed,0,AG1032,2022-05-28,36-45,2022,2022-05
LIC102632,33,Female,Pune,Maharashtra,Pension,56400,796000,15,Single Premium,Matured,Not Claimed,0,AG1004,2024-09-18,26-35,2024,2024-09
LIC102633,40,Other,Coimbatore,Tamil Nadu,Money Back,42100,807000,20,Single Premium,Active,Not Claimed,0,AG1190,2023-07-11,36-45,2023,2023-07
LIC102634,45,Male,Bhopal,Madhya Pradesh,Whole Life,40800,976000,12,Half-Yearly,Active,Not Claimed,0,AG1126,2023-04-26,36-45,2023,2023-04
LIC102635,65,Male,Patna,Bihar,Pension,116700,1624000,25,Half-Yearly,Matured,Not Claimed,0,AG1022,2024-04-02,56-65,2024,2024-04
LIC102636,40,Female,Delhi,Delhi,Term,20000,281000,15,Yearly,Lapsed,Not Claimed,0,AG1151,2020-10-26,36-45,2020,2020-10
LIC102637,56,Male,Surat,Gujarat,Endowment,37700,775000,15,Quarterly,Active,Not Claimed,0,AG1218,2024-08-09,56-65,2024,2024-08
LIC102638,43,Female,Bhopal,Madhya Pradesh,Whole Life,33500,570000,15,Half-Yearly,Lapsed,Not Claimed,0,AG1282,2020-04-26,36-45,2020,2020-04
LIC102639,38,Male,Bhopal,Madhya Pradesh,Pension,53200,813000,10,Yearly,Active,Not Claimed,0,AG1172,2021-08-27,36-45,2021,2021-08
LIC102640,41,Male,Jaipur,Rajasthan,Pension,73400,1603000,25,Single Premium,Lapsed,Not Claimed,0,AG1239,2025-12-07,36-45,2025,2025-12
LIC102641,26,Male,Delhi,Delhi,Endowment,39700,919000,12,Single Premium,Active,Not Claimed,0,AG1150,2023-10-01,26-35,2023,2023-10
LIC102642,42,Male,Bengaluru,Karnataka,Term,17400,314000,20,Quarterly,Active,Not Claimed,0,AG1108,2023-03-27,36-45,2023,2023-03
LIC102643,18,Female,Bhopal,Madhya Pradesh,Endowment,28600,319000,20,Monthly,Active,Not Claimed,0,AG1195,2018-10-27,18-25,2018,2018-10
LIC102644,30,Male,Kanpur,Uttar Pradesh,Endowment,49000,780000,20,Quarterly,Active,Not Claimed,0,AG1052,2020-05-12,26-35,2020,2020-05
LIC102645,40,Male,Mumbai,Maharashtra,Endowment,113700,1884000,15,Quarterly,Active,Not Claimed,0,AG1142,2020-12-21,36-45,2020,2020-12
LIC102646,52,Male,Bengaluru,Karnataka,ULIP,58800,902000,10,Quarterly,Active,Not Claimed,0,AG1064,2018-03-25,46-55,2018,2018-03
LIC102647,55,Female,Varanasi,Uttar Pradesh,Term,25300,315000,12,Quarterly,Active,Not Claimed,0,AG1173,2021-10-08,46-55,2021,2021-10
LIC102648,36,Male,Delhi,Delhi,Pension,41700,668000,15,Half-Yearly,Active,Not Claimed,0,AG1192,2022-08-20,36-45,2022,2022-08
LIC102649,41,Male,Jaipur,Rajasthan,Endowment,31500,491000,20,Yearly,Lapsed,Not Claimed,0,AG1158,2020-10-15,36-45,2020,2020-10
LIC102650,50,Male,Coimbatore,Tamil Nadu,Money Back,48000,555000,15,Yearly,Active,Not Claimed,0,AG1154,2020-07-12,46-55,2020,2020-07
LIC102651,24,Male,Surat,Gujarat,Term,18100,423000,10,Yearly,Active,Not Claimed,0,AG1232,2020-06-08,18-25,2020,2020-06
LIC102652,43,Male,Kochi,Kerala,Endowment,23600,544000,10,Monthly,Active,Not Claimed,0,AG1160,2022-02-07,36-45,2022,2022-02
LIC102653,30,Female,Patna,Bihar,Term,28300,592000,20,Monthly,Matured,Not Claimed,0,AG1051,2022-07-17,26-35,2022,2022-07
LIC102654,37,Male,Kanpur,Uttar Pradesh,Micro Insurance,6900,102000,15,Yearly,Active,Not Claimed,0,AG1215,2020-07-03,36-45,2020,2020-07
LIC102655,34,Male,Chandigarh,Chandigarh,ULIP,53100,759000,10,Half-Yearly,Active,Claimed,578000,AG1290,2023-07-20,26-35,2023,2023-07
LIC102656,44,Female,Kolkata,West Bengal,Money Back,35400,714000,20,Half-Yearly,Lapsed,Not Claimed,0,AG1108,2019-05-18,36-45,2019,2019-05
LIC102657,45,Male,Bhopal,Madhya Pradesh,Endowment,52700,966000,10,Monthly,Surrendered,Not Claimed,0,AG1204,2019-11-25,36-45,2019,2019-11
LIC102658,49,Male,Patna,Bihar,Pension,63600,1158000,15,Monthly,Active,Not Claimed,0,AG1215,2023-11-17,46-55,2023,2023-11
LIC102659,43,Male,Surat,Gujarat,Endowment,51500,521000,12,Half-Yearly,Surrendered,Not Claimed,0,AG1028,2022-09-22,36-45,2022,2022-09
LIC102660,41,Male,Bengaluru,Karnataka,Term,26000,481000,25,Yearly,Active,Claimed,264000,AG1275,2020-06-28,36-45,2020,2020-06
LIC102661,59,Female,Mumbai,Maharashtra,Money Back,66600,1554000,10,Yearly,Active,Not Claimed,0,AG1176,2021-08-22,56-65,2021,2021-08
LIC102662,22,Male,Varanasi,Uttar Pradesh,Pension,84200,796000,15,Half-Yearly,Active,Not Claimed,0,AG1072,2025-09-11,18-25,2025,2025-09
LIC102663,58,Male,Kanpur,Uttar Pradesh,Term,18200,251000,30,Half-Yearly,Active,Not Claimed,0,AG1071,2024-06-20,56-65,2024,2024-06
LIC102664,36,Female,Delhi,Delhi,Endowment,36200,603000,12,Yearly,Active,Not Claimed,0,AG1283,2022-09-30,36-45,2022,2022-09
LIC102665,45,Male,Delhi,Delhi,Pension,59500,1170000,20,Half-Yearly,Active,Not Claimed,0,AG1051,2022-01-05,36-45,2022,2022-01
LIC102666,35,Male,Bengaluru,Karnataka,Term,14500,138000,12,Half-Yearly,Active,Not Claimed,0,AG1084,2024-04-13,26-35,2024,2024-04
LIC102667,31,Male,Ahmedabad,Gujarat,Term,15100,345000,10,Yearly,Active,Not Claimed,0,AG1054,2024-05-01,26-35,2024,2024-05
LIC102668,44,Male,Surat,Gujarat,Money Back,45600,396000,20,Yearly,Active,Not Claimed,0,AG1123,2022-05-12,36-45,2022,2022-05
LIC102669,50,Female,Hyderabad,Telangana,Pension,72900,1646000,25,Yearly,Active,Not Claimed,0,AG1227,2019-03-01,46-55,2019,2019-03
LIC102670,44,Female,Pune,Maharashtra,Money Back,57000,483000,15,Monthly,Active,Not Claimed,0,AG1017,2020-03-05,36-45,2020,2020-03
LIC102671,33,Male,Jaipur,Rajasthan,Micro Insurance,5700,100000,20,Half-Yearly,Surrendered,Claimed,81000,AG1220,2020-12-17,26-35,2020,2020-12
LIC102672,75,Male,Varanasi,Uttar Pradesh,Whole Life,50500,1091000,20,Yearly,Active,Not Claimed,0,AG1072,2022-02-16,66+,2022,2022-02
LIC102673,52,Male,Mumbai,Maharashtra,Term,23200,525000,15,Monthly,Active,Not Claimed,0,AG1114,2024-06-29,46-55,2024,2024-06
LIC102674,49,Male,Ahmedabad,Gujarat,Micro Insurance,7000,173000,20,Yearly,Active,Not Claimed,0,AG1129,2025-10-10,46-55,2025,2025-10
LIC102675,35,Male,Bengaluru,Karnataka,Endowment,33400,333000,12,Monthly,Active,Not Claimed,0,AG1105,2022-03-03,26-35,2022,2022-03
LIC102676,32,Male,Chennai,Tamil Nadu,Endowment,32300,547000,15,Yearly,Active,Not Claimed,0,AG1270,2020-04-27,26-35,2020,2020-04
LIC102677,36,Female,Surat,Gujarat,Money Back,43900,409000,15,Half-Yearly,Active,Not Claimed,0,AG1064,2018-03-03,36-45,2018,2018-03
LIC102678,51,Female,Pune,Maharashtra,Endowment,39700,423000,25,Monthly,Lapsed,Not Claimed,0,AG1152,2025-03-25,46-55,2025,2025-03
LIC102679,28,Male,Surat,Gujarat,Term,10900,120000,15,Half-Yearly,Active,Not Claimed,0,AG1227,2020-08-20,26-35,2020,2020-08
LIC102680,27,Male,Bengaluru,Karnataka,Term,17800,162000,20,Yearly,Active,Not Claimed,0,AG1200,2022-11-20,26-35,2022,2022-11
LIC102681,45,Male,Nagpur,Maharashtra,Money Back,60600,1405000,10,Half-Yearly,Active,Not Claimed,0,AG1069,2025-12-26,36-45,2025,2025-12
LIC102682,43,Female,Varanasi,Uttar Pradesh,Pension,24100,245000,12,Quarterly,Lapsed,Not Claimed,0,AG1032,2019-05-30,36-45,2019,2019-05
LIC102683,31,Female,Nagpur,Maharashtra,Money Back,33200,621000,20,Yearly,Lapsed,Not Claimed,0,AG1001,2020-01-18,26-35,2020,2020-01
LIC102684,27,Female,Chennai,Tamil Nadu,Micro Insurance,7200,134000,20,Half-Yearly,Active,Not Claimed,0,AG1194,2023-09-30,26-35,2023,2023-09
LIC102685,55,Male,Bhopal,Madhya Pradesh,Endowment,31300,356000,15,Half-Yearly,Active,Not Claimed,0,AG1234,2019-09-09,46-55,2019,2019-09
LIC102686,43,Female,Chandigarh,Chandigarh,Endowment,43400,1084000,15,Monthly,Surrendered,Not Claimed,0,AG1204,2018-04-09,36-45,2018,2018-04
LIC102687,24,Male,Hyderabad,Telangana,Term,13100,182000,25,Single Premium,Active,Not Claimed,0,AG1074,2018-11-19,18-25,2018,2018-11
LIC102688,25,Male,Jaipur,Rajasthan,Term,13600,318000,10,Monthly,Active,Not Claimed,0,AG1152,2025-03-24,18-25,2025,2025-03
LIC102689,35,Male,Bengaluru,Karnataka,Endowment,37500,905000,20,Half-Yearly,Active,Not Claimed,0,AG1147,2022-01-04,26-35,2022,2022-01
LIC102690,47,Male,Indore,Madhya Pradesh,ULIP,43400,1047000,20,Yearly,Active,Not Claimed,0,AG1051,2024-09-17,46-55,2024,2024-09
LIC102691,46,Male,Surat,Gujarat,Pension,38800,807000,20,Monthly,Surrendered,Not Claimed,0,AG1258,2023-04-10,46-55,2023,2023-04
LIC102692,51,Male,Kochi,Kerala,Micro Insurance,7000,100000,25,Half-Yearly,Surrendered,Not Claimed,0,AG1010,2021-12-11,46-55,2021,2021-12
LIC102693,23,Male,Coimbatore,Tamil Nadu,Endowment,78400,788000,20,Monthly,Lapsed,Not Claimed,0,AG1103,2018-06-04,18-25,2018,2018-06
LIC102694,41,Male,Mumbai,Maharashtra,Pension,63600,1125000,12,Yearly,Active,Not Claimed,0,AG1134,2019-06-26,36-45,2019,2019-06
LIC102695,55,Male,Pune,Maharashtra,Endowment,69100,976000,15,Half-Yearly,Active,Not Claimed,0,AG1190,2018-05-26,46-55,2018,2018-05
LIC102696,54,Male,Delhi,Delhi,Term,27600,611000,15,Yearly,Active,Not Claimed,0,AG1066,2026-02-21,46-55,2026,2026-02
LIC102697,43,Male,Nagpur,Maharashtra,Pension,43300,895000,5,Yearly,Surrendered,Not Claimed,0,AG1264,2021-06-12,36-45,2021,2021-06
LIC102698,65,Male,Pune,Maharashtra,Whole Life,44500,565000,25,Yearly,Active,Not Claimed,0,AG1187,2022-02-06,56-65,2022,2022-02
LIC102699,46,Male,Nagpur,Maharashtra,Term,27700,230000,10,Yearly,Active,Not Claimed,0,AG1292,2021-11-23,46-55,2021,2021-11
LIC102700,50,Female,Chennai,Tamil Nadu,Endowment,62500,752000,20,Half-Yearly,Active,Not Claimed,0,AG1136,2020-05-13,46-55,2020,2020-05
LIC102701,39,Male,Ahmedabad,Gujarat,Endowment,46500,820000,20,Quarterly,Active,Not Claimed,0,AG1095,2022-06-23,36-45,2022,2022-06
LIC102702,30,Male,Bengaluru,Karnataka,ULIP,60200,562000,25,Yearly,Surrendered,Not Claimed,0,AG1187,2022-01-23,26-35,2022,2022-01
LIC102703,29,Male,Coimbatore,Tamil Nadu,Money Back,71700,1376000,15,Yearly,Active,Not Claimed,0,AG1232,2025-07-12,26-35,2025,2025-07
LIC102704,41,Female,Nagpur,Maharashtra,Micro Insurance,8100,157000,20,Quarterly,Active,Not Claimed,0,AG1206,2020-02-28,36-45,2020,2020-02
LIC102705,37,Female,Varanasi,Uttar Pradesh,Term,16900,184000,12,Quarterly,Active,Not Claimed,0,AG1299,2023-04-16,36-45,2023,2023-04
LIC102706,20,Male,Chandigarh,Chandigarh,Endowment,41100,745000,20,Quarterly,Active,Not Claimed,0,AG1233,2018-09-14,18-25,2018,2018-09
LIC102707,28,Male,Ahmedabad,Gujarat,Money Back,26800,491000,15,Quarterly,Matured,Not Claimed,0,AG1063,2025-07-25,26-35,2025,2025-07
LIC102708,35,Female,Nagpur,Maharashtra,Money Back,69500,1121000,25,Monthly,Surrendered,Claimed,650000,AG1268,2019-03-15,26-35,2019,2019-03
LIC102709,47,Female,Pune,Maharashtra,Endowment,75300,1823000,10,Half-Yearly,Matured,Not Claimed,0,AG1056,2019-06-21,46-55,2019,2019-06
LIC102710,39,Male,Kanpur,Uttar Pradesh,ULIP,55800,549000,12,Half-Yearly,Active,Not Claimed,0,AG1049,2024-02-01,36-45,2024,2024-02
LIC102711,38,Female,Coimbatore,Tamil Nadu,Pension,91600,1366000,15,Half-Yearly,Active,Not Claimed,0,AG1027,2019-12-14,36-45,2019,2019-12
LIC102712,28,Female,Nagpur,Maharashtra,Pension,57300,1318000,20,Quarterly,Active,Not Claimed,0,AG1082,2023-01-05,26-35,2023,2023-01
LIC102713,39,Male,Coimbatore,Tamil Nadu,ULIP,48300,704000,20,Half-Yearly,Active,Not Claimed,0,AG1230,2024-12-13,36-45,2024,2024-12
LIC102714,54,Male,Bengaluru,Karnataka,Pension,76000,1157000,10,Yearly,Active,Not Claimed,0,AG1036,2021-07-30,46-55,2021,2021-07
LIC102715,41,Male,Lucknow,Uttar Pradesh,Money Back,43100,834000,10,Single Premium,Active,Not Claimed,0,AG1220,2025-04-06,36-45,2025,2025-04
LIC102716,22,Female,Coimbatore,Tamil Nadu,Pension,60700,1172000,12,Half-Yearly,Active,Not Claimed,0,AG1234,2025-02-22,18-25,2025,2025-02
LIC102717,25,Male,Jaipur,Rajasthan,Endowment,28600,240000,15,Monthly,Active,Not Claimed,0,AG1157,2018-08-07,18-25,2018,2018-08
LIC102718,45,Other,Varanasi,Uttar Pradesh,Endowment,37500,591000,15,Single Premium,Active,Not Claimed,0,AG1079,2026-05-27,36-45,2026,2026-05
LIC102719,37,Male,Indore,Madhya Pradesh,Endowment,65200,891000,15,Yearly,Lapsed,Not Claimed,0,AG1297,2021-03-25,36-45,2021,2021-03
LIC102720,38,Male,Hyderabad,Telangana,Money Back,59900,1118000,20,Quarterly,Matured,Not Claimed,0,AG1236,2018-02-26,36-45,2018,2018-02
LIC102721,32,Female,Nagpur,Maharashtra,Endowment,62400,1089000,15,Monthly,Active,Not Claimed,0,AG1028,2022-03-15,26-35,2022,2022-03
LIC102722,45,Male,Jaipur,Rajasthan,Micro Insurance,12500,238000,30,Monthly,Active,Not Claimed,0,AG1192,2020-01-13,36-45,2020,2020-01
LIC102723,36,Male,Coimbatore,Tamil Nadu,Endowment,50000,956000,12,Monthly,Matured,Claimed,313000,,2024-07-13,36-45,2024,2024-07
LIC102724,37,Male,Surat,Gujarat,Term,21200,261000,20,Monthly,Active,Not Claimed,0,AG1101,2025-07-29,36-45,2025,2025-07
LIC102725,30,Male,Varanasi,Uttar Pradesh,Money Back,27900,340000,20,Yearly,Active,Not Claimed,0,AG1278,2021-07-19,26-35,2021,2021-07
LIC102726,49,Male,Nagpur,Maharashtra,Term,17900,256000,12,Half-Yearly,Active,Not Claimed,0,AG1047,2022-10-17,46-55,2022,2022-10
LIC102727,37,Male,Pune,Maharashtra,Term,10600,128000,15,Yearly,Active,Not Claimed,0,AG1017,2020-09-16,36-45,2020,2020-09
LIC102728,46,Male,Chennai,Tamil Nadu,Endowment,43500,853000,15,Yearly,Active,Not Claimed,0,AG1012,2026-02-19,46-55,2026,2026-02
LIC102729,26,Other,Ahmedabad,Gujarat,Money Back,20200,369000,10,Yearly,Matured,Claimed,179000,AG1276,2018-10-29,26-35,2018,2018-10
LIC102730,58,Other,Chandigarh,Chandigarh,Endowment,72500,847000,15,Yearly,Active,Not Claimed,0,AG1261,2020-10-09,56-65,2020,2020-10
LIC102731,53,Male,Jaipur,Rajasthan,ULIP,70500,1624000,15,Single Premium,Active,Not Claimed,0,AG1254,2018-09-04,46-55,2018,2018-09
LIC102732,18,Female,Mumbai,Maharashtra,ULIP,29500,467000,10,Quarterly,Active,Not Claimed,0,AG1015,2023-08-26,18-25,2023,2023-08
LIC102733,30,Male,Varanasi,Uttar Pradesh,Endowment,39800,404000,15,Single Premium,Active,Not Claimed,0,AG1025,2021-09-20,26-35,2021,2021-09
LIC102734,44,Male,Nagpur,Maharashtra,Endowment,80700,938000,15,Yearly,Active,Not Claimed,0,AG1163,2018-07-30,36-45,2018,2018-07
LIC102735,24,Male,Patna,Bihar,Endowment,40500,696000,10,Monthly,Active,Not Claimed,0,AG1108,2022-05-29,18-25,2022,2022-05
LIC102736,38,Female,Bengaluru,Karnataka,ULIP,40700,560000,10,Yearly,Active,Not Claimed,0,AG1063,2021-10-28,36-45,2021,2021-10
LIC102737,44,Female,Jaipur,Rajasthan,Term,12100,272000,20,Yearly,Active,Not Claimed,0,AG1243,2025-11-04,36-45,2025,2025-11
LIC102738,37,Male,Nagpur,Maharashtra,Term,11300,185000,20,Yearly,Active,Not Claimed,0,AG1116,2021-11-30,36-45,2021,2021-11
LIC102739,45,Male,Jaipur,Rajasthan,ULIP,67700,1595000,30,Quarterly,Active,Not Claimed,0,AG1022,2020-11-11,36-45,2020,2020-11
LIC102740,31,Male,Chennai,Tamil Nadu,Money Back,31900,310000,10,Half-Yearly,Active,Not Claimed,0,AG1106,2025-04-19,26-35,2025,2025-04
LIC102741,18,Male,Chennai,Tamil Nadu,Term,16300,316000,10,Monthly,Active,Not Claimed,0,AG1130,2018-04-29,18-25,2018,2018-04
LIC102742,50,Male,Ahmedabad,Gujarat,Endowment,43900,1012000,10,Quarterly,Active,Not Claimed,0,AG1126,2022-04-01,46-55,2022,2022-04
LIC102743,50,Male,Delhi,Delhi,Pension,54500,707000,15,Monthly,Active,Not Claimed,0,AG1228,2022-03-19,46-55,2022,2022-03
LIC102744,67,Female,Jaipur,Rajasthan,Pension,47100,485000,20,Half-Yearly,Surrendered,Claimed,434000,AG1261,2022-02-24,66+,2022,2022-02
LIC102745,18,Male,Nagpur,Maharashtra,Whole Life,32800,517000,15,Yearly,Matured,Claimed,277000,AG1028,2019-05-21,18-25,2019,2019-05
LIC102746,47,Female,Jaipur,Rajasthan,Money Back,27700,674000,20,Monthly,Active,Not Claimed,0,AG1015,2022-11-14,46-55,2022,2022-11
LIC102747,18,Male,Kanpur,Uttar Pradesh,Money Back,29100,546000,20,Half-Yearly,Lapsed,Not Claimed,0,AG1183,2019-03-13,18-25,2019,2019-03
LIC102748,58,Male,Chandigarh,Chandigarh,Micro Insurance,10200,193000,30,Monthly,Active,Not Claimed,0,AG1294,2020-03-13,56-65,2020,2020-03
LIC102749,44,Female,Kanpur,Uttar Pradesh,Micro Insurance,7400,144000,10,Monthly,Active,Not Claimed,0,AG1210,2018-04-13,36-45,2018,2018-04
LIC102750,29,Female,Bhopal,Madhya Pradesh,Endowment,50900,442000,10,Half-Yearly,Active,Not Claimed,0,AG1014,2022-08-12,26-35,2022,2022-08
LIC102751,48,Male,Bengaluru,Karnataka,Pension,101300,1578000,12,Monthly,Active,Not Claimed,0,AG1032,2019-12-06,46-55,2019,2019-12
LIC102752,33,Male,Patna,Bihar,Term,17700,165000,5,Half-Yearly,Active,Not Claimed,0,AG1044,2020-04-04,26-35,2020,2020-04
LIC102753,42,Female,Nagpur,Maharashtra,Endowment,45800,612000,25,Monthly,Active,Not Claimed,0,AG1116,2020-12-06,36-45,2020,2020-12
LIC102754,41,Male,Kochi,Kerala,Whole Life,29900,657000,12,Monthly,Lapsed,Not Claimed,0,AG1123,2023-05-08,36-45,2023,2023-05
LIC102755,58,Male,Kolkata,West Bengal,Endowment,47300,906000,15,Half-Yearly,Active,Not Claimed,0,AG1102,2018-10-31,56-65,2018,2018-10
LIC102756,59,Male,Kanpur,Uttar Pradesh,Pension,46600,1161000,12,Half-Yearly,Active,Claimed,1018000,AG1004,2024-01-24,56-65,2024,2024-01
LIC102757,32,Female,Varanasi,Uttar Pradesh,Term,18400,201000,12,Monthly,Active,Not Claimed,0,AG1190,2019-05-09,26-35,2019,2019-05
LIC102758,51,Female,Kolkata,West Bengal,Money Back,47400,699000,10,Half-Yearly,Active,Not Claimed,0,AG1203,2018-03-28,46-55,2018,2018-03
LIC102759,43,Female,Bengaluru,Karnataka,Pension,59000,1284000,12,Yearly,Surrendered,Not Claimed,0,AG1238,2023-12-08,36-45,2023,2023-12
LIC102760,23,Male,Bhopal,Madhya Pradesh,Pension,48900,571000,20,Yearly,Lapsed,Not Claimed,0,AG1059,2023-05-04,18-25,2023,2023-05
LIC102761,31,Male,Mumbai,Maharashtra,Term,23300,247000,30,Monthly,Surrendered,Not Claimed,0,AG1145,2026-03-13,26-35,2026,2026-03
LIC102762,65,Male,Jaipur,Rajasthan,Endowment,57600,880000,15,Half-Yearly,Active,Not Claimed,0,AG1004,2024-07-28,56-65,2024,2024-07
LIC102763,43,Female,Jaipur,Rajasthan,Whole Life,29300,426000,15,Yearly,Active,Not Claimed,0,AG1260,2022-11-04,36-45,2022,2022-11
LIC102764,50,Male,Chennai,Tamil Nadu,Term,16400,404000,5,Monthly,Active,Not Claimed,0,AG1241,2024-07-25,46-55,2024,2024-07
LIC102765,37,Male,Bengaluru,Karnataka,Micro Insurance,4000,100000,25,Yearly,Active,Not Claimed,0,AG1229,2022-03-19,36-45,2022,2022-03
LIC102766,33,Male,Chandigarh,Chandigarh,Pension,72200,1634000,5,Yearly,Active,Not Claimed,0,AG1140,2020-10-14,26-35,2020,2020-10
LIC102767,39,Male,Delhi,Delhi,Term,15500,358000,25,Yearly,Lapsed,Not Claimed,0,AG1054,2025-09-18,36-45,2025,2025-09
LIC102768,36,Female,Mumbai,Maharashtra,Term,14100,151000,15,Yearly,Active,Not Claimed,0,AG1063,2020-11-15,36-45,2020,2020-11
LIC102769,23,Female,Ahmedabad,Gujarat,Term,16000,323000,10,Yearly,Active,Not Claimed,0,AG1143,2024-06-27,18-25,2024,2024-06
LIC102770,28,Female,Indore,Madhya Pradesh,Pension,44400,565000,15,Half-Yearly,Lapsed,Not Claimed,0,AG1056,2024-06-01,26-35,2024,2024-06
LIC102771,47,Male,Surat,Gujarat,Term,32600,313000,30,Yearly,Matured,Not Claimed,0,AG1073,2018-05-11,46-55,2018,2018-05
LIC102772,35,Female,Ahmedabad,Gujarat,Endowment,38300,876000,12,Yearly,Active,Not Claimed,0,AG1097,2023-08-27,26-35,2023,2023-08
LIC102773,39,Female,Bhopal,Madhya Pradesh,Money Back,78900,1023000,12,Yearly,Active,Not Claimed,0,AG1080,2020-02-09,36-45,2020,2020-02
LIC102774,42,Male,Bhopal,Madhya Pradesh,Money Back,39700,551000,10,Quarterly,Active,Not Claimed,0,AG1287,2026-03-03,36-45,2026,2026-03
LIC102775,42,Female,Nagpur,Maharashtra,Term,34700,469000,20,Quarterly,Active,Not Claimed,0,AG1271,2026-02-17,36-45,2026,2026-02
LIC102776,52,Male,Surat,Gujarat,Endowment,65000,741000,10,Yearly,Active,Not Claimed,0,AG1130,2024-02-11,46-55,2024,2024-02
LIC102777,27,Female,Surat,Gujarat,Pension,53100,817000,20,Monthly,Active,Not Claimed,0,AG1013,2026-07-18,26-35,2026,2026-07
LIC102778,45,Female,Jaipur,Rajasthan,Pension,83600,1277000,25,Yearly,Active,Not Claimed,0,AG1248,2020-04-03,36-45,2020,2020-04
LIC102779,47,Female,Coimbatore,Tamil Nadu,ULIP,81500,1218000,25,Single Premium,Active,Not Claimed,0,AG1005,2023-10-25,46-55,2023,2023-10
LIC102780,50,Male,Varanasi,Uttar Pradesh,Term,25400,599000,10,Yearly,Lapsed,Not Claimed,0,AG1032,2022-12-18,46-55,2022,2022-12
LIC102781,23,Male,Ahmedabad,Gujarat,Endowment,80400,1108000,15,Single Premium,Matured,Not Claimed,0,AG1181,2019-06-12,18-25,2019,2019-06
LIC102782,42,Male,Coimbatore,Tamil Nadu,Whole Life,28300,241000,10,Yearly,Active,Not Claimed,0,AG1106,2026-06-05,36-45,2026,2026-06
LIC102783,58,Male,Pune,Maharashtra,Endowment,40600,448000,20,Monthly,Active,Not Claimed,0,AG1237,2018-02-03,56-65,2018,2018-02
LIC102784,38,Female,Varanasi,Uttar Pradesh,Pension,41100,833000,20,Yearly,Active,Not Claimed,0,AG1021,2023-10-08,36-45,2023,2023-10
LIC102785,44,Female,Coimbatore,Tamil Nadu,Whole Life,54300,980000,15,Quarterly,Active,Not Claimed,0,AG1225,2020-12-26,36-45,2020,2020-12
LIC102786,48,Female,Chennai,Tamil Nadu,Term,31200,754000,25,Quarterly,Active,Not Claimed,0,AG1203,2024-04-21,46-55,2024,2024-04
LIC102787,28,Male,Hyderabad,Telangana,Pension,41400,820000,20,Quarterly,Active,Not Claimed,0,AG1041,2024-09-16,26-35,2024,2024-09
LIC102788,59,Female,Chennai,Tamil Nadu,Pension,32000,362000,12,Quarterly,Active,Not Claimed,0,AG1161,2023-09-11,56-65,2023,2023-09
LIC102789,44,Female,Bhopal,Madhya Pradesh,Term,18800,189000,20,Quarterly,Matured,Not Claimed,0,AG1232,2018-01-10,36-45,2018,2018-01
LIC102790,45,Female,Indore,Madhya Pradesh,Money Back,30400,512000,5,Quarterly,Active,Not Claimed,0,AG1136,2022-09-24,36-45,2022,2022-09
LIC102791,21,Male,Bengaluru,Karnataka,Endowment,36600,707000,15,Half-Yearly,Surrendered,Not Claimed,0,AG1292,2025-08-10,18-25,2025,2025-08
LIC102792,48,Male,Bhopal,Madhya Pradesh,Endowment,36100,390000,12,Yearly,Active,Not Claimed,0,AG1033,2025-03-21,46-55,2025,2025-03
LIC102793,45,Male,Delhi,Delhi,Term,12800,233000,25,Quarterly,Active,Not Claimed,0,AG1029,2025-01-23,36-45,2025,2025-01
LIC102794,57,Male,Delhi,Delhi,Money Back,77100,1751000,15,Monthly,Active,Not Claimed,0,AG1057,2026-06-26,56-65,2026,2026-06
LIC102795,36,Male,Jaipur,Rajasthan,Pension,40100,817000,20,Yearly,Active,Not Claimed,0,AG1180,2021-03-22,36-45,2021,2021-03
LIC102796,28,Female,Mumbai,Maharashtra,Money Back,53500,1032000,20,Yearly,Active,Not Claimed,0,AG1126,2026-01-18,26-35,2026,2026-01
LIC102797,31,Male,Ahmedabad,Gujarat,Term,16900,362000,20,Yearly,Active,Not Claimed,0,AG1124,2021-08-01,26-35,2021,2021-08
LIC102798,33,Male,Pune,Maharashtra,Whole Life,21900,214000,20,Monthly,Active,Not Claimed,0,AG1253,2019-09-20,26-35,2019,2019-09
LIC102799,27,Male,Pune,Maharashtra,Endowment,48400,555000,12,Yearly,Active,Not Claimed,0,AG1258,2021-06-27,26-35,2021,2021-06
LIC102800,53,Female,Kochi,Kerala,Pension,52300,452000,20,Half-Yearly,Active,Not Claimed,0,AG1090,2026-02-06,46-55,2026,2026-02
LIC102801,54,Female,Chandigarh,Chandigarh,Endowment,48700,510000,15,Half-Yearly,Active,Not Claimed,0,AG1018,2024-10-12,46-55,2024,2024-10
LIC102802,37,Female,Bhopal,Madhya Pradesh,Term,19200,452000,20,Monthly,Active,Not Claimed,0,AG1219,2022-04-30,36-45,2022,2022-04
LIC102803,35,Male,Pune,Maharashtra,Term,14300,168000,5,Quarterly,Lapsed,Not Claimed,0,AG1178,2021-08-02,26-35,2021,2021-08
LIC102804,19,Male,Ahmedabad,Gujarat,ULIP,33000,635000,12,Monthly,Surrendered,Not Claimed,0,AG1209,2024-05-30,18-25,2024,2024-05
LIC102805,47,Female,Coimbatore,Tamil Nadu,Endowment,47400,936000,25,Monthly,Active,Not Claimed,0,AG1015,2019-03-20,46-55,2019,2019-03
LIC102806,57,Male,Lucknow,Uttar Pradesh,ULIP,86100,1633000,12,Half-Yearly,Active,Not Claimed,0,AG1235,2018-10-15,56-65,2018,2018-10
LIC102807,32,Male,Mumbai,Maharashtra,Endowment,32600,568000,15,Yearly,Active,Not Claimed,0,AG1135,2024-06-11,26-35,2024,2024-06
LIC102808,38,Male,Indore,Madhya Pradesh,Endowment,45400,738000,10,Yearly,Matured,Not Claimed,0,AG1209,2026-08-09,36-45,2026,2026-08
LIC102809,44,Male,Chandigarh,Chandigarh,Money Back,60800,920000,10,Half-Yearly,Active,Not Claimed,0,AG1211,2024-01-20,36-45,2024,2024-01
LIC102810,58,Female,Bengaluru,Karnataka,Pension,59700,1408000,10,Half-Yearly,Active,Not Claimed,0,AG1155,2022-02-13,56-65,2022,2022-02
LIC102811,41,Male,Ahmedabad,Gujarat,Pension,52700,430000,15,Quarterly,Active,Not Claimed,0,AG1040,2025-03-20,36-45,2025,2025-03
LIC102812,41,Male,Nagpur,Maharashtra,Endowment,45700,407000,25,,Active,Not Claimed,0,AG1273,2023-07-21,36-45,2023,2023-07
LIC102813,41,Male,Bengaluru,Karnataka,Endowment,37200,609000,12,Half-Yearly,Active,Not Claimed,0,AG1160,2019-09-23,36-45,2019,2019-09
LIC102814,23,Male,Kanpur,Uttar Pradesh,Term,13600,185000,12,Monthly,Matured,Claimed,152000,AG1144,2020-03-09,18-25,2020,2020-03
LIC102815,23,Male,Indore,Madhya Pradesh,Money Back,27300,408000,15,Monthly,Active,Not Claimed,0,AG1191,2023-06-23,18-25,2023,2023-06
LIC102816,30,Female,Varanasi,Uttar Pradesh,Money Back,39900,996000,15,Half-Yearly,Surrendered,Claimed,337000,AG1222,2019-09-01,26-35,2019,2019-09
LIC102817,50,Male,Chandigarh,Chandigarh,Pension,70000,1482000,25,Half-Yearly,Active,Not Claimed,0,AG1242,2025-07-03,46-55,2025,2025-07
LIC102818,35,Male,Indore,Madhya Pradesh,Pension,60100,1377000,15,Monthly,Surrendered,Not Claimed,0,AG1086,2022-03-02,26-35,2022,2022-03
LIC102819,33,Male,Pune,Maharashtra,Endowment,37800,539000,15,Yearly,Matured,Not Claimed,0,AG1180,2020-10-21,26-35,2020,2020-10
LIC102820,33,Male,Chandigarh,Chandigarh,Money Back,48900,590000,15,Yearly,Active,Not Claimed,0,AG1080,2022-06-10,26-35,2022,2022-06
LIC102821,37,Male,Nagpur,Maharashtra,Pension,53600,1129000,20,Yearly,Lapsed,Not Claimed,0,AG1049,2019-04-21,36-45,2019,2019-04
LIC102822,58,Male,Chandigarh,Chandigarh,ULIP,67700,1471000,15,Monthly,Active,Not Claimed,0,AG1154,2026-03-31,56-65,2026,2026-03
LIC102823,37,Female,Ahmedabad,Gujarat,Term,7200,125000,12,Quarterly,Active,Not Claimed,0,AG1179,2023-10-14,36-45,2023,2023-10
LIC102824,30,Female,Patna,Bihar,Endowment,33400,776000,10,Single Premium,Active,Not Claimed,0,AG1299,2020-06-29,26-35,2020,2020-06
LIC102825,39,Male,Varanasi,Uttar Pradesh,Endowment,28800,704000,25,Yearly,Active,Not Claimed,0,AG1243,2019-09-07,36-45,2019,2019-09
LIC102826,58,Male,Mumbai,Maharashtra,Endowment,63900,1023000,20,Quarterly,Active,Not Claimed,0,AG1009,2023-05-26,56-65,2023,2023-05
LIC102827,33,Female,Hyderabad,Telangana,Term,18500,218000,5,Monthly,Active,Not Claimed,0,AG1192,2019-02-26,26-35,2019,2019-02
LIC102828,26,Female,Chandigarh,Chandigarh,Term,13300,223000,25,Quarterly,Matured,Not Claimed,0,AG1090,2020-10-01,26-35,2020,2020-10
LIC102829,33,Male,Lucknow,Uttar Pradesh,Whole Life,32700,812000,20,Quarterly,Active,Not Claimed,0,AG1002,2023-08-09,26-35,2023,2023-08
LIC102830,40,Female,Patna,Bihar,Endowment,29900,388000,15,Yearly,Active,Not Claimed,0,AG1003,2020-10-12,36-45,2020,2020-10
LIC102831,47,Female,Jaipur,Rajasthan,Term,15400,285000,5,Single Premium,Active,Not Claimed,0,AG1195,2018-01-07,46-55,2018,2018-01
LIC102832,50,Female,Jaipur,Rajasthan,Endowment,40600,804000,20,Quarterly,Active,Not Claimed,0,AG1265,2020-08-30,46-55,2020,2020-08
LIC102833,27,Male,Kolkata,West Bengal,ULIP,60500,704000,10,Monthly,Active,Not Claimed,0,AG1268,2020-10-16,26-35,2020,2020-10
LIC102834,29,Male,Chandigarh,Chandigarh,Pension,71000,1278000,20,Yearly,Active,Not Claimed,0,AG1243,2018-04-14,26-35,2018,2018-04
LIC102835,35,Male,Jaipur,Rajasthan,Money Back,30600,408000,5,Monthly,Lapsed,Not Claimed,0,AG1165,2024-11-16,26-35,2024,2024-11
LIC102836,47,Female,Chandigarh,Chandigarh,Endowment,69600,1568000,20,Single Premium,Active,Not Claimed,0,AG1213,2022-06-06,46-55,2022,2022-06
LIC102837,25,Male,Coimbatore,Tamil Nadu,Micro Insurance,6100,123000,5,Yearly,Active,Not Claimed,0,AG1195,2025-12-05,18-25,2025,2025-12
LIC102838,32,Male,Hyderabad,Telangana,Endowment,44900,990000,12,Single Premium,Lapsed,Not Claimed,0,AG1056,2022-05-03,26-35,2022,2022-05
LIC102839,32,Female,Jaipur,Rajasthan,Endowment,41300,471000,12,Monthly,Active,Not Claimed,0,AG1105,2024-07-26,26-35,2024,2024-07
LIC102840,49,Female,Hyderabad,Telangana,Endowment,46400,398000,10,Monthly,Active,Not Claimed,0,AG1213,2024-08-10,46-55,2024,2024-08
LIC102841,45,Female,Indore,Madhya Pradesh,Term,22800,512000,15,Half-Yearly,Active,Claimed,247000,AG1154,2023-04-01,36-45,2023,2023-04
LIC102842,49,Female,Patna,Bihar,Endowment,60400,880000,12,Quarterly,Lapsed,Not Claimed,0,AG1216,2018-07-01,46-55,2018,2018-07
LIC102843,54,Other,Nagpur,Maharashtra,Pension,46000,509000,30,Quarterly,Matured,Claimed,215000,,2024-04-09,46-55,2024,2024-04
LIC102844,36,Male,Coimbatore,Tamil Nadu,Whole Life,28800,275000,20,Single Premium,Lapsed,Not Claimed,0,AG1181,2018-08-08,36-45,2018,2018-08
LIC102845,26,Female,Patna,Bihar,Endowment,67000,1124000,15,Yearly,Active,Not Claimed,0,AG1060,2021-05-16,26-35,2021,2021-05
LIC102846,26,Female,Indore,Madhya Pradesh,Pension,50400,532000,10,Yearly,Active,Not Claimed,0,AG1244,2023-03-07,26-35,2023,2023-03
LIC102847,19,Male,Nagpur,Maharashtra,Term,19500,344000,15,Monthly,Lapsed,Not Claimed,0,AG1226,2024-10-12,18-25,2024,2024-10
LIC102848,34,Male,Indore,Madhya Pradesh,Endowment,58200,1185000,10,Yearly,Active,Not Claimed,0,AG1032,2025-10-26,26-35,2025,2025-10
LIC102849,35,Female,Mumbai,Maharashtra,Money Back,31300,535000,20,Yearly,Active,Not Claimed,0,AG1175,2018-02-04,26-35,2018,2018-02
LIC102850,48,Male,Ahmedabad,Gujarat,Whole Life,34400,804000,15,Quarterly,Active,Not Claimed,0,AG1094,2019-11-06,46-55,2019,2019-11
LIC102851,39,Female,Bhopal,Madhya Pradesh,Term,23700,252000,20,Single Premium,Active,Not Claimed,0,AG1130,2025-12-19,36-45,2025,2025-12
LIC102852,34,Male,Coimbatore,Tamil Nadu,Endowment,59400,974000,15,Monthly,Active,Not Claimed,0,AG1151,2021-12-15,26-35,2021,2021-12
LIC102853,38,Male,Bhopal,Madhya Pradesh,Whole Life,16000,172000,30,Quarterly,Matured,Not Claimed,0,AG1297,2021-05-11,36-45,2021,2021-05
LIC102854,28,Male,Ahmedabad,Gujarat,Whole Life,24400,559000,10,Monthly,Active,Not Claimed,0,AG1252,2023-03-16,26-35,2023,2023-03
LIC102855,50,Male,Ahmedabad,Gujarat,Whole Life,26800,639000,5,Yearly,Active,Not Claimed,0,AG1139,2019-02-12,46-55,2019,2019-02
LIC102856,30,Female,Indore,Madhya Pradesh,Endowment,40600,601000,20,Half-Yearly,Active,Not Claimed,0,AG1271,2021-10-04,26-35,2021,2021-10
LIC102857,26,Male,Bhopal,Madhya Pradesh,Term,13900,183000,30,Quarterly,Matured,Claimed,74000,AG1112,2018-01-04,26-35,2018,2018-01
LIC102858,48,Male,Kanpur,Uttar Pradesh,Endowment,58500,746000,20,Monthly,Active,Not Claimed,0,AG1158,2018-12-27,46-55,2018,2018-12
LIC102859,45,Male,Mumbai,Maharashtra,Term,21200,479000,10,Monthly,Active,Not Claimed,0,AG1057,2023-05-24,36-45,2023,2023-05
LIC102860,20,Male,Indore,Madhya Pradesh,Pension,61600,1207000,15,Monthly,Lapsed,Not Claimed,0,AG1190,2026-04-26,18-25,2026,2026-04
LIC102861,48,Male,Hyderabad,Telangana,Money Back,54300,1247000,25,Quarterly,Active,Not Claimed,0,AG1033,2019-08-13,46-55,2019,2019-08
LIC102862,31,Female,Kolkata,West Bengal,Endowment,50800,508000,5,Monthly,Active,Not Claimed,0,AG1001,2021-10-13,26-35,2021,2021-10
LIC102863,35,Male,Ahmedabad,Gujarat,ULIP,47300,761000,10,Monthly,Active,Not Claimed,0,AG1131,2022-07-10,26-35,2022,2022-07
LIC102864,41,Male,Nagpur,Maharashtra,Money Back,39700,774000,20,Yearly,Lapsed,Not Claimed,0,AG1009,2023-03-05,36-45,2023,2023-03
LIC102865,45,Male,Indore,Madhya Pradesh,Endowment,41300,960000,25,Half-Yearly,Lapsed,Not Claimed,0,AG1032,2026-07-05,36-45,2026,2026-07
LIC102866,44,Male,Surat,Gujarat,Pension,36300,526000,20,Yearly,Active,Not Claimed,0,AG1077,2024-07-10,36-45,2024,2024-07
LIC102867,38,Male,Chandigarh,Chandigarh,Pension,65000,866000,30,Monthly,Lapsed,Not Claimed,0,AG1095,2024-05-21,36-45,2024,2024-05
LIC102868,34,Male,Surat,Gujarat,Whole Life,29300,689000,10,Quarterly,Lapsed,Not Claimed,0,AG1185,2020-11-25,26-35,2020,2020-11
LIC102869,44,Female,Varanasi,Uttar Pradesh,Term,13100,115000,15,Half-Yearly,Active,Not Claimed,0,AG1277,2019-01-30,36-45,2019,2019-01
LIC102870,38,Female,Kochi,Kerala,Money Back,43300,699000,20,Monthly,Active,Not Claimed,0,AG1023,2019-07-21,36-45,2019,2019-07
LIC102871,59,Female,Kochi,Kerala,ULIP,62900,994000,20,Monthly,Active,Not Claimed,0,AG1117,2020-12-08,56-65,2020,2020-12
LIC102872,45,Male,Delhi,Delhi,Term,11300,118000,20,Yearly,Matured,Claimed,78000,AG1030,2024-11-15,36-45,2024,2024-11
LIC102873,29,Male,Chennai,Tamil Nadu,Endowment,28600,421000,25,Single Premium,Active,Not Claimed,0,AG1074,2023-06-28,26-35,2023,2023-06
LIC102874,34,Male,Mumbai,Maharashtra,Pension,39400,799000,15,Monthly,Active,Not Claimed,0,AG1295,2024-07-30,26-35,2024,2024-07
LIC102875,40,Female,Chennai,Tamil Nadu,Term,20200,288000,5,Quarterly,Active,Not Claimed,0,AG1230,2024-07-18,36-45,2024,2024-07
LIC102876,53,Other,Kochi,Kerala,ULIP,78800,1045000,15,Single Premium,Active,Not Claimed,0,AG1263,2023-10-04,46-55,2023,2023-10
LIC102877,55,Male,Kolkata,West Bengal,Money Back,55100,1173000,20,Monthly,Matured,Claimed,864000,AG1039,2020-04-21,46-55,2020,2020-04
LIC102878,35,Male,Coimbatore,Tamil Nadu,Money Back,42600,1057000,10,Yearly,Active,Not Claimed,0,AG1104,2018-09-17,26-35,2018,2018-09
LIC102879,29,Female,Surat,Gujarat,Term,17800,378000,20,Single Premium,Matured,Claimed,202000,AG1194,2020-05-26,26-35,2020,2020-05
LIC102880,27,Female,Ahmedabad,Gujarat,Pension,77700,1740000,10,Single Premium,Active,Not Claimed,0,AG1143,2026-02-16,26-35,2026,2026-02
LIC102881,42,Female,Varanasi,Uttar Pradesh,Endowment,55400,1328000,5,Half-Yearly,Active,Not Claimed,0,AG1202,2022-07-24,36-45,2022,2022-07
LIC102882,64,Female,Chandigarh,Chandigarh,Money Back,51600,1116000,15,Monthly,Matured,Not Claimed,0,AG1207,2026-05-04,56-65,2026,2026-05
LIC102883,45,Female,Mumbai,Maharashtra,Whole Life,39400,972000,20,Monthly,Active,Not Claimed,0,AG1034,2020-07-03,36-45,2020,2020-07
LIC102884,21,Male,Bhopal,Madhya Pradesh,Whole Life,26800,555000,15,Yearly,Active,Not Claimed,0,AG1291,2021-01-16,18-25,2021,2021-01
LIC102885,31,Female,Coimbatore,Tamil Nadu,Pension,47200,908000,20,Yearly,Surrendered,Claimed,375000,AG1261,2020-06-22,26-35,2020,2020-06
LIC102886,32,Female,Surat,Gujarat,Money Back,20100,398000,15,Half-Yearly,Active,Not Claimed,0,AG1083,2021-09-05,26-35,2021,2021-09
LIC102887,30,Female,Jaipur,Rajasthan,Endowment,37700,878000,10,Yearly,Active,Not Claimed,0,AG1263,2024-05-06,26-35,2024,2024-05
LIC102888,35,Male,Hyderabad,Telangana,Pension,78600,1541000,10,Yearly,Active,Not Claimed,0,AG1238,2023-03-11,26-35,2023,2023-03
LIC102889,43,Male,Delhi,Delhi,Whole Life,34300,718000,20,Yearly,Active,Not Claimed,0,AG1172,2020-08-23,36-45,2020,2020-08
LIC102890,47,Male,Jaipur,Rajasthan,Endowment,49500,578000,15,Yearly,Lapsed,Not Claimed,0,AG1186,2021-02-23,46-55,2021,2021-02
LIC102891,51,Male,Lucknow,Uttar Pradesh,Term,28400,668000,25,Yearly,Surrendered,Claimed,461000,AG1042,2025-11-26,46-55,2025,2025-11
LIC102892,45,Female,Delhi,Delhi,Pension,59400,927000,15,Half-Yearly,Active,Not Claimed,0,AG1228,2024-02-11,36-45,2024,2024-02
LIC102893,18,Male,Coimbatore,Tamil Nadu,Endowment,33700,362000,15,Monthly,Lapsed,Not Claimed,0,AG1274,2018-12-31,18-25,2018,2018-12
LIC102894,27,Male,Patna,Bihar,Whole Life,30200,652000,15,Yearly,Matured,Not Claimed,0,,2019-12-21,26-35,2019,2019-12
LIC102895,37,Female,Indore,Madhya Pradesh,Money Back,26800,377000,10,Half-Yearly,Active,Not Claimed,0,AG1132,2020-10-28,36-45,2020,2020-10
LIC102896,41,Male,Lucknow,Uttar Pradesh,Term,20300,226000,20,Quarterly,Active,Not Claimed,0,AG1097,2019-10-16,36-45,2019,2019-10
LIC102897,48,Male,Nagpur,Maharashtra,Whole Life,27400,339000,20,Yearly,Active,Not Claimed,0,AG1053,2023-01-14,46-55,2023,2023-01
LIC102898,39,Male,Kochi,Kerala,Term,24500,211000,20,Yearly,Surrendered,Not Claimed,0,AG1277,2026-01-28,36-45,2026,2026-01
LIC102899,40,Male,Coimbatore,Tamil Nadu,Endowment,38600,368000,10,Single Premium,Surrendered,Claimed,325000,AG1194,2021-10-11,36-45,2021,2021-10
LIC102900,42,Male,Jaipur,Rajasthan,Money Back,31000,560000,12,Monthly,Active,Not Claimed,0,AG1173,2026-05-24,36-45,2026,2026-05
LIC102901,36,Female,Hyderabad,Telangana,Endowment,41200,936000,10,Yearly,Matured,Not Claimed,0,AG1193,2018-11-19,36-45,2018,2018-11
LIC102902,40,Male,Bengaluru,Karnataka,ULIP,61100,955000,12,Monthly,Active,Not Claimed,0,AG1145,2020-06-24,36-45,2020,2020-06
LIC102903,51,Female,Varanasi,Uttar Pradesh,Pension,40800,761000,15,Yearly,Active,Not Claimed,0,AG1145,2023-11-20,46-55,2023,2023-11
LIC102904,38,Male,Pune,Maharashtra,ULIP,46600,1014000,30,Monthly,Surrendered,Not Claimed,0,AG1276,2020-03-05,36-45,2020,2020-03
LIC102905,39,Male,Delhi,Delhi,Term,19400,273000,20,Yearly,Active,Not Claimed,0,AG1260,2022-01-29,36-45,2022,2022-01
LIC102906,39,Male,Pune,Maharashtra,Term,27400,524000,20,Yearly,Active,Not Claimed,0,AG1015,2021-12-23,36-45,2021,2021-12
LIC102907,53,Male,Bengaluru,Karnataka,Money Back,21600,301000,12,Quarterly,Active,Claimed,206000,AG1283,2023-10-24,46-55,2023,2023-10
LIC102908,27,Male,Kanpur,Uttar Pradesh,Pension,57000,1079000,10,Single Premium,Active,Claimed,805000,AG1216,2021-01-28,26-35,2021,2021-01
LIC102909,59,Male,Ahmedabad,Gujarat,Pension,55500,649000,12,Yearly,Active,Not Claimed,0,AG1276,2020-01-14,56-65,2020,2020-01
LIC102910,26,Male,Delhi,Delhi,Pension,41800,1029000,12,Quarterly,Active,Not Claimed,0,AG1108,2024-04-02,26-35,2024,2024-04
LIC102911,32,Male,Chandigarh,Chandigarh,Endowment,34700,323000,20,Monthly,Matured,Claimed,236000,AG1256,2021-07-16,26-35,2021,2021-07
LIC102912,47,Male,Jaipur,Rajasthan,Endowment,43400,720000,15,Quarterly,Matured,Not Claimed,0,AG1079,2020-06-06,46-55,2020,2020-06
LIC102913,50,Male,Bhopal,Madhya Pradesh,Money Back,50500,650000,25,Quarterly,Active,Not Claimed,0,AG1018,2021-07-01,46-55,2021,2021-07
LIC102914,24,Female,Bengaluru,Karnataka,Term,15500,282000,30,Yearly,Active,Not Claimed,0,AG1213,2019-12-28,18-25,2019,2019-12
LIC102915,27,Female,Patna,Bihar,Term,28600,437000,15,Single Premium,Active,Not Claimed,0,AG1209,2020-03-21,26-35,2020,2020-03
LIC102916,42,Male,Mumbai,Maharashtra,Pension,62000,819000,20,Monthly,Active,Not Claimed,0,AG1011,2018-11-25,36-45,2018,2018-11
LIC102917,65,Male,Indore,Madhya Pradesh,Endowment,60400,740000,20,Half-Yearly,Active,Not Claimed,0,AG1146,2025-11-23,56-65,2025,2025-11
LIC102918,53,Female,Surat,Gujarat,Endowment,48800,542000,10,Half-Yearly,Active,Not Claimed,0,AG1035,2023-01-06,46-55,2023,2023-01
LIC102919,36,Male,Kolkata,West Bengal,Term,25400,541000,25,Monthly,Active,Not Claimed,0,AG1055,2024-08-14,36-45,2024,2024-08
LIC102920,18,Female,Chandigarh,Chandigarh,Pension,69800,822000,10,Quarterly,Active,Not Claimed,0,AG1028,2018-09-16,18-25,2018,2018-09
LIC102921,40,Male,Pune,Maharashtra,Money Back,27600,584000,20,Quarterly,Active,Not Claimed,0,AG1164,2024-03-25,36-45,2024,2024-03
LIC102922,43,Female,Patna,Bihar,Whole Life,27000,439000,15,Half-Yearly,Active,Not Claimed,0,AG1109,2019-01-12,36-45,2019,2019-01
LIC102923,35,Male,Kochi,Kerala,Pension,57300,529000,15,Yearly,Lapsed,Not Claimed,0,AG1024,2018-05-25,26-35,2018,2018-05
LIC102924,30,Female,Chennai,Tamil Nadu,Endowment,54600,590000,15,Yearly,Lapsed,Not Claimed,0,AG1161,2023-10-29,26-35,2023,2023-10
LIC102925,41,Male,Bengaluru,Karnataka,Whole Life,29600,686000,25,Monthly,Active,Not Claimed,0,AG1165,2026-07-08,36-45,2026,2026-07
LIC102926,29,Male,Indore,Madhya Pradesh,Term,14600,266000,10,Yearly,Lapsed,Not Claimed,0,AG1272,2025-07-16,26-35,2025,2025-07
LIC102927,60,Male,Jaipur,Rajasthan,Term,23900,266000,10,Yearly,Active,Not Claimed,0,AG1112,2019-12-10,56-65,2019,2019-12
LIC102928,56,Male,Pune,Maharashtra,Pension,90900,1815000,15,Yearly,Active,Not Claimed,0,AG1073,2023-11-15,56-65,2023,2023-11
LIC102929,46,Female,Bhopal,Madhya Pradesh,ULIP,59500,1309000,10,Quarterly,Lapsed,Not Claimed,0,AG1050,2018-09-03,46-55,2018,2018-09
LIC102930,40,Male,Delhi,Delhi,Endowment,31300,426000,20,Yearly,Active,Not Claimed,0,AG1111,2018-11-29,36-45,2018,2018-11
LIC102931,32,Female,Bengaluru,Karnataka,Endowment,43300,756000,20,Yearly,Active,Not Claimed,0,AG1013,2022-05-31,26-35,2022,2022-05
LIC102932,39,Male,Bengaluru,Karnataka,Money Back,47000,610000,25,Quarterly,Active,Not Claimed,0,AG1071,2025-09-13,36-45,2025,2025-09
LIC102933,57,Female,Bhopal,Madhya Pradesh,Term,22100,207000,20,Quarterly,Matured,Claimed,68000,AG1201,2018-10-05,56-65,2018,2018-10
LIC102934,49,Male,Surat,Gujarat,Endowment,69800,1032000,25,Single Premium,Active,Not Claimed,0,AG1291,2023-07-17,46-55,2023,2023-07
LIC102935,41,Female,Jaipur,Rajasthan,Endowment,57400,1192000,20,Yearly,Lapsed,Not Claimed,0,AG1024,2026-06-07,36-45,2026,2026-06
LIC102936,49,Female,Ahmedabad,Gujarat,Endowment,48200,761000,25,Single Premium,Surrendered,Claimed,327000,AG1214,2021-10-19,46-55,2021,2021-10
LIC102937,45,Male,Patna,Bihar,ULIP,58900,877000,10,Yearly,Active,Not Claimed,0,AG1295,2022-10-01,36-45,2022,2022-10
LIC102938,43,Female,Kanpur,Uttar Pradesh,Endowment,27500,391000,15,Half-Yearly,Active,Not Claimed,0,AG1147,2018-09-09,36-45,2018,2018-09
LIC102939,50,Female,Chennai,Tamil Nadu,Term,29800,471000,30,Monthly,Active,Claimed,381000,AG1174,2023-07-25,46-55,2023,2023-07
LIC102940,45,Male,Mumbai,Maharashtra,Money Back,36800,493000,20,Quarterly,Active,Not Claimed,0,AG1005,2026-01-22,36-45,2026,2026-01
LIC102941,48,Male,Hyderabad,Telangana,Pension,49600,913000,25,Single Premium,Active,Not Claimed,0,AG1007,2023-06-29,46-55,2023,2023-06
LIC102942,41,Male,Delhi,Delhi,Endowment,38600,351000,5,Quarterly,Lapsed,Not Claimed,0,AG1211,2023-08-28,36-45,2023,2023-08
LIC102943,36,Female,Kolkata,West Bengal,Term,20700,450000,25,Monthly,Active,Not Claimed,0,AG1271,2024-09-03,36-45,2024,2024-09
LIC102944,33,Male,Hyderabad,Telangana,Endowment,30600,335000,20,Yearly,Surrendered,Not Claimed,0,AG1276,2021-06-30,26-35,2021,2021-06
LIC102945,32,Male,Chennai,Tamil Nadu,ULIP,39500,741000,10,Yearly,Active,Not Claimed,0,AG1240,2020-10-24,26-35,2020,2020-10
LIC102946,21,Male,Kolkata,West Bengal,Money Back,35500,556000,5,Quarterly,Lapsed,Not Claimed,0,AG1004,2021-10-28,18-25,2021,2021-10
LIC102947,29,Male,Mumbai,Maharashtra,Pension,40300,852000,12,Quarterly,Active,Not Claimed,0,AG1202,2021-12-19,26-35,2021,2021-12
LIC102948,29,Female,Mumbai,Maharashtra,Pension,52700,1162000,25,Half-Yearly,Active,Claimed,881000,AG1106,2025-08-28,26-35,2025,2025-08
LIC102949,33,Female,Surat,Gujarat,ULIP,44100,506000,20,Monthly,Lapsed,Not Claimed,0,AG1040,2021-04-17,26-35,2021,2021-04
LIC102950,56,Male,Varanasi,Uttar Pradesh,Whole Life,58700,1145000,25,Yearly,Active,Not Claimed,0,AG1065,2018-01-12,56-65,2018,2018-01
LIC102951,37,Male,Coimbatore,Tamil Nadu,Money Back,44800,503000,15,Quarterly,Active,Not Claimed,0,AG1035,2023-03-19,36-45,2023,2023-03
LIC102952,42,Female,Lucknow,Uttar Pradesh,Term,23600,239000,25,Yearly,Active,Not Claimed,0,AG1044,2021-08-09,36-45,2021,2021-08
LIC102953,42,Male,Kochi,Kerala,Micro Insurance,5500,131000,15,Yearly,Active,Not Claimed,0,AG1263,2020-02-09,36-45,2020,2020-02
LIC102954,56,Male,Bengaluru,Karnataka,Endowment,103100,1113000,10,Yearly,Lapsed,Not Claimed,0,AG1150,2024-04-25,56-65,2024,2024-04
LIC102955,33,Male,Patna,Bihar,Term,15900,189000,10,Quarterly,Surrendered,Not Claimed,0,AG1279,2019-03-05,26-35,2019,2019-03
LIC102956,37,Male,Surat,Gujarat,Whole Life,25200,257000,30,Half-Yearly,Active,Not Claimed,0,AG1065,2025-03-29,36-45,2025,2025-03
LIC102957,38,Male,Patna,Bihar,Endowment,53000,848000,15,Quarterly,Active,Not Claimed,0,AG1276,2024-05-31,36-45,2024,2024-05
LIC102958,52,Female,Chandigarh,Chandigarh,Money Back,45800,1082000,10,Quarterly,Active,Not Claimed,0,AG1032,2021-09-18,46-55,2021,2021-09
LIC102959,54,Male,Chandigarh,Chandigarh,Money Back,35200,440000,5,Yearly,Surrendered,Claimed,320000,AG1164,2023-05-28,46-55,2023,2023-05
LIC102960,44,Female,Pune,Maharashtra,Money Back,73800,1270000,12,Half-Yearly,Matured,Not Claimed,0,AG1161,2024-03-03,36-45,2024,2024-03
LIC102961,53,Male,Kolkata,West Bengal,Pension,76700,1150000,25,Yearly,Active,Not Claimed,0,AG1082,2024-03-19,46-55,2024,2024-03
LIC102962,41,Male,Ahmedabad,Gujarat,Endowment,45100,618000,15,Monthly,Active,Not Claimed,0,AG1265,2022-04-03,36-45,2022,2022-04
LIC102963,37,Female,Delhi,Delhi,Money Back,72200,1280000,20,Monthly,Active,Not Claimed,0,AG1042,2020-11-02,36-45,2020,2020-11
LIC102964,52,Male,Kanpur,Uttar Pradesh,Money Back,54400,952000,25,Single Premium,Active,Not Claimed,0,AG1199,2021-07-17,46-55,2021,2021-07
LIC102965,44,Male,Varanasi,Uttar Pradesh,Whole Life,33100,467000,15,Half-Yearly,Active,Not Claimed,0,AG1207,2023-09-19,36-45,2023,2023-09
LIC102966,31,Male,Bhopal,Madhya Pradesh,ULIP,98500,2212000,25,Half-Yearly,Active,Not Claimed,0,AG1110,2024-12-27,26-35,2024,2024-12
LIC102967,50,Male,Pune,Maharashtra,Endowment,59600,531000,12,Half-Yearly,Active,Not Claimed,0,AG1132,2025-04-02,46-55,2025,2025-04
LIC102968,37,Female,Mumbai,Maharashtra,Whole Life,36500,345000,30,Monthly,Active,Not Claimed,0,AG1231,2025-04-14,36-45,2025,2025-04
LIC102969,35,Male,Chennai,Tamil Nadu,Term,16200,402000,10,Yearly,Active,Not Claimed,0,AG1072,2022-10-21,26-35,2022,2022-10
LIC102970,49,Female,Chandigarh,Chandigarh,Pension,56800,1176000,20,Monthly,Active,Not Claimed,0,AG1124,2021-08-20,46-55,2021,2021-08
LIC102971,38,Male,Indore,Madhya Pradesh,Endowment,38800,841000,20,Half-Yearly,Active,Not Claimed,0,AG1197,2019-06-06,36-45,2019,2019-06
LIC102972,43,Male,Kochi,Kerala,ULIP,85300,1556000,10,Half-Yearly,Active,Not Claimed,0,AG1279,2021-02-18,36-45,2021,2021-02
LIC102973,46,Female,Kolkata,West Bengal,Term,13000,197000,15,Yearly,Active,Not Claimed,0,AG1107,2022-08-26,46-55,2022,2022-08
LIC102974,30,Female,Bengaluru,Karnataka,Endowment,61600,1152000,12,Half-Yearly,Matured,Claimed,389000,AG1143,2022-08-15,26-35,2022,2022-08
LIC102975,43,Male,Patna,Bihar,Money Back,30900,296000,10,Monthly,Active,Not Claimed,0,AG1051,2024-06-10,36-45,2024,2024-06
LIC102976,54,Male,Indore,Madhya Pradesh,Pension,58000,1211000,20,Half-Yearly,Lapsed,Not Claimed,0,AG1123,2022-01-22,46-55,2022,2022-01
LIC102977,28,Male,Chennai,Tamil Nadu,Money Back,33100,569000,30,Monthly,Active,Not Claimed,0,AG1050,2025-03-28,26-35,2025,2025-03
LIC102978,44,Male,Nagpur,Maharashtra,Pension,46000,1116000,15,Monthly,Active,Not Claimed,0,AG1281,2024-02-28,36-45,2024,2024-02
LIC102979,30,Female,Patna,Bihar,Money Back,43700,823000,15,Monthly,Matured,Not Claimed,0,AG1039,2025-02-22,26-35,2025,2025-02
LIC102980,50,Female,Lucknow,Uttar Pradesh,Money Back,42400,449000,5,Half-Yearly,Active,Not Claimed,0,AG1269,2024-09-25,46-55,2024,2024-09
LIC102981,50,Male,Coimbatore,Tamil Nadu,Term,17600,284000,10,Monthly,Active,Not Claimed,0,AG1166,2018-08-08,46-55,2018,2018-08
LIC102982,35,Female,Kochi,Kerala,ULIP,54300,488000,15,Half-Yearly,Active,Not Claimed,0,AG1036,2022-06-21,26-35,2022,2022-06
LIC102983,63,Male,Pune,Maharashtra,Endowment,46200,955000,30,Single Premium,Matured,Not Claimed,0,AG1109,2024-06-29,56-65,2024,2024-06
LIC102984,51,Male,Surat,Gujarat,Pension,49200,813000,25,Yearly,Active,Not Claimed,0,AG1243,2019-09-03,46-55,2019,2019-09
LIC102985,47,Male,Lucknow,Uttar Pradesh,Pension,36100,516000,15,Monthly,Active,Not Claimed,0,AG1124,2024-07-15,46-55,2024,2024-07
LIC102986,46,Female,Kolkata,West Bengal,Pension,47900,1172000,15,Monthly,Active,Not Claimed,0,AG1223,2018-05-14,46-55,2018,2018-05
LIC102987,50,Female,Kolkata,West Bengal,Money Back,48800,1171000,15,Yearly,Active,Not Claimed,0,AG1019,2020-04-07,46-55,2020,2020-04
LIC102988,28,Male,Lucknow,Uttar Pradesh,Whole Life,30300,733000,20,Yearly,Active,Not Claimed,0,AG1037,2020-04-28,26-35,2020,2020-04
LIC102989,41,Male,Kolkata,West Bengal,ULIP,92700,1090000,20,Monthly,Active,Not Claimed,0,AG1217,2018-05-27,36-45,2018,2018-05
LIC102990,43,Female,Bengaluru,Karnataka,Term,41000,836000,20,Yearly,Active,Not Claimed,0,AG1101,2023-06-04,36-45,2023,2023-06
LIC102991,35,Male,Pune,Maharashtra,Whole Life,26300,633000,5,Half-Yearly,Active,Claimed,527000,AG1193,2019-03-09,26-35,2019,2019-03
LIC102992,44,Male,Chennai,Tamil Nadu,Term,15800,280000,30,Half-Yearly,Lapsed,Not Claimed,0,AG1085,2024-08-31,36-45,2024,2024-08
LIC102993,53,Female,Kochi,Kerala,Money Back,60100,700000,10,Single Premium,Matured,Not Claimed,0,AG1233,2026-07-03,46-55,2026,2026-07
LIC102994,34,Female,Jaipur,Rajasthan,Term,19800,434000,15,Yearly,Matured,Claimed,174000,AG1039,2018-03-03,26-35,2018,2018-03
LIC102995,38,Male,Chandigarh,Chandigarh,Term,25600,588000,25,Yearly,Active,Not Claimed,0,AG1042,2024-10-27,36-45,2024,2024-10
LIC102996,30,Male,Indore,Madhya Pradesh,Endowment,47000,938000,15,Quarterly,Active,Not Claimed,0,AG1190,2024-02-22,26-35,2024,2024-02
LIC102997,19,Male,Surat,Gujarat,Endowment,39800,517000,10,Half-Yearly,Matured,Not Claimed,0,AG1107,2018-03-28,18-25,2018,2018-03
LIC102998,48,Male,Varanasi,Uttar Pradesh,Whole Life,32900,370000,10,Half-Yearly,Active,Not Claimed,0,AG1157,2020-06-09,46-55,2020,2020-06
LIC102999,39,Female,Chandigarh,Chandigarh,Term,21300,396000,20,Quarterly,Active,Not Claimed,0,AG1225,2021-07-01,36-45,2021,2021-07
LIC103000,40,Male,Indore,Madhya Pradesh,Money Back,36000,583000,10,Half-Yearly,Matured,Claimed,451000,AG1018,2021-02-24,36-45,2021,2021-02
LIC103001,28,Female,Kanpur,Uttar Pradesh,Term,25300,490000,15,Monthly,Active,Not Claimed,0,AG1060,2021-03-31,26-35,2021,2021-03
LIC103002,37,Male,Chennai,Tamil Nadu,Money Back,25600,253000,12,Monthly,Active,Not Claimed,0,AG1142,2026-02-20,36-45,2026,2026-02
LIC103003,51,Male,Kolkata,West Bengal,Whole Life,50200,518000,20,Quarterly,Active,Not Claimed,0,AG1118,2021-09-01,46-55,2021,2021-09
LIC103004,39,Male,Kolkata,West Bengal,Money Back,22300,316000,10,Yearly,Lapsed,Not Claimed,0,AG1168,2024-01-29,36-45,2024,2024-01
LIC103005,39,Female,Jaipur,Rajasthan,ULIP,56800,704000,20,Yearly,Active,Not Claimed,0,AG1192,2019-02-03,36-45,2019,2019-02
LIC103006,41,Male,Chandigarh,Chandigarh,Endowment,41000,760000,15,Quarterly,Matured,Not Claimed,0,AG1286,2025-10-31,36-45,2025,2025-10
LIC103007,25,Male,Indore,Madhya Pradesh,ULIP,34000,484000,20,Yearly,Active,Not Claimed,0,AG1029,2024-07-06,18-25,2024,2024-07
LIC103008,46,Male,Delhi,Delhi,Endowment,26700,524000,10,Monthly,Active,Not Claimed,0,AG1157,2024-04-18,46-55,2024,2024-04
LIC103009,25,Male,Indore,Madhya Pradesh,Money Back,26500,558000,20,Yearly,Active,Claimed,225000,AG1019,2020-10-29,18-25,2020,2020-10
LIC103010,29,Male,Coimbatore,Tamil Nadu,Whole Life,30400,340000,20,Half-Yearly,Active,Not Claimed,0,AG1090,2020-02-02,26-35,2020,2020-02
LIC103011,27,Male,Bengaluru,Karnataka,Term,15200,359000,10,Yearly,Active,Not Claimed,0,AG1110,2021-06-16,26-35,2021,2021-06
LIC103012,37,Male,Lucknow,Uttar Pradesh,Whole Life,23000,492000,25,Yearly,Active,Not Claimed,0,AG1058,2023-09-14,36-45,2023,2023-09
LIC103013,35,Male,Delhi,Delhi,Whole Life,43800,817000,25,Monthly,Matured,Not Claimed,0,AG1116,2020-02-17,26-35,2020,2020-02
LIC103014,39,Male,Indore,Madhya Pradesh,Endowment,31200,732000,10,Half-Yearly,Active,Not Claimed,0,AG1040,2020-07-22,36-45,2020,2020-07
LIC103015,29,Male,Coimbatore,Tamil Nadu,Term,21800,273000,20,Single Premium,Active,Not Claimed,0,AG1265,2021-11-07,26-35,2021,2021-11
LIC103016,50,Male,Chandigarh,Chandigarh,Term,16600,252000,20,Monthly,Active,Not Claimed,0,AG1121,2025-06-09,46-55,2025,2025-06
LIC103017,48,Male,Nagpur,Maharashtra,Pension,40500,383000,5,Yearly,Lapsed,Not Claimed,0,AG1110,2025-07-20,46-55,2025,2025-07
LIC103018,37,Male,Bhopal,Madhya Pradesh,Whole Life,25900,408000,15,Single Premium,Active,Not Claimed,0,AG1205,2022-10-13,36-45,2022,2022-10
LIC103019,34,Female,Bhopal,Madhya Pradesh,Term,21400,355000,30,Quarterly,Active,Not Claimed,0,AG1159,2025-08-09,26-35,2025,2025-08
LIC103020,33,Male,Patna,Bihar,Endowment,28600,528000,15,Yearly,Matured,Not Claimed,0,AG1095,2025-04-29,26-35,2025,2025-04
LIC103021,36,Male,Hyderabad,Telangana,Money Back,39500,359000,25,Single Premium,Active,Not Claimed,0,AG1034,2023-01-11,36-45,2023,2023-01
LIC103022,24,Male,Chennai,Tamil Nadu,Pension,36700,314000,20,Yearly,Active,Not Claimed,0,AG1242,2023-10-26,18-25,2023,2023-10
LIC103023,28,Female,Coimbatore,Tamil Nadu,Term,14500,220000,5,Monthly,Active,Not Claimed,0,AG1149,2021-05-26,26-35,2021,2021-05
LIC103024,48,Female,Mumbai,Maharashtra,Endowment,54300,609000,10,Quarterly,Active,Not Claimed,0,AG1103,2023-07-21,46-55,2023,2023-07
LIC103025,42,Male,Bengaluru,Karnataka,Pension,95600,1998000,20,Monthly,Active,Not Claimed,0,AG1217,2024-08-18,36-45,2024,2024-08
LIC103026,57,Male,Indore,Madhya Pradesh,Term,17600,341000,15,Yearly,Active,Not Claimed,0,AG1165,2018-02-22,56-65,2018,2018-02
LIC103027,36,Male,Surat,Gujarat,Endowment,52000,704000,10,Yearly,Lapsed,Not Claimed,0,AG1168,2022-06-08,36-45,2022,2022-06
LIC103028,35,Female,Delhi,Delhi,Pension,44000,386000,20,Half-Yearly,Active,Not Claimed,0,AG1020,2018-09-15,26-35,2018,2018-09
LIC103029,35,Female,,Bihar,Whole Life,26300,292000,20,Quarterly,Active,Not Claimed,0,AG1109,2023-12-20,26-35,2023,2023-12
LIC103030,35,Male,Chennai,Tamil Nadu,Endowment,56700,1120000,20,Monthly,Active,Not Claimed,0,AG1199,2022-10-01,26-35,2022,2022-10
LIC103031,32,Female,Coimbatore,Tamil Nadu,Term,14200,353000,12,Yearly,Active,Not Claimed,0,AG1233,2022-12-16,26-35,2022,2022-12
LIC103032,42,Female,Chandigarh,Chandigarh,Term,14100,191000,12,Yearly,Active,Not Claimed,0,AG1172,2019-08-18,36-45,2019,2019-08
LIC103033,39,Male,Bengaluru,Karnataka,Endowment,50100,1084000,30,Yearly,Active,Not Claimed,0,AG1184,2020-07-16,36-45,2020,2020-07
LIC103034,33,Male,Kochi,Kerala,Pension,75000,1706000,25,Yearly,Active,Not Claimed,0,AG1218,2018-09-06,26-35,2018,2018-09
LIC103035,53,Male,Ahmedabad,Gujarat,Endowment,63000,556000,12,Yearly,Active,Not Claimed,0,AG1017,2024-09-11,46-55,2024,2024-09
LIC103036,60,Male,Coimbatore,Tamil Nadu,ULIP,45600,1075000,25,Yearly,Active,Not Claimed,0,AG1042,2023-10-18,56-65,2023,2023-10
LIC103037,52,Female,Kolkata,West Bengal,Pension,48600,774000,10,Half-Yearly,Matured,Not Claimed,0,AG1156,2026-02-16,46-55,2026,2026-02
LIC103038,45,Male,Hyderabad,Telangana,Endowment,61900,1510000,10,Quarterly,Active,Not Claimed,0,AG1021,2019-10-16,36-45,2019,2019-10
LIC103039,47,Female,Ahmedabad,Gujarat,Term,32100,551000,10,Yearly,Lapsed,Not Claimed,0,AG1151,2021-12-17,46-55,2021,2021-12
LIC103040,59,Other,Kolkata,West Bengal,Money Back,49400,593000,10,Yearly,Matured,Claimed,370000,AG1111,2025-05-23,56-65,2025,2025-05
LIC103041,47,Male,Chandigarh,Chandigarh,Pension,46700,1147000,25,Quarterly,Surrendered,Claimed,577000,AG1128,2020-08-02,46-55,2020,2020-08
LIC103042,33,Male,Kolkata,West Bengal,ULIP,82400,1000000,20,Monthly,Matured,Claimed,837000,AG1052,2018-12-06,26-35,2018,2018-12
LIC103043,43,Female,Chennai,Tamil Nadu,Term,19300,444000,12,Quarterly,Active,Not Claimed,0,AG1273,2024-08-18,36-45,2024,2024-08
LIC103044,46,Female,Coimbatore,Tamil Nadu,Whole Life,28700,314000,25,Half-Yearly,Surrendered,Not Claimed,0,AG1294,2020-06-03,46-55,2020,2020-06
LIC103045,28,Female,Delhi,Delhi,Money Back,29000,565000,20,Quarterly,Lapsed,Not Claimed,0,AG1075,2024-04-23,26-35,2024,2024-04
LIC103046,36,Male,Patna,Bihar,Pension,34800,522000,10,Monthly,Lapsed,Not Claimed,0,AG1300,2025-01-07,36-45,2025,2025-01
LIC103047,51,Male,Indore,Madhya Pradesh,Term,47400,1162000,20,Half-Yearly,Active,Not Claimed,0,AG1088,2023-04-30,46-55,2023,2023-04
LIC103048,19,Male,Surat,Gujarat,Money Back,53600,597000,20,Monthly,Surrendered,Not Claimed,0,AG1020,2021-10-12,18-25,2021,2021-10
LIC103049,25,Female,Bhopal,Madhya Pradesh,Pension,39900,596000,20,Yearly,Lapsed,Not Claimed,0,AG1069,2020-04-26,18-25,2020,2020-04
LIC103050,37,Male,Patna,Bihar,Endowment,69800,1318000,20,Half-Yearly,Lapsed,Not Claimed,0,AG1170,2024-06-13,36-45,2024,2024-06
LIC103051,43,Female,Hyderabad,Telangana,Money Back,45800,1128000,10,Half-Yearly,Active,Not Claimed,0,AG1154,2019-08-25,36-45,2019,2019-08
LIC103052,24,Male,Kolkata,West Bengal,Term,20600,271000,12,Monthly,Active,Not Claimed,0,AG1106,2022-03-31,18-25,2022,2022-03
LIC103053,38,Female,Chandigarh,Chandigarh,Endowment,35600,525000,25,Quarterly,Surrendered,Not Claimed,0,AG1219,2022-07-30,36-45,2022,2022-07
LIC103054,52,Female,Varanasi,Uttar Pradesh,Endowment,43800,694000,25,Quarterly,Active,Not Claimed,0,AG1274,2025-08-11,46-55,2025,2025-08
LIC103055,40,Male,Jaipur,Rajasthan,Pension,50300,618000,12,Yearly,Active,Not Claimed,0,AG1095,2022-12-27,36-45,2022,2022-12
LIC103056,49,Male,Nagpur,Maharashtra,Endowment,28300,620000,5,Yearly,Lapsed,Not Claimed,0,AG1265,2024-12-13,46-55,2024,2024-12
LIC103057,32,Male,Bhopal,Madhya Pradesh,Money Back,31400,300000,25,Monthly,Active,Not Claimed,0,AG1246,2019-10-01,26-35,2019,2019-10
LIC103058,30,Male,Pune,Maharashtra,Whole Life,30000,599000,15,Half-Yearly,Active,Not Claimed,0,AG1108,2025-05-09,26-35,2025,2025-05
LIC103059,48,Male,Chandigarh,Chandigarh,Term,30000,512000,12,Monthly,Active,Not Claimed,0,AG1293,2019-12-08,46-55,2019,2019-12
LIC103060,43,Male,Coimbatore,Tamil Nadu,Money Back,33200,402000,15,Single Premium,Active,Not Claimed,0,AG1237,2024-02-24,36-45,2024,2024-02
LIC103061,26,Male,Coimbatore,Tamil Nadu,ULIP,65300,1069000,15,Single Premium,Active,Not Claimed,0,AG1029,2021-10-06,26-35,2021,2021-10
LIC103062,30,Female,Kanpur,Uttar Pradesh,Pension,27000,597000,15,Half-Yearly,Active,Not Claimed,0,AG1063,2021-05-26,26-35,2021,2021-05
LIC103063,56,Male,Bhopal,Madhya Pradesh,Whole Life,52100,811000,15,Yearly,Active,Not Claimed,0,AG1015,2026-06-07,56-65,2026,2026-06
LIC103064,29,Male,Bhopal,Madhya Pradesh,Whole Life,23300,235000,10,Yearly,Active,Not Claimed,0,AG1238,2021-06-08,26-35,2021,2021-06
LIC103065,49,Female,Varanasi,Uttar Pradesh,Term,21800,190000,30,Yearly,Matured,Not Claimed,0,AG1009,2022-09-23,46-55,2022,2022-09
LIC103066,34,Male,Pune,Maharashtra,Pension,53800,1142000,25,Yearly,Active,Not Claimed,0,AG1001,2026-08-31,26-35,2026,2026-08
LIC103067,39,Female,Chennai,Tamil Nadu,Term,20000,272000,25,Single Premium,Active,Not Claimed,0,AG1121,2019-10-19,36-45,2019,2019-10
LIC103068,42,Female,Pune,Maharashtra,ULIP,54700,1304000,25,Half-Yearly,Active,Not Claimed,0,AG1009,2023-08-26,36-45,2023,2023-08
LIC103069,18,Male,Patna,Bihar,Endowment,29700,549000,20,Half-Yearly,Lapsed,Not Claimed,0,AG1184,2023-07-31,18-25,2023,2023-07
LIC103070,23,Male,Mumbai,Maharashtra,Pension,37400,577000,10,Yearly,Surrendered,Not Claimed,0,AG1148,2021-05-04,18-25,2021,2021-05
LIC103071,40,Male,Surat,Gujarat,Whole Life,42000,739000,5,Yearly,Active,Not Claimed,0,AG1238,2026-02-01,36-45,2026,2026-02
LIC103072,31,Male,Patna,Bihar,ULIP,44000,694000,10,Yearly,Active,Not Claimed,0,AG1258,2024-11-16,26-35,2024,2024-11
LIC103073,50,Male,Coimbatore,Tamil Nadu,Endowment,48100,1125000,12,Monthly,Active,Not Claimed,0,AG1257,2026-02-10,46-55,2026,2026-02
LIC103074,21,Male,Kochi,Kerala,Money Back,23700,374000,15,Quarterly,Lapsed,Not Claimed,0,AG1019,2020-03-28,18-25,2020,2020-03
LIC103075,45,Male,Chandigarh,Chandigarh,Whole Life,42700,417000,30,Monthly,Active,Not Claimed,0,AG1018,2021-05-13,36-45,2021,2021-05
LIC103076,24,Male,Coimbatore,Tamil Nadu,ULIP,35900,652000,15,Half-Yearly,Active,Not Claimed,0,AG1280,2025-11-15,18-25,2025,2025-11
LIC103077,35,Male,Nagpur,Maharashtra,Term,23300,433000,15,Quarterly,Active,Not Claimed,0,AG1127,2019-08-03,26-35,2019,2019-08
LIC103078,27,Male,Kochi,Kerala,Micro Insurance,4500,100000,20,Single Premium,Surrendered,Not Claimed,0,AG1214,2018-06-09,26-35,2018,2018-06
LIC103079,60,Female,Coimbatore,Tamil Nadu,Pension,82900,1978000,10,Half-Yearly,Active,Not Claimed,0,AG1276,2022-01-29,56-65,2022,2022-01
LIC103080,24,Male,Surat,Gujarat,Endowment,42100,654000,25,Yearly,Surrendered,Not Claimed,0,AG1207,2025-12-05,18-25,2025,2025-12
LIC103081,38,Male,Surat,Gujarat,Pension,42500,594000,15,Quarterly,Active,Not Claimed,0,AG1188,2024-12-20,36-45,2024,2024-12
LIC103082,20,Male,Chennai,Tamil Nadu,Money Back,56400,922000,12,Yearly,Active,Not Claimed,0,AG1016,2019-04-09,18-25,2019,2019-04
LIC103083,57,Male,Hyderabad,Telangana,Money Back,44600,1039000,25,Half-Yearly,Active,Not Claimed,0,AG1141,2024-07-17,56-65,2024,2024-07
LIC103084,43,Male,Indore,Madhya Pradesh,Endowment,41600,1026000,20,Yearly,Active,Not Claimed,0,AG1006,2019-05-23,36-45,2019,2019-05
LIC103085,41,Male,Bengaluru,Karnataka,Money Back,49800,1221000,15,Quarterly,Active,Not Claimed,0,AG1281,2022-08-15,36-45,2022,2022-08
LIC103086,55,Male,Kanpur,Uttar Pradesh,ULIP,42600,507000,20,Half-Yearly,Active,Not Claimed,0,AG1175,2021-07-31,46-55,2021,2021-07
LIC103087,41,Male,Jaipur,Rajasthan,Endowment,22200,365000,20,Half-Yearly,Active,Not Claimed,0,AG1015,2024-01-08,36-45,2024,2024-01
LIC103088,41,Male,Ahmedabad,Gujarat,Whole Life,44500,552000,10,Half-Yearly,Active,Not Claimed,0,AG1128,2020-10-18,36-45,2020,2020-10
LIC103089,40,Male,Varanasi,Uttar Pradesh,Whole Life,25200,359000,25,Yearly,Active,Not Claimed,0,AG1014,2025-03-07,36-45,2025,2025-03
LIC103090,45,Male,Indore,Madhya Pradesh,Whole Life,42800,365000,30,Yearly,Active,Not Claimed,0,AG1249,2026-01-12,36-45,2026,2026-01
LIC103091,34,Male,Chandigarh,Chandigarh,Term,18200,195000,15,Single Premium,Matured,Claimed,173000,AG1034,2026-01-21,26-35,2026,2026-01
LIC103092,37,Female,Chandigarh,Chandigarh,Pension,35500,524000,20,Yearly,Active,Not Claimed,0,AG1020,2019-11-27,36-45,2019,2019-11
LIC103093,48,Female,Chandigarh,Chandigarh,Money Back,49300,700000,25,Single Premium,Active,Not Claimed,0,AG1250,2024-03-10,46-55,2024,2024-03
LIC103094,42,Male,Mumbai,Maharashtra,Endowment,40600,517000,15,Yearly,Active,Not Claimed,0,AG1272,2025-03-17,36-45,2025,2025-03
LIC103095,38,Male,Ahmedabad,Gujarat,Endowment,32200,384000,30,Quarterly,Active,Not Claimed,0,AG1195,2023-05-12,36-45,2023,2023-05
LIC103096,24,Male,Coimbatore,Tamil Nadu,Money Back,26800,556000,20,Quarterly,Active,Not Claimed,0,AG1238,2025-10-14,18-25,2025,2025-10
LIC103097,55,Female,Pune,Maharashtra,Pension,36600,476000,15,Monthly,Active,Not Claimed,0,AG1103,2019-10-28,46-55,2019,2019-10
LIC103098,32,Male,Bengaluru,Karnataka,Endowment,47000,941000,20,Monthly,Active,Not Claimed,0,AG1243,2024-02-14,26-35,2024,2024-02
LIC103099,50,Female,Kolkata,West Bengal,ULIP,47200,673000,15,Monthly,Active,Not Claimed,0,AG1215,2020-02-07,46-55,2020,2020-02
LIC103100,41,Male,Indore,Madhya Pradesh,Term,19100,413000,10,Monthly,Lapsed,Not Claimed,0,AG1243,2020-09-13,36-45,2020,2020-09
LIC103101,25,Female,Surat,Gujarat,Money Back,34200,371000,20,Yearly,Active,Claimed,166000,AG1077,2024-02-09,18-25,2024,2024-02
LIC103102,53,Male,Nagpur,Maharashtra,Micro Insurance,5600,100000,15,Quarterly,Active,Not Claimed,0,AG1121,2019-01-19,46-55,2019,2019-01
LIC103103,42,Male,Kanpur,Uttar Pradesh,ULIP,36800,720000,20,Quarterly,Active,Not Claimed,0,AG1040,2018-01-25,36-45,2018,2018-01
LIC103104,54,Male,Kochi,Kerala,Endowment,104800,2468000,10,Yearly,Matured,Claimed,1891000,AG1029,2020-07-05,46-55,2020,2020-07
LIC103105,37,Male,Patna,Bihar,Money Back,36400,380000,15,Yearly,Active,Not Claimed,0,AG1232,2021-08-30,36-45,2021,2021-08
LIC103106,47,Male,Bengaluru,Karnataka,Endowment,80100,741000,20,Single Premium,Matured,Not Claimed,0,AG1145,2023-09-17,46-55,2023,2023-09
LIC103107,20,Female,Lucknow,Uttar Pradesh,Endowment,58200,1390000,30,Yearly,Active,Not Claimed,0,AG1249,2018-10-29,18-25,2018,2018-10
LIC103108,33,Male,Lucknow,Uttar Pradesh,ULIP,47500,475000,25,Half-Yearly,Active,Not Claimed,0,AG1093,2021-10-24,26-35,2021,2021-10
LIC103109,25,Male,Kanpur,Uttar Pradesh,ULIP,54700,670000,25,Quarterly,Lapsed,Not Claimed,0,AG1085,2023-11-18,18-25,2023,2023-11
LIC103110,35,Male,,Madhya Pradesh,Endowment,43800,1043000,12,Monthly,Matured,Not Claimed,0,AG1246,2021-11-12,26-35,2021,2021-11
LIC103111,44,Female,Delhi,Delhi,Pension,89100,1929000,25,Monthly,Active,Not Claimed,0,AG1075,2025-05-30,36-45,2025,2025-05
LIC103112,32,Female,Jaipur,Rajasthan,Money Back,45400,628000,10,Quarterly,Active,Not Claimed,0,AG1151,2024-10-29,26-35,2024,2024-10
LIC103113,49,Male,Bengaluru,Karnataka,Endowment,39100,947000,10,Single Premium,Active,Not Claimed,0,AG1135,2022-12-21,46-55,2022,2022-12
LIC103114,30,Male,Surat,Gujarat,Money Back,39700,701000,10,Monthly,Matured,Not Claimed,0,AG1190,2024-11-22,26-35,2024,2024-11
LIC103115,49,Male,Bengaluru,Karnataka,Whole Life,43900,405000,25,Monthly,Active,Not Claimed,0,AG1034,2018-02-24,46-55,2018,2018-02
LIC103116,53,Male,Coimbatore,Tamil Nadu,Money Back,31500,628000,10,Monthly,Active,Not Claimed,0,AG1105,2023-04-29,46-55,2023,2023-04
LIC103117,50,Male,Kochi,Kerala,Money Back,48800,836000,10,Yearly,Active,Not Claimed,0,AG1051,2025-03-16,46-55,2025,2025-03
LIC103118,35,Female,Ahmedabad,Gujarat,Money Back,52500,931000,12,Quarterly,Active,Not Claimed,0,AG1172,2025-09-03,26-35,2025,2025-09
LIC103119,18,Male,Chandigarh,Chandigarh,Term,14200,354000,20,Quarterly,Active,Not Claimed,0,AG1070,2023-12-15,18-25,2023,2023-12
LIC103120,45,Male,Ahmedabad,Gujarat,Pension,44000,466000,25,Monthly,Active,Not Claimed,0,AG1208,2026-08-06,36-45,2026,2026-08
LIC103121,38,Male,Hyderabad,Telangana,Money Back,51600,989000,15,Quarterly,Active,Not Claimed,0,AG1096,2018-06-02,36-45,2018,2018-06
LIC103122,28,Female,Hyderabad,Telangana,Term,16300,258000,15,Monthly,Active,Not Claimed,0,AG1058,2021-03-18,26-35,2021,2021-03
LIC103123,33,Male,Bengaluru,Karnataka,ULIP,39500,499000,10,Half-Yearly,Active,Not Claimed,0,AG1120,2018-08-14,26-35,2018,2018-08
LIC103124,55,Male,Mumbai,Maharashtra,Pension,76200,1508000,12,Monthly,Active,Not Claimed,0,AG1171,2020-04-17,46-55,2020,2020-04
LIC103125,26,Female,Chennai,Tamil Nadu,Pension,56400,1092000,10,Yearly,Active,Not Claimed,0,AG1111,2025-07-02,26-35,2025,2025-07
LIC103126,44,Male,Kolkata,West Bengal,Endowment,47800,1078000,15,Half-Yearly,Active,Not Claimed,0,AG1061,2021-08-26,36-45,2021,2021-08
LIC103127,41,Female,Mumbai,Maharashtra,Term,26400,606000,20,Yearly,Active,Not Claimed,0,AG1256,2019-02-23,36-45,2019,2019-02
LIC103128,35,Male,Surat,Gujarat,Money Back,50300,883000,12,Quarterly,Active,Not Claimed,0,AG1156,2019-05-30,26-35,2019,2019-05
LIC103129,46,Female,Kolkata,West Bengal,Term,19900,269000,25,Quarterly,Lapsed,Not Claimed,0,AG1185,2018-10-16,46-55,2018,2018-10
LIC103130,57,Male,Indore,Madhya Pradesh,Pension,105500,1794000,30,Monthly,Active,Not Claimed,0,AG1041,2024-02-27,56-65,2024,2024-02
LIC103131,36,Male,Ahmedabad,Gujarat,Term,28400,401000,10,Half-Yearly,Active,Claimed,164000,AG1201,2022-03-23,36-45,2022,2022-03
LIC103132,36,Female,Ahmedabad,Gujarat,Endowment,24400,310000,5,Half-Yearly,Active,Not Claimed,0,AG1050,2020-05-22,36-45,2020,2020-05
LIC103133,46,Male,Kolkata,West Bengal,Endowment,35600,619000,20,Half-Yearly,Active,Not Claimed,0,AG1090,2025-06-07,46-55,2025,2025-06
LIC103134,49,Male,Jaipur,Rajasthan,Endowment,26100,501000,10,Yearly,Active,Not Claimed,0,AG1237,2025-09-17,46-55,2025,2025-09
LIC103135,38,Male,Mumbai,Maharashtra,ULIP,49200,888000,15,Yearly,Active,Not Claimed,0,AG1282,2018-06-17,36-45,2018,2018-06
LIC103136,36,Male,Chennai,Tamil Nadu,Money Back,26000,630000,15,Yearly,Active,Not Claimed,0,AG1154,2020-07-02,36-45,2020,2020-07
LIC103137,18,Male,Bengaluru,Karnataka,Term,14300,187000,25,Monthly,Active,Not Claimed,0,AG1180,2022-08-26,18-25,2022,2022-08
LIC103138,30,Other,Delhi,Delhi,Endowment,57000,817000,20,Half-Yearly,Active,Not Claimed,0,,2021-08-11,26-35,2021,2021-08
LIC103139,26,Female,Ahmedabad,Gujarat,Money Back,22000,426000,5,Monthly,Lapsed,Not Claimed,0,AG1105,2024-08-24,26-35,2024,2024-08
LIC103140,47,Male,Jaipur,Rajasthan,Term,21400,390000,5,Yearly,Matured,Not Claimed,0,AG1073,2026-06-10,46-55,2026,2026-06
LIC103141,36,Male,Delhi,Delhi,Whole Life,31400,252000,10,Quarterly,Matured,Not Claimed,0,AG1257,2024-08-01,36-45,2024,2024-08
LIC103142,36,Male,Nagpur,Maharashtra,Money Back,35600,474000,12,Monthly,Active,Not Claimed,0,AG1134,2025-10-31,36-45,2025,2025-10
LIC103143,39,Female,Nagpur,Maharashtra,Whole Life,32600,401000,15,Yearly,Lapsed,Not Claimed,0,AG1285,2023-06-18,36-45,2023,2023-06
LIC103144,29,Male,Chennai,Tamil Nadu,Pension,25700,573000,25,Half-Yearly,Active,Not Claimed,0,AG1236,2023-12-19,26-35,2023,2023-12
LIC103145,56,Male,Pune,Maharashtra,Pension,47900,1089000,12,Quarterly,Matured,Not Claimed,0,AG1109,2024-03-02,56-65,2024,2024-03
LIC103146,53,Male,Patna,Bihar,Pension,89900,1153000,15,Monthly,Active,Not Claimed,0,AG1137,2024-06-21,46-55,2024,2024-06
LIC103147,57,Male,Bengaluru,Karnataka,Endowment,38000,370000,12,Half-Yearly,Lapsed,Not Claimed,0,AG1235,2019-08-27,56-65,2019,2019-08
LIC103148,47,Male,Ahmedabad,Gujarat,Term,32800,377000,5,Single Premium,Active,Not Claimed,0,AG1059,2024-12-08,46-55,2024,2024-12
LIC103149,39,Male,Bengaluru,Karnataka,Endowment,29700,327000,30,Half-Yearly,Active,Not Claimed,0,AG1294,2023-05-28,36-45,2023,2023-05
LIC103150,57,Female,Nagpur,Maharashtra,Pension,39600,477000,10,Single Premium,Active,Not Claimed,0,AG1042,2018-04-21,56-65,2018,2018-04
LIC103151,32,Male,Indore,Madhya Pradesh,Micro Insurance,4600,100000,12,Monthly,Lapsed,Not Claimed,0,AG1248,2021-08-06,26-35,2021,2021-08
LIC103152,29,Male,Indore,Madhya Pradesh,Pension,65800,1063000,10,Half-Yearly,Matured,Not Claimed,0,AG1050,2018-09-04,26-35,2018,2018-09
LIC103153,32,Male,Delhi,Delhi,Term,15400,207000,15,Yearly,Active,Not Claimed,0,AG1270,2019-02-16,26-35,2019,2019-02
LIC103154,45,Male,Indore,Madhya Pradesh,Pension,59200,1037000,25,Half-Yearly,Active,Not Claimed,0,AG1173,2025-03-05,36-45,2025,2025-03
LIC103155,31,Male,Coimbatore,Tamil Nadu,Endowment,42900,594000,10,Monthly,Active,Not Claimed,0,AG1289,2019-03-26,26-35,2019,2019-03
LIC103156,37,Male,Pune,Maharashtra,Term,18200,398000,15,Half-Yearly,Active,Claimed,244000,AG1162,2026-01-15,36-45,2026,2026-01
LIC103157,21,Female,Kanpur,Uttar Pradesh,Money Back,51400,1242000,5,Half-Yearly,Active,Not Claimed,0,AG1067,2022-07-04,18-25,2022,2022-07
LIC103158,44,Male,Delhi,Delhi,Term,24800,369000,20,Yearly,Active,Not Claimed,0,AG1221,2023-06-09,36-45,2023,2023-06
LIC103159,22,Male,Ahmedabad,Gujarat,Money Back,26100,231000,20,Yearly,Matured,Claimed,136000,AG1167,2021-12-15,18-25,2021,2021-12
LIC103160,29,Male,Chandigarh,Chandigarh,Endowment,38900,470000,20,Yearly,Active,Not Claimed,0,AG1171,2022-01-19,26-35,2022,2022-01
LIC103161,52,Female,Delhi,Delhi,Money Back,70600,687000,15,Yearly,Active,Not Claimed,0,AG1223,2025-08-23,46-55,2025,2025-08
LIC103162,52,Female,Lucknow,Uttar Pradesh,Whole Life,39500,548000,25,Monthly,Matured,Not Claimed,0,AG1167,2018-05-05,46-55,2018,2018-05
LIC103163,43,Female,Kanpur,Uttar Pradesh,Pension,34500,654000,15,Quarterly,Matured,Not Claimed,0,AG1085,2022-10-05,36-45,2022,2022-10
LIC103164,42,Male,Pune,Maharashtra,Whole Life,21700,365000,15,Yearly,Lapsed,Not Claimed,0,AG1115,2026-03-08,36-45,2026,2026-03
LIC103165,33,Other,Delhi,Delhi,Endowment,53900,654000,20,Single Premium,Active,Not Claimed,0,AG1300,2024-04-26,26-35,2024,2024-04
LIC103166,30,Male,Delhi,Delhi,Pension,58400,1229000,15,Monthly,Lapsed,Not Claimed,0,AG1050,2019-06-19,26-35,2019,2019-06
LIC103167,35,Male,Indore,Madhya Pradesh,Pension,37100,380000,10,Half-Yearly,Active,Not Claimed,0,AG1218,2022-10-02,26-35,2022,2022-10
LIC103168,22,Female,Surat,Gujarat,Term,22200,264000,12,Quarterly,Matured,Claimed,129000,AG1259,2018-03-21,18-25,2018,2018-03
LIC103169,42,Female,Delhi,Delhi,Money Back,61100,1191000,10,Monthly,Active,Not Claimed,0,AG1136,2018-09-29,36-45,2018,2018-09
LIC103170,40,Male,Hyderabad,Telangana,Endowment,67000,761000,15,Half-Yearly,Lapsed,Not Claimed,0,AG1096,2023-02-23,36-45,2023,2023-02
LIC103171,29,Male,Bengaluru,Karnataka,Term,28200,551000,20,Half-Yearly,Active,Not Claimed,0,AG1169,2021-12-12,26-35,2021,2021-12
LIC103172,56,Male,Ahmedabad,Gujarat,Whole Life,43900,1080000,10,Monthly,Active,Not Claimed,0,AG1225,2019-02-06,56-65,2019,2019-02
LIC103173,46,Male,Nagpur,Maharashtra,Pension,51700,1144000,20,Yearly,Lapsed,Not Claimed,0,AG1284,2026-07-22,46-55,2026,2026-07
LIC103174,47,Male,Hyderabad,Telangana,Term,18400,197000,25,Yearly,Matured,Not Claimed,0,AG1187,2018-09-29,46-55,2018,2018-09
LIC103175,34,Female,Hyderabad,Telangana,Pension,47800,805000,15,Single Premium,Active,Not Claimed,0,AG1294,2020-06-14,26-35,2020,2020-06
LIC103176,39,Male,Mumbai,Maharashtra,Pension,39400,598000,10,Monthly,Matured,Not Claimed,0,AG1282,2024-03-25,36-45,2024,2024-03
LIC103177,46,Female,Chandigarh,Chandigarh,Pension,49100,1221000,25,Half-Yearly,Active,Not Claimed,0,AG1243,2023-06-05,46-55,2023,2023-06
LIC103178,41,Female,Jaipur,Rajasthan,Endowment,64300,1569000,20,Quarterly,Active,Not Claimed,0,AG1027,2019-01-06,36-45,2019,2019-01
LIC103179,57,Male,Indore,Madhya Pradesh,Pension,38700,393000,10,Quarterly,Active,Not Claimed,0,AG1151,2025-07-22,56-65,2025,2025-07
LIC103180,37,Female,Coimbatore,Tamil Nadu,Endowment,27900,654000,15,Half-Yearly,Active,Not Claimed,0,AG1199,2024-02-18,36-45,2024,2024-02
LIC103181,33,Male,Coimbatore,Tamil Nadu,Money Back,45400,512000,20,Yearly,Active,Not Claimed,0,AG1278,2020-09-06,26-35,2020,2020-09
LIC103182,46,Male,Chandigarh,Chandigarh,Term,18500,248000,20,Monthly,Lapsed,Not Claimed,0,AG1227,2026-06-22,46-55,2026,2026-06
LIC103183,25,Male,Lucknow,Uttar Pradesh,Term,10500,147000,20,Single Premium,Active,Not Claimed,0,AG1196,2022-04-25,18-25,2022,2022-04
LIC103184,49,Male,Lucknow,Uttar Pradesh,ULIP,59700,769000,15,Yearly,Active,Not Claimed,0,AG1221,2021-09-21,46-55,2021,2021-09
LIC103185,25,Female,Chennai,Tamil Nadu,Money Back,34000,765000,20,Yearly,Lapsed,Not Claimed,0,AG1228,2022-04-03,18-25,2022,2022-04
LIC103186,46,Female,Ahmedabad,Gujarat,Endowment,42100,573000,12,Yearly,Lapsed,Not Claimed,0,AG1067,2024-12-10,46-55,2024,2024-12
LIC103187,32,Male,Varanasi,Uttar Pradesh,Term,21800,477000,20,Quarterly,Active,Not Claimed,0,AG1098,2025-08-13,26-35,2025,2025-08
LIC103188,44,Female,Varanasi,Uttar Pradesh,Whole Life,22900,570000,30,Yearly,Active,Not Claimed,0,AG1015,2021-04-02,36-45,2021,2021-04
LIC103189,49,Male,Kochi,Kerala,Term,21100,470000,15,Quarterly,Active,Not Claimed,0,AG1114,2021-12-17,46-55,2021,2021-12
LIC103190,41,Female,Nagpur,Maharashtra,ULIP,52500,729000,20,Yearly,Active,Not Claimed,0,AG1104,2021-10-15,36-45,2021,2021-10
LIC103191,26,Male,Kochi,Kerala,Term,18200,366000,12,Monthly,Active,Not Claimed,0,AG1193,2025-12-06,26-35,2025,2025-12
LIC103192,29,Male,Nagpur,Maharashtra,Term,11100,190000,12,Quarterly,Active,Not Claimed,0,AG1214,2024-07-23,26-35,2024,2024-07
LIC103193,31,Male,Varanasi,Uttar Pradesh,Endowment,36300,776000,25,Half-Yearly,Lapsed,Not Claimed,0,AG1145,2020-02-05,26-35,2020,2020-02
LIC103194,18,Male,Surat,Gujarat,Money Back,36200,384000,5,Quarterly,Active,Not Claimed,0,AG1097,2021-05-07,18-25,2021,2021-05
LIC103195,51,Male,Chennai,Tamil Nadu,Endowment,58300,1099000,10,Quarterly,Active,Not Claimed,0,AG1052,2025-06-22,46-55,2025,2025-06
LIC103196,40,Female,Indore,Madhya Pradesh,Endowment,74700,1580000,15,Half-Yearly,Matured,Claimed,1435000,AG1058,2021-03-21,36-45,2021,2021-03
LIC103197,27,Male,Ahmedabad,Gujarat,Micro Insurance,7500,157000,15,Yearly,Active,Not Claimed,0,AG1209,2023-03-24,26-35,2023,2023-03
LIC103198,55,Female,Kochi,Kerala,Whole Life,42300,1031000,20,Half-Yearly,Active,Not Claimed,0,AG1185,2025-03-09,46-55,2025,2025-03
LIC103199,31,Female,Bhopal,Madhya Pradesh,Term,25700,231000,10,Quarterly,Matured,Not Claimed,0,AG1166,2025-01-21,26-35,2025,2025-01
LIC103200,42,Male,Nagpur,Maharashtra,Endowment,41800,580000,10,Monthly,Matured,Not Claimed,0,AG1069,2026-08-28,36-45,2026,2026-08
LIC103201,30,Male,Delhi,Delhi,Pension,74200,1195000,15,Quarterly,Active,Not Claimed,0,AG1123,2020-11-03,26-35,2020,2020-11
LIC103202,18,Female,Kochi,Kerala,Endowment,57500,763000,15,Half-Yearly,Active,Not Claimed,0,AG1037,2018-01-19,18-25,2018,2018-01
LIC103203,24,Male,Delhi,Delhi,Term,15900,211000,15,Yearly,Surrendered,Claimed,92000,AG1235,2021-01-10,18-25,2021,2021-01
LIC103204,34,Female,Patna,Bihar,ULIP,89100,980000,20,Monthly,Active,Not Claimed,0,AG1075,2022-11-20,26-35,2022,2022-11
LIC103205,49,Male,Jaipur,Rajasthan,Whole Life,39700,866000,15,Monthly,Active,Not Claimed,0,AG1108,2019-09-13,46-55,2019,2019-09
LIC103206,43,Male,Bhopal,Madhya Pradesh,Money Back,72900,1709000,12,Quarterly,Active,Not Claimed,0,AG1291,2023-01-30,36-45,2023,2023-01
LIC103207,41,Female,Chandigarh,Chandigarh,Term,21000,197000,20,Quarterly,Active,Not Claimed,0,AG1295,2023-08-12,36-45,2023,2023-08
LIC103208,18,Male,Surat,Gujarat,Term,15400,164000,10,Quarterly,Matured,Not Claimed,0,AG1174,2021-07-10,18-25,2021,2021-07
LIC103209,53,Male,Chandigarh,Chandigarh,Whole Life,29400,349000,10,Yearly,Active,Not Claimed,0,AG1118,2022-02-22,46-55,2022,2022-02
LIC103210,41,Male,Kochi,Kerala,Endowment,40800,679000,20,Quarterly,Lapsed,Not Claimed,0,AG1144,2024-07-12,36-45,2024,2024-07
LIC103211,38,Female,Pune,Maharashtra,Money Back,31800,682000,12,Half-Yearly,Lapsed,Not Claimed,0,AG1159,2024-05-22,36-45,2024,2024-05
LIC103212,51,Female,Chandigarh,Chandigarh,Money Back,61300,565000,15,Half-Yearly,Lapsed,Not Claimed,0,AG1270,2018-09-11,46-55,2018,2018-09
LIC103213,53,Male,Kochi,Kerala,Endowment,50700,954000,12,Monthly,Active,Not Claimed,0,AG1241,2025-03-29,46-55,2025,2025-03
LIC103214,52,Male,Ahmedabad,Gujarat,Pension,36800,388000,15,Yearly,Matured,Not Claimed,0,AG1047,2021-08-08,46-55,2021,2021-08
LIC103215,36,Male,Jaipur,Rajasthan,Pension,51600,1265000,15,Half-Yearly,Active,Not Claimed,0,AG1102,2021-07-25,36-45,2021,2021-07
LIC103216,28,Male,Pune,Maharashtra,ULIP,53900,1255000,30,Quarterly,Active,Not Claimed,0,AG1273,2019-09-30,26-35,2019,2019-09
LIC103217,50,Male,Kolkata,West Bengal,Term,18600,449000,15,Yearly,Lapsed,Not Claimed,0,AG1124,2026-06-09,46-55,2026,2026-06
LIC103218,24,Female,Bhopal,Madhya Pradesh,Term,19400,190000,20,Monthly,Active,Not Claimed,0,AG1184,2021-06-17,18-25,2021,2021-06
LIC103219,60,Male,Patna,Bihar,Money Back,46200,753000,25,Yearly,Active,Not Claimed,0,AG1164,2022-12-19,56-65,2022,2022-12
LIC103220,39,Male,Mumbai,Maharashtra,Term,22500,243000,20,Half-Yearly,Active,Not Claimed,0,AG1170,2020-07-07,36-45,2020,2020-07
LIC103221,27,Female,Patna,Bihar,Micro Insurance,7000,127000,15,Half-Yearly,Active,Claimed,102000,AG1082,2020-03-30,26-35,2020,2020-03
LIC103222,25,Male,Coimbatore,Tamil Nadu,Term,19900,238000,15,Yearly,Lapsed,Not Claimed,0,AG1147,2021-04-08,18-25,2021,2021-04
LIC103223,25,Male,Jaipur,Rajasthan,Money Back,25000,528000,15,Yearly,Active,Not Claimed,0,AG1135,2019-11-12,18-25,2019,2019-11
LIC103224,41,Male,Delhi,Delhi,Endowment,81500,1544000,20,Half-Yearly,Active,Not Claimed,0,AG1158,2025-11-03,36-45,2025,2025-11
LIC103225,39,Male,Bhopal,Madhya Pradesh,Whole Life,20300,360000,10,Yearly,Lapsed,Not Claimed,0,AG1203,2020-04-16,36-45,2020,2020-04
LIC103226,25,Female,Chennai,Tamil Nadu,Term,17400,383000,25,Quarterly,Active,Not Claimed,0,AG1120,2020-08-04,18-25,2020,2020-08
LIC103227,35,Male,Chennai,Tamil Nadu,Endowment,30900,510000,20,Half-Yearly,Lapsed,Not Claimed,0,AG1029,2019-04-18,26-35,2019,2019-04
LIC103228,24,Male,Kochi,Kerala,Endowment,46900,590000,25,Monthly,Active,Not Claimed,0,AG1162,2022-11-28,18-25,2022,2022-11
LIC103229,45,Male,Surat,Gujarat,Pension,55900,1037000,5,Monthly,Lapsed,Not Claimed,0,AG1162,2024-11-24,36-45,2024,2024-11
LIC103230,38,Female,Coimbatore,Tamil Nadu,Term,17800,432000,25,Yearly,Active,Not Claimed,0,AG1002,2025-07-06,36-45,2025,2025-07
LIC103231,35,Male,Indore,Madhya Pradesh,Pension,73400,1337000,10,Monthly,Active,Not Claimed,0,AG1047,2018-08-17,26-35,2018,2018-08
LIC103232,25,Male,Coimbatore,Tamil Nadu,Pension,65500,1225000,20,Monthly,Lapsed,Not Claimed,0,AG1100,2023-02-06,18-25,2023,2023-02
LIC103233,36,Female,Chandigarh,Chandigarh,Endowment,38800,927000,15,Yearly,Active,Not Claimed,0,AG1224,2022-09-04,36-45,2022,2022-09
LIC103234,34,Male,Pune,Maharashtra,ULIP,65100,1091000,20,Monthly,Surrendered,Claimed,774000,AG1057,2018-02-18,26-35,2018,2018-02
LIC103235,42,Female,Kanpur,Uttar Pradesh,Term,30200,753000,20,Quarterly,Active,Not Claimed,0,AG1122,2019-12-28,36-45,2019,2019-12
LIC103236,41,Male,Bhopal,Madhya Pradesh,Micro Insurance,8800,100000,10,Half-Yearly,Active,Not Claimed,0,AG1145,2022-09-09,36-45,2022,2022-09
LIC103237,48,Female,Coimbatore,Tamil Nadu,Money Back,40100,687000,15,Half-Yearly,Active,Not Claimed,0,AG1154,2026-03-31,46-55,2026,2026-03
LIC103238,34,Male,Kolkata,West Bengal,Endowment,26900,313000,12,Yearly,Active,Not Claimed,0,AG1138,2023-12-06,26-35,2023,2023-12
LIC103239,19,Male,Chandigarh,Chandigarh,Endowment,46000,723000,15,Half-Yearly,Active,Not Claimed,0,AG1039,2019-09-02,18-25,2019,2019-09
LIC103240,50,Female,Mumbai,Maharashtra,Term,25600,279000,20,Half-Yearly,Surrendered,Claimed,231000,AG1265,2021-01-02,46-55,2021,2021-01
LIC103241,29,Male,Lucknow,Uttar Pradesh,Micro Insurance,4800,100000,10,Yearly,Active,Not Claimed,0,AG1281,2018-02-06,26-35,2018,2018-02
LIC103242,27,Male,Surat,Gujarat,Term,18100,210000,15,Half-Yearly,Active,Not Claimed,0,AG1148,2021-12-20,26-35,2021,2021-12
LIC103243,39,Male,Patna,Bihar,Whole Life,30700,413000,20,Half-Yearly,Active,Not Claimed,0,AG1015,2018-07-06,36-45,2018,2018-07
LIC103244,42,Male,Indore,Madhya Pradesh,Money Back,57600,593000,12,Yearly,Active,Not Claimed,0,AG1232,2024-11-11,36-45,2024,2024-11
LIC103245,33,Female,Kolkata,West Bengal,Pension,80700,1756000,30,Quarterly,Active,Not Claimed,0,AG1113,2026-04-27,26-35,2026,2026-04
LIC103246,33,Male,Mumbai,Maharashtra,Endowment,58400,686000,15,Quarterly,Active,Not Claimed,0,AG1139,2020-02-17,26-35,2020,2020-02
LIC103247,35,Female,Bhopal,Madhya Pradesh,Money Back,35100,529000,10,Monthly,Surrendered,Not Claimed,0,AG1144,2025-12-27,26-35,2025,2025-12
LIC103248,55,Male,Patna,Bihar,Money Back,61600,510000,10,Half-Yearly,Active,Not Claimed,0,AG1152,2021-08-25,46-55,2021,2021-08
LIC103249,39,Male,Chandigarh,Chandigarh,Whole Life,37700,369000,15,Monthly,Active,Not Claimed,0,AG1242,2021-12-20,36-45,2021,2021-12
LIC103250,28,Male,Chennai,Tamil Nadu,Term,17600,409000,15,Half-Yearly,Active,Claimed,276000,AG1148,2021-09-16,26-35,2021,2021-09
LIC103251,28,Female,Surat,Gujarat,Term,32300,718000,10,Yearly,Active,Not Claimed,0,AG1264,2025-12-09,26-35,2025,2025-12
LIC103252,36,Female,Jaipur,Rajasthan,Endowment,34600,771000,5,Half-Yearly,Active,Not Claimed,0,AG1271,2019-02-12,36-45,2019,2019-02
LIC103253,42,Male,Varanasi,Uttar Pradesh,ULIP,66800,1002000,15,Quarterly,Active,Not Claimed,0,AG1077,2020-10-15,36-45,2020,2020-10
LIC103254,44,Female,Coimbatore,Tamil Nadu,Term,25200,262000,20,Yearly,Active,Not Claimed,0,AG1078,2021-08-23,36-45,2021,2021-08
LIC103255,40,Male,Coimbatore,Tamil Nadu,Money Back,35200,346000,10,Quarterly,Matured,Not Claimed,0,AG1216,2018-03-12,36-45,2018,2018-03
LIC103256,30,Male,Bhopal,Madhya Pradesh,Endowment,49100,898000,20,Yearly,Lapsed,Not Claimed,0,AG1119,2022-01-07,26-35,2022,2022-01
LIC103257,34,Female,Kolkata,West Bengal,Pension,62500,1380000,30,Half-Yearly,Active,Not Claimed,0,AG1229,2024-01-06,26-35,2024,2024-01
LIC103258,47,Female,Lucknow,Uttar Pradesh,Pension,58800,1370000,30,Monthly,Active,Not Claimed,0,AG1152,2021-12-31,46-55,2021,2021-12
LIC103259,26,Female,Chandigarh,Chandigarh,Money Back,41100,531000,25,Yearly,Lapsed,Not Claimed,0,AG1018,2021-07-09,26-35,2021,2021-07
LIC103260,34,Male,Kolkata,West Bengal,Endowment,43300,583000,20,Monthly,Surrendered,Not Claimed,0,AG1170,2022-08-03,26-35,2022,2022-08
LIC103261,46,Male,Kanpur,Uttar Pradesh,Endowment,59400,577000,10,Single Premium,Surrendered,Claimed,194000,AG1096,2021-10-12,46-55,2021,2021-10
LIC103262,49,Male,Hyderabad,Telangana,Term,19700,417000,10,Monthly,Matured,Claimed,130000,AG1165,2026-02-04,46-55,2026,2026-02
LIC103263,37,Male,Jaipur,Rajasthan,Endowment,39400,500000,15,Quarterly,Active,Claimed,291000,AG1033,2021-08-21,36-45,2021,2021-08
LIC103264,34,Female,Bengaluru,Karnataka,Whole Life,30200,489000,20,Monthly,Matured,Not Claimed,0,AG1240,2025-09-25,26-35,2025,2025-09
LIC103265,24,Male,Surat,Gujarat,Money Back,50100,1192000,25,Monthly,Matured,Claimed,578000,AG1273,2024-01-12,18-25,2024,2024-01
LIC103266,45,Male,Kanpur,Uttar Pradesh,Pension,33000,686000,12,Yearly,Active,Not Claimed,0,AG1046,2021-02-13,36-45,2021,2021-02
LIC103267,54,Male,Kochi,Kerala,Endowment,40000,356000,15,Yearly,Active,Not Claimed,0,AG1079,2026-03-16,46-55,2026,2026-03
LIC103268,67,Male,Nagpur,Maharashtra,Whole Life,78500,639000,20,Yearly,Active,Not Claimed,0,AG1162,2019-12-22,66+,2019,2019-12
LIC103269,43,Male,Bengaluru,Karnataka,Money Back,42600,911000,15,Monthly,Active,Not Claimed,0,AG1259,2026-07-20,36-45,2026,2026-07
LIC103270,38,Male,Bhopal,Madhya Pradesh,Money Back,33300,579000,15,Quarterly,Active,Not Claimed,0,AG1056,2020-12-31,36-45,2020,2020-12
LIC103271,29,Female,Jaipur,Rajasthan,Endowment,52500,1063000,10,Yearly,Active,Not Claimed,0,AG1140,2022-07-22,26-35,2022,2022-07
LIC103272,18,Male,Hyderabad,Telangana,Money Back,28900,308000,30,Quarterly,Active,Not Claimed,0,AG1026,2020-07-24,18-25,2020,2020-07
LIC103273,41,Female,Jaipur,Rajasthan,Money Back,21400,488000,15,Yearly,Active,Not Claimed,0,AG1152,2025-09-09,36-45,2025,2025-09
LIC103274,65,Male,Indore,Madhya Pradesh,Whole Life,45100,954000,15,Half-Yearly,Active,Not Claimed,0,AG1058,2025-11-13,56-65,2025,2025-11
LIC103275,53,Male,Kochi,Kerala,Pension,47600,1102000,10,Monthly,Lapsed,Not Claimed,0,AG1226,2018-05-23,46-55,2018,2018-05
LIC103276,51,Male,Kolkata,West Bengal,Endowment,51500,711000,15,Yearly,Active,Not Claimed,0,AG1264,2021-04-05,46-55,2021,2021-04
LIC103277,42,Female,Indore,Madhya Pradesh,Term,21400,272000,12,Yearly,Matured,Not Claimed,0,AG1251,2026-08-08,36-45,2026,2026-08
LIC103278,43,Male,Chennai,Tamil Nadu,Money Back,41100,435000,10,Yearly,Matured,Not Claimed,0,AG1204,2020-09-18,36-45,2020,2020-09
LIC103279,18,Male,Delhi,Delhi,Money Back,22300,531000,12,Monthly,Matured,Not Claimed,0,AG1026,2020-10-18,18-25,2020,2020-10
LIC103280,47,Male,Kanpur,Uttar Pradesh,Term,20700,228000,5,Quarterly,Lapsed,Not Claimed,0,AG1049,2021-04-01,46-55,2021,2021-04
LIC103281,33,Male,Jaipur,Rajasthan,ULIP,58900,591000,20,Quarterly,Active,Not Claimed,0,AG1299,2022-05-18,26-35,2022,2022-05
LIC103282,31,Female,Jaipur,Rajasthan,Micro Insurance,4100,100000,15,Quarterly,Active,Not Claimed,0,AG1211,2023-05-16,26-35,2023,2023-05
LIC103283,35,Female,Pune,Maharashtra,Pension,31400,663000,25,Monthly,Active,Not Claimed,0,AG1021,2021-09-29,26-35,2021,2021-09
LIC103284,35,Male,Patna,Bihar,Term,13300,308000,5,Yearly,Surrendered,Not Claimed,0,AG1089,2019-12-07,26-35,2019,2019-12
LIC103285,31,Male,Mumbai,Maharashtra,Pension,59200,1290000,5,Half-Yearly,Active,Not Claimed,0,AG1277,2018-09-14,26-35,2018,2018-09
LIC103286,39,Female,Chennai,Tamil Nadu,Whole Life,18000,316000,25,Half-Yearly,Active,Not Claimed,0,AG1014,2025-11-29,36-45,2025,2025-11
LIC103287,33,Male,Indore,Madhya Pradesh,Money Back,45400,1130000,10,Monthly,Lapsed,Not Claimed,0,AG1136,2022-03-10,26-35,2022,2022-03
LIC103288,40,Male,Indore,Madhya Pradesh,Money Back,42600,391000,5,Yearly,Matured,Not Claimed,0,AG1007,2019-09-12,36-45,2019,2019-09
LIC103289,23,Male,Indore,Madhya Pradesh,Pension,44700,1017000,10,Monthly,Lapsed,Not Claimed,0,AG1228,2025-02-09,18-25,2025,2025-02
LIC103290,37,Male,Delhi,Delhi,Money Back,24400,373000,25,Yearly,Active,Not Claimed,0,AG1099,2023-01-23,36-45,2023,2023-01
LIC103291,27,Male,Jaipur,Rajasthan,Endowment,33600,529000,20,Single Premium,Active,Not Claimed,0,AG1187,2022-03-27,26-35,2022,2022-03
LIC103292,32,Female,Ahmedabad,Gujarat,Money Back,44800,456000,15,Yearly,Active,Not Claimed,0,AG1130,2021-01-12,26-35,2021,2021-01
LIC103293,41,Male,Hyderabad,Telangana,Money Back,54900,470000,20,Single Premium,Active,Not Claimed,0,AG1172,2022-11-09,36-45,2022,2022-11
LIC103294,21,Male,Chennai,Tamil Nadu,Term,13500,181000,15,Yearly,Matured,Not Claimed,0,AG1066,2025-02-19,18-25,2025,2025-02
LIC103295,30,Female,Kochi,Kerala,Pension,66100,725000,25,Monthly,Active,Not Claimed,0,AG1018,2018-12-11,26-35,2018,2018-12
LIC103296,45,Male,Bengaluru,Karnataka,Whole Life,40700,660000,10,Monthly,Active,Not Claimed,0,AG1207,2024-08-23,36-45,2024,2024-08
LIC103297,23,Male,Pune,Maharashtra,Whole Life,29900,314000,20,Quarterly,Matured,Not Claimed,0,AG1144,2018-05-12,18-25,2018,2018-05
LIC103298,59,Male,Bhopal,Madhya Pradesh,Term,18900,196000,10,Monthly,Active,Not Claimed,0,AG1268,2021-05-19,56-65,2021,2021-05
LIC103299,52,Male,Bhopal,Madhya Pradesh,Whole Life,30700,703000,15,Yearly,Matured,Not Claimed,0,AG1040,2019-12-18,46-55,2019,2019-12
LIC103300,34,Female,Ahmedabad,Gujarat,Term,30000,710000,10,Quarterly,Matured,Claimed,690000,AG1171,2022-06-07,26-35,2022,2022-06
LIC103301,30,Female,Mumbai,Maharashtra,Term,18900,461000,20,Yearly,Lapsed,Not Claimed,0,AG1150,2018-03-18,26-35,2018,2018-03
LIC103302,41,Male,Chennai,Tamil Nadu,Money Back,56000,1096000,20,Quarterly,Active,Not Claimed,0,AG1004,2023-05-29,36-45,2023,2023-05
LIC103303,23,Female,Patna,Bihar,Endowment,44900,948000,15,Half-Yearly,Active,Not Claimed,0,AG1277,2021-03-09,18-25,2021,2021-03
LIC103304,18,Male,Bengaluru,Karnataka,Money Back,31700,704000,20,Single Premium,Matured,Not Claimed,0,AG1170,2026-08-04,18-25,2026,2026-08
LIC103305,34,Female,Indore,Madhya Pradesh,Term,21200,407000,20,Monthly,Matured,Claimed,270000,AG1297,2020-07-21,26-35,2020,2020-07
LIC103306,38,Male,Chandigarh,Chandigarh,Endowment,79600,1084000,20,Yearly,Active,Not Claimed,0,AG1096,2020-01-24,36-45,2020,2020-01
LIC103307,40,Male,Lucknow,Uttar Pradesh,Term,15900,169000,12,Yearly,Active,Not Claimed,0,AG1036,2022-05-10,36-45,2022,2022-05
LIC103308,32,Male,Bhopal,Madhya Pradesh,Micro Insurance,7700,100000,15,Monthly,Active,Not Claimed,0,AG1122,2024-01-04,26-35,2024,2024-01
LIC103309,53,Male,Surat,Gujarat,Money Back,46200,1030000,10,Half-Yearly,Surrendered,Not Claimed,0,AG1273,2018-03-08,46-55,2018,2018-03
LIC103310,23,Male,Lucknow,Uttar Pradesh,Whole Life,20000,397000,15,Quarterly,Active,Not Claimed,0,AG1182,2019-04-17,18-25,2019,2019-04
LIC103311,26,Male,Nagpur,Maharashtra,Endowment,27800,438000,20,Yearly,Active,Not Claimed,0,AG1062,2018-05-31,26-35,2018,2018-05
LIC103312,44,Female,Indore,Madhya Pradesh,Term,17600,150000,20,Half-Yearly,Active,Not Claimed,0,AG1118,2018-01-04,36-45,2018,2018-01
LIC103313,26,Male,Kolkata,West Bengal,Micro Insurance,6600,100000,20,Half-Yearly,Active,Not Claimed,0,AG1252,2026-06-17,26-35,2026,2026-06
LIC103314,26,Female,Pune,Maharashtra,Endowment,53700,1095000,12,Yearly,Matured,Not Claimed,0,AG1099,2025-01-15,26-35,2025,2025-01
LIC103315,40,Male,Delhi,Delhi,Endowment,28700,480000,20,Monthly,Active,Not Claimed,0,AG1289,2018-09-13,36-45,2018,2018-09
LIC103316,27,Female,Chandigarh,Chandigarh,Whole Life,36000,555000,15,Yearly,Active,Not Claimed,0,AG1251,2026-07-04,26-35,2026,2026-07
LIC103317,38,Female,Chennai,Tamil Nadu,Term,18000,240000,30,Yearly,Active,Not Claimed,0,AG1026,2026-02-18,36-45,2026,2026-02
LIC103318,31,Male,Nagpur,Maharashtra,Pension,48000,879000,15,Yearly,Active,Not Claimed,0,AG1088,2025-02-15,26-35,2025,2025-02
LIC103319,30,Female,Lucknow,Uttar Pradesh,Money Back,42500,1038000,20,Yearly,Active,Not Claimed,0,AG1280,2019-08-13,26-35,2019,2019-08
LIC103320,18,Female,Bengaluru,Karnataka,Endowment,68500,1597000,20,Quarterly,Active,Not Claimed,0,AG1287,2023-03-02,18-25,2023,2023-03
LIC103321,41,Male,Bengaluru,Karnataka,Term,21000,179000,25,Single Premium,Active,Not Claimed,0,AG1283,2018-11-19,36-45,2018,2018-11
LIC103322,25,Male,Surat,Gujarat,Term,12300,199000,15,Quarterly,Matured,Not Claimed,0,AG1049,2019-03-29,18-25,2019,2019-03
LIC103323,37,Male,Pune,Maharashtra,Pension,46600,634000,15,Half-Yearly,Active,Not Claimed,0,AG1073,2025-12-18,36-45,2025,2025-12
LIC103324,33,Male,Chandigarh,Chandigarh,Whole Life,38100,636000,15,Monthly,Surrendered,Not Claimed,0,AG1194,2018-12-25,26-35,2018,2018-12
LIC103325,37,Male,Bhopal,Madhya Pradesh,Endowment,55100,1009000,12,Single Premium,Active,Not Claimed,0,AG1198,2023-10-01,36-45,2023,2023-10
LIC103326,37,Female,Varanasi,Uttar Pradesh,Term,22200,253000,20,Yearly,Active,Not Claimed,0,AG1153,2025-01-20,36-45,2025,2025-01
LIC103327,41,Male,Patna,Bihar,Whole Life,27900,594000,25,Yearly,Active,Not Claimed,0,AG1016,2025-08-02,36-45,2025,2025-08
LIC103328,31,Male,Chennai,Tamil Nadu,Money Back,24500,394000,10,Monthly,Active,Not Claimed,0,AG1109,2022-10-29,26-35,2022,2022-10
LIC103329,53,Male,Pune,Maharashtra,Endowment,60200,1497000,15,Yearly,Active,Not Claimed,0,AG1087,2018-02-02,46-55,2018,2018-02
LIC103330,19,Other,Mumbai,Maharashtra,Endowment,29900,252000,25,Yearly,Active,Not Claimed,0,AG1121,2021-09-13,18-25,2021,2021-09
LIC103331,37,Male,Varanasi,Uttar Pradesh,Endowment,52200,586000,10,Yearly,Active,Not Claimed,0,AG1197,2019-03-12,36-45,2019,2019-03
LIC103332,48,Male,Kanpur,Uttar Pradesh,Whole Life,42100,830000,15,Quarterly,Active,Not Claimed,0,AG1145,2026-05-03,46-55,2026,2026-05
LIC103333,44,Male,Surat,Gujarat,Micro Insurance,5800,115000,25,Half-Yearly,Active,Not Claimed,0,AG1009,2020-04-28,36-45,2020,2020-04
LIC103334,28,Female,Chandigarh,Chandigarh,Term,17400,311000,25,Monthly,Active,Claimed,213000,AG1269,2025-10-31,26-35,2025,2025-10
LIC103335,30,Female,Ahmedabad,Gujarat,Money Back,38100,934000,15,Half-Yearly,Active,Not Claimed,0,AG1240,2018-03-18,26-35,2018,2018-03
LIC103336,28,Male,Bhopal,Madhya Pradesh,Endowment,35400,533000,5,Monthly,Lapsed,Not Claimed,0,AG1018,2025-03-12,26-35,2025,2025-03
LIC103337,46,Female,Lucknow,Uttar Pradesh,Money Back,27700,418000,10,Quarterly,Active,Not Claimed,0,AG1101,2020-12-09,46-55,2020,2020-12
LIC103338,31,Male,Surat,Gujarat,Endowment,41500,974000,20,Monthly,Matured,Not Claimed,0,AG1045,2024-10-25,26-35,2024,2024-10
LIC103339,42,Female,Jaipur,Rajasthan,Pension,53000,909000,10,Monthly,Active,Not Claimed,0,AG1288,2019-11-01,36-45,2019,2019-11
LIC103340,42,Male,Delhi,Delhi,Money Back,57100,800000,10,Monthly,Surrendered,Not Claimed,0,AG1007,2021-05-06,36-45,2021,2021-05
LIC103341,65,Male,Kolkata,West Bengal,Money Back,39300,795000,20,Yearly,Active,Not Claimed,0,AG1276,2022-11-29,56-65,2022,2022-11
LIC103342,42,Male,Pune,Maharashtra,Endowment,61400,1138000,20,Half-Yearly,Surrendered,Claimed,932000,AG1237,2019-04-08,36-45,2019,2019-04
LIC103343,30,Male,Hyderabad,Telangana,Term,13100,173000,25,Quarterly,Active,Not Claimed,0,AG1190,2019-01-12,26-35,2019,2019-01
LIC103344,23,Female,Mumbai,Maharashtra,Term,12400,162000,10,Half-Yearly,Active,Not Claimed,0,AG1014,2025-02-06,18-25,2025,2025-02
LIC103345,36,Male,Hyderabad,Telangana,Whole Life,27900,411000,10,Half-Yearly,Active,Not Claimed,0,AG1265,2019-03-12,36-45,2019,2019-03
LIC103346,38,Female,Varanasi,Uttar Pradesh,Term,14300,132000,25,Single Premium,Active,Not Claimed,0,AG1177,2020-10-17,36-45,2020,2020-10
LIC103347,18,Male,Bhopal,Madhya Pradesh,Whole Life,20500,493000,20,Monthly,Matured,Not Claimed,0,AG1090,2019-12-25,18-25,2019,2019-12
LIC103348,31,Male,Kanpur,Uttar Pradesh,Endowment,72400,804000,20,Quarterly,Active,Not Claimed,0,AG1093,2021-07-19,26-35,2021,2021-07
LIC103349,42,Male,Kanpur,Uttar Pradesh,Endowment,40100,453000,30,Single Premium,Active,Not Claimed,0,AG1016,2026-01-18,36-45,2026,2026-01
LIC103350,33,Female,Patna,Bihar,Money Back,68800,1307000,25,Quarterly,Active,Not Claimed,0,AG1223,2026-03-06,26-35,2026,2026-03
LIC103351,50,Female,Chennai,Tamil Nadu,Endowment,37500,762000,15,Monthly,Active,Not Claimed,0,AG1152,2024-01-12,46-55,2024,2024-01
LIC103352,22,Male,Indore,Madhya Pradesh,Term,11200,230000,12,Monthly,Active,Not Claimed,0,AG1136,2021-09-06,18-25,2021,2021-09
LIC103353,46,Male,Hyderabad,Telangana,Endowment,68300,982000,15,Monthly,Active,Not Claimed,0,AG1218,2018-09-26,46-55,2018,2018-09
LIC103354,49,Male,Chennai,Tamil Nadu,Whole Life,28600,653000,20,Single Premium,Active,Not Claimed,0,AG1250,2024-01-17,46-55,2024,2024-01
LIC103355,50,Male,Surat,Gujarat,Whole Life,36800,635000,15,Quarterly,Active,Not Claimed,0,AG1138,2024-06-28,46-55,2024,2024-06
LIC103356,22,Female,Coimbatore,Tamil Nadu,Endowment,28700,444000,20,Single Premium,Active,Not Claimed,0,AG1024,2020-11-03,18-25,2020,2020-11
LIC103357,42,Male,Jaipur,Rajasthan,Money Back,38600,841000,10,Single Premium,Active,Not Claimed,0,AG1241,2021-10-31,36-45,2021,2021-10
LIC103358,32,Female,Patna,Bihar,Term,12300,149000,20,Half-Yearly,Active,Not Claimed,0,AG1136,2018-04-30,26-35,2018,2018-04
LIC103359,24,Male,Ahmedabad,Gujarat,Endowment,41100,930000,5,Monthly,Active,Not Claimed,0,AG1001,2024-07-23,18-25,2024,2024-07
LIC103360,34,Male,Mumbai,Maharashtra,Term,15800,271000,15,Monthly,Active,Not Claimed,0,AG1245,2023-09-25,26-35,2023,2023-09
LIC103361,29,Female,Ahmedabad,Gujarat,Pension,51200,1193000,25,Half-Yearly,Matured,Not Claimed,0,AG1111,2024-11-21,26-35,2024,2024-11
LIC103362,49,Male,Indore,Madhya Pradesh,Endowment,58400,667000,10,Quarterly,Active,Claimed,333000,AG1031,2025-04-23,46-55,2025,2025-04
LIC103363,45,Male,Chennai,Tamil Nadu,Endowment,50300,1203000,15,Half-Yearly,Surrendered,Not Claimed,0,AG1230,2021-10-26,36-45,2021,2021-10
LIC103364,26,Male,Ahmedabad,Gujarat,Endowment,47700,939000,10,Quarterly,Active,Not Claimed,0,AG1077,2022-01-22,26-35,2022,2022-01
LIC103365,31,Male,Bengaluru,Karnataka,Term,17500,324000,25,Single Premium,Matured,Not Claimed,0,AG1062,2024-03-16,26-35,2024,2024-03
LIC103366,35,Female,Jaipur,Rajasthan,Whole Life,26600,404000,25,Half-Yearly,Active,Not Claimed,0,AG1035,2020-09-30,26-35,2020,2020-09
LIC103367,38,Male,Delhi,Delhi,Term,21300,517000,25,Yearly,Active,Not Claimed,0,AG1172,2021-02-18,36-45,2021,2021-02
LIC103368,50,Female,Delhi,Delhi,Term,20600,320000,25,Yearly,Active,Not Claimed,0,AG1175,2026-03-28,46-55,2026,2026-03
LIC103369,47,Male,Indore,Madhya Pradesh,Whole Life,33600,554000,20,Monthly,Lapsed,Not Claimed,0,AG1022,2021-08-05,46-55,2021,2021-08
LIC103370,40,Male,Surat,Gujarat,Endowment,49800,1060000,10,Monthly,Matured,Not Claimed,0,AG1135,2025-01-03,36-45,2025,2025-01
LIC103371,36,Male,Bhopal,Madhya Pradesh,Whole Life,22700,292000,12,Monthly,Active,Not Claimed,0,AG1134,2024-08-25,36-45,2024,2024-08
LIC103372,19,Male,Chennai,Tamil Nadu,Money Back,53700,696000,15,Monthly,Active,Not Claimed,0,AG1012,2022-03-10,18-25,2022,2022-03
LIC103373,53,Other,Ahmedabad,Gujarat,Endowment,47600,1008000,20,Half-Yearly,Active,Not Claimed,0,AG1100,2019-07-20,46-55,2019,2019-07
LIC103374,34,Female,Jaipur,Rajasthan,Whole Life,31100,317000,20,Quarterly,Surrendered,Not Claimed,0,AG1043,2025-02-26,26-35,2025,2025-02
LIC103375,56,Male,Kolkata,West Bengal,Term,22300,490000,10,Quarterly,Lapsed,Not Claimed,0,AG1264,2020-10-24,56-65,2020,2020-10
LIC103376,41,Female,Varanasi,Uttar Pradesh,Money Back,46300,862000,10,Single Premium,Active,Not Claimed,0,AG1201,2023-04-21,36-45,2023,2023-04
LIC103377,61,Female,Kochi,Kerala,Endowment,60600,1040000,15,Monthly,Active,Not Claimed,0,AG1141,2020-01-22,56-65,2020,2020-01
LIC103378,46,Male,Patna,Bihar,Endowment,46900,558000,10,Half-Yearly,Active,Not Claimed,0,AG1184,2022-06-04,46-55,2022,2022-06
LIC103379,23,Female,Surat,Gujarat,Whole Life,45000,962000,20,Monthly,Matured,Not Claimed,0,AG1250,2018-07-20,18-25,2018,2018-07
LIC103380,32,Male,Jaipur,Rajasthan,Pension,19600,425000,20,Quarterly,Lapsed,Not Claimed,0,AG1147,2023-07-03,26-35,2023,2023-07
LIC103381,37,Male,Chandigarh,Chandigarh,Micro Insurance,8700,141000,20,Half-Yearly,Active,Not Claimed,0,AG1279,2018-09-13,36-45,2018,2018-09
LIC103382,29,Male,Bhopal,Madhya Pradesh,Whole Life,38800,567000,10,Single Premium,Active,Not Claimed,0,AG1299,2018-07-18,26-35,2018,2018-07
LIC103383,35,Male,Hyderabad,Telangana,Endowment,25100,306000,30,Quarterly,Matured,Claimed,156000,AG1280,2023-10-22,26-35,2023,2023-10
LIC103384,24,Male,Lucknow,Uttar Pradesh,Endowment,54500,1135000,5,Monthly,Active,Not Claimed,0,AG1225,2020-08-08,18-25,2020,2020-08
LIC103385,39,Male,Lucknow,Uttar Pradesh,Endowment,59200,1117000,12,Quarterly,Surrendered,Not Claimed,0,AG1215,2025-06-28,36-45,2025,2025-06
LIC103386,42,Male,Indore,Madhya Pradesh,Money Back,45700,526000,20,Monthly,Active,Not Claimed,0,AG1155,2024-03-16,36-45,2024,2024-03
LIC103387,28,Female,Coimbatore,Tamil Nadu,Endowment,27100,583000,5,Monthly,Lapsed,Not Claimed,0,AG1140,2022-10-26,26-35,2022,2022-10
LIC103388,60,Other,Patna,Bihar,Pension,75500,1736000,10,Half-Yearly,Lapsed,Not Claimed,0,AG1046,2021-12-27,56-65,2021,2021-12
LIC103389,40,Female,Indore,Madhya Pradesh,Endowment,59000,531000,10,Monthly,Active,Not Claimed,0,AG1111,2019-02-11,36-45,2019,2019-02
LIC103390,30,Male,Ahmedabad,Gujarat,Endowment,35800,756000,20,Half-Yearly,Surrendered,Not Claimed,0,AG1199,2020-03-05,26-35,2020,2020-03
LIC103391,21,Male,Ahmedabad,Gujarat,Endowment,47500,1069000,25,Half-Yearly,Active,Not Claimed,0,AG1228,2025-10-11,18-25,2025,2025-10
LIC103392,40,Male,Chennai,Tamil Nadu,Pension,46100,1146000,15,Quarterly,Lapsed,Not Claimed,0,AG1082,2021-01-21,36-45,2021,2021-01
LIC103393,36,Male,Surat,Gujarat,Whole Life,38900,468000,20,Monthly,Surrendered,Not Claimed,0,AG1144,2022-08-15,36-45,2022,2022-08
LIC103394,48,Male,Patna,Bihar,Whole Life,31800,455000,15,Single Premium,Active,Not Claimed,0,AG1058,2021-01-08,46-55,2021,2021-01
LIC103395,37,Male,Patna,Bihar,Endowment,36600,894000,5,Quarterly,Active,Not Claimed,0,AG1142,2024-03-05,36-45,2024,2024-03
LIC103396,26,Female,Mumbai,Maharashtra,Pension,47500,456000,5,Yearly,Active,Claimed,233000,AG1025,2018-04-02,26-35,2018,2018-04
LIC103397,57,Female,Chandigarh,Chandigarh,Term,15600,264000,25,Quarterly,Lapsed,Not Claimed,0,AG1102,2025-01-23,56-65,2025,2025-01
LIC103398,44,Male,Surat,Gujarat,Pension,51200,851000,10,Half-Yearly,Matured,Not Claimed,0,AG1143,2020-12-12,36-45,2020,2020-12
LIC103399,36,Male,Varanasi,Uttar Pradesh,Money Back,40300,738000,30,Quarterly,Active,Not Claimed,0,AG1074,2023-11-01,36-45,2023,2023-11
LIC103400,41,Female,Pune,Maharashtra,Endowment,57400,782000,10,Quarterly,Lapsed,Not Claimed,0,AG1044,2026-08-12,36-45,2026,2026-08
LIC103401,44,Male,Surat,Gujarat,Money Back,42800,1016000,20,Monthly,Active,Not Claimed,0,AG1241,2019-02-14,36-45,2019,2019-02
LIC103402,23,Male,Jaipur,Rajasthan,Whole Life,20100,253000,30,Quarterly,Active,Not Claimed,0,AG1082,2024-10-27,18-25,2024,2024-10
LIC103403,41,Male,Nagpur,Maharashtra,Term,28200,537000,15,Yearly,Active,Not Claimed,0,AG1066,2023-12-18,36-45,2023,2023-12
LIC103404,34,Male,Kochi,Kerala,Pension,71800,1180000,20,Yearly,Active,Not Claimed,0,AG1278,2020-02-10,26-35,2020,2020-02
LIC103405,45,Male,Chandigarh,Chandigarh,Money Back,41600,521000,15,Monthly,Active,Not Claimed,0,AG1087,2018-07-03,36-45,2018,2018-07
LIC103406,31,Female,Kochi,Kerala,Endowment,34000,381000,12,Half-Yearly,Active,Not Claimed,0,AG1041,2025-03-10,26-35,2025,2025-03
LIC103407,32,Female,Kolkata,West Bengal,Term,15500,376000,10,Yearly,Active,Not Claimed,0,AG1204,2025-06-05,26-35,2025,2025-06
LIC103408,57,Male,Varanasi,Uttar Pradesh,Endowment,50100,879000,25,Yearly,Lapsed,Not Claimed,0,AG1226,2018-12-31,56-65,2018,2018-12
LIC103409,53,Male,Varanasi,Uttar Pradesh,Money Back,47300,864000,12,Monthly,Active,Not Claimed,0,AG1048,2018-07-15,46-55,2018,2018-07
LIC103410,18,Female,Jaipur,Rajasthan,Endowment,38600,823000,12,Yearly,Active,Not Claimed,0,AG1283,2026-06-14,18-25,2026,2026-06
LIC103411,52,Male,Patna,Bihar,Whole Life,28400,266000,30,Quarterly,Active,Not Claimed,0,AG1229,2018-07-29,46-55,2018,2018-07
LIC103412,38,Male,Mumbai,Maharashtra,Endowment,57900,1166000,12,Quarterly,Matured,Claimed,715000,AG1198,2018-05-15,36-45,2018,2018-05
LIC103413,31,Male,Kochi,Kerala,Micro Insurance,6400,100000,15,Half-Yearly,Active,Not Claimed,0,AG1192,2021-11-08,26-35,2021,2021-11
LIC103414,28,Male,Pune,Maharashtra,Money Back,26800,552000,30,Yearly,Lapsed,Not Claimed,0,AG1070,2019-08-17,26-35,2019,2019-08
LIC103415,29,Female,Delhi,Delhi,ULIP,56400,587000,15,Single Premium,Matured,Not Claimed,0,AG1021,2019-05-19,26-35,2019,2019-05
LIC103416,32,Female,Surat,Gujarat,Term,18800,416000,15,Single Premium,Active,Not Claimed,0,AG1047,2019-04-22,26-35,2019,2019-04
LIC103417,27,Male,Nagpur,Maharashtra,Endowment,34400,673000,25,Monthly,Active,Not Claimed,0,AG1233,2021-08-13,26-35,2021,2021-08
LIC103418,24,Male,Kolkata,West Bengal,Endowment,58700,855000,12,Single Premium,Matured,Not Claimed,0,AG1090,2021-11-06,18-25,2021,2021-11
LIC103419,28,Male,Pune,Maharashtra,Money Back,37400,527000,12,Monthly,Lapsed,Not Claimed,0,AG1233,2019-03-20,26-35,2019,2019-03
LIC103420,43,Male,Pune,Maharashtra,Pension,49500,521000,15,Quarterly,Active,Not Claimed,0,AG1273,2025-06-24,36-45,2025,2025-06
LIC103421,40,Other,Kochi,Kerala,Term,18600,435000,20,Half-Yearly,Active,Not Claimed,0,AG1253,2023-12-11,36-45,2023,2023-12
LIC103422,45,Male,Nagpur,Maharashtra,Term,22800,228000,5,Half-Yearly,Matured,Not Claimed,0,AG1199,2023-06-09,36-45,2023,2023-06
LIC103423,38,Male,Lucknow,Uttar Pradesh,Pension,48700,780000,15,Half-Yearly,Surrendered,Claimed,510000,AG1153,2024-12-16,36-45,2024,2024-12
LIC103424,25,Female,Nagpur,Maharashtra,Endowment,41100,494000,15,Half-Yearly,Surrendered,Not Claimed,0,AG1162,2019-01-25,18-25,2019,2019-01
LIC103425,44,Female,Indore,Madhya Pradesh,Whole Life,44800,1117000,12,Single Premium,Active,Not Claimed,0,AG1282,2023-10-12,36-45,2023,2023-10
LIC103426,28,Female,Bengaluru,Karnataka,Money Back,24200,435000,20,Monthly,Active,Not Claimed,0,AG1006,2023-05-17,26-35,2023,2023-05
LIC103427,46,Male,Pune,Maharashtra,Pension,38300,404000,12,Quarterly,Active,Not Claimed,0,AG1010,2023-06-26,46-55,2023,2023-06
LIC103428,26,Male,Ahmedabad,Gujarat,Term,22400,433000,20,Single Premium,Active,Not Claimed,0,AG1131,2025-01-11,26-35,2025,2025-01
LIC103429,31,Male,Bhopal,Madhya Pradesh,Term,35400,880000,15,Monthly,Matured,Not Claimed,0,AG1112,2018-09-02,26-35,2018,2018-09
LIC103430,35,Male,Indore,Madhya Pradesh,Money Back,46000,841000,10,Half-Yearly,Active,Not Claimed,0,AG1080,2024-01-22,26-35,2024,2024-01
LIC103431,46,Female,Patna,Bihar,Pension,91600,1445000,12,Yearly,Active,Not Claimed,0,AG1048,2026-08-31,46-55,2026,2026-08
LIC103432,41,Male,Bhopal,Madhya Pradesh,Endowment,39900,518000,10,Half-Yearly,Active,Not Claimed,0,AG1151,2020-08-12,36-45,2020,2020-08
LIC103433,39,Female,Mumbai,Maharashtra,Endowment,36800,352000,10,Yearly,Lapsed,Not Claimed,0,AG1091,2018-10-11,36-45,2018,2018-10
LIC103434,60,Male,Chandigarh,Chandigarh,Whole Life,44300,526000,20,Monthly,Active,Not Claimed,0,AG1133,2023-03-27,56-65,2023,2023-03
LIC103435,19,Female,Kanpur,Uttar Pradesh,Pension,62700,1092000,20,Yearly,Active,Not Claimed,0,AG1184,2019-12-12,18-25,2019,2019-12
LIC103436,28,Male,Patna,Bihar,Pension,33200,691000,10,Monthly,Active,Claimed,432000,AG1229,2021-02-21,26-35,2021,2021-02
LIC103437,27,Female,Indore,Madhya Pradesh,Micro Insurance,5700,131000,20,Quarterly,Active,Not Claimed,0,AG1076,2022-05-10,26-35,2022,2022-05
LIC103438,20,Male,Kochi,Kerala,Term,17900,385000,30,Monthly,Surrendered,Not Claimed,0,AG1085,2020-07-20,18-25,2020,2020-07
LIC103439,31,Male,Patna,Bihar,Term,14900,151000,10,Half-Yearly,Lapsed,Not Claimed,0,AG1263,2019-10-17,26-35,2019,2019-10
LIC103440,47,Female,Bhopal,Madhya Pradesh,Whole Life,29300,620000,15,Yearly,Active,Not Claimed,0,AG1234,2023-01-20,46-55,2023,2023-01
LIC103441,32,Male,Pune,Maharashtra,Pension,60800,1088000,20,Single Premium,Matured,Not Claimed,0,AG1265,2021-09-02,26-35,2021,2021-09
LIC103442,35,Male,Jaipur,Rajasthan,Endowment,47900,765000,5,Yearly,Active,Not Claimed,0,AG1216,2020-04-01,26-35,2020,2020-04
LIC103443,20,Female,Kanpur,Uttar Pradesh,Endowment,52500,931000,20,Half-Yearly,Lapsed,Not Claimed,0,AG1174,2024-02-23,18-25,2024,2024-02
LIC103444,30,Male,Chennai,Tamil Nadu,ULIP,57100,465000,30,Single Premium,Active,Not Claimed,0,AG1037,2018-10-12,26-35,2018,2018-10
LIC103445,34,Male,Bengaluru,Karnataka,Term,14100,129000,10,Half-Yearly,Lapsed,Not Claimed,0,AG1017,2022-06-05,26-35,2022,2022-06
LIC103446,46,Male,Kanpur,Uttar Pradesh,Endowment,53500,906000,25,Half-Yearly,Active,Not Claimed,0,AG1297,2018-04-25,46-55,2018,2018-04
LIC103447,21,Female,Bhopal,Madhya Pradesh,Money Back,27600,302000,15,Half-Yearly,Active,Not Claimed,0,AG1045,2020-08-21,18-25,2020,2020-08
LIC103448,34,Male,Patna,Bihar,Money Back,33000,570000,10,Quarterly,Active,Not Claimed,0,AG1073,2020-01-23,26-35,2020,2020-01
LIC103449,51,Male,Kolkata,West Bengal,ULIP,46400,651000,15,Yearly,Active,Not Claimed,0,AG1109,2023-04-16,46-55,2023,2023-04
LIC103450,34,Male,Kochi,Kerala,Endowment,35400,829000,10,Monthly,Lapsed,Not Claimed,0,AG1138,2026-01-20,26-35,2026,2026-01
LIC103451,18,Male,Coimbatore,Tamil Nadu,Whole Life,30800,744000,15,Half-Yearly,Active,Not Claimed,0,AG1182,2024-12-28,18-25,2024,2024-12
LIC103452,53,Male,Pune,Maharashtra,Money Back,38500,949000,5,Yearly,Active,Not Claimed,0,AG1300,2025-10-09,46-55,2025,2025-10
LIC103453,47,Male,Kochi,Kerala,Money Back,32200,750000,20,Yearly,Active,Not Claimed,0,AG1002,2018-11-27,46-55,2018,2018-11
LIC103454,49,Male,Pune,Maharashtra,Whole Life,48200,1193000,15,Yearly,Active,Not Claimed,0,AG1080,2026-05-02,46-55,2026,2026-05
LIC103455,20,Male,Chennai,Tamil Nadu,Endowment,40600,812000,15,Half-Yearly,Lapsed,Not Claimed,0,AG1118,2019-10-29,18-25,2019,2019-10
LIC103456,56,Male,Bhopal,Madhya Pradesh,Term,19400,472000,10,Yearly,Active,Not Claimed,0,AG1262,2024-05-01,56-65,2024,2024-05
LIC103457,30,Male,Coimbatore,Tamil Nadu,Term,13300,252000,15,Quarterly,Active,Not Claimed,0,AG1080,2019-08-05,26-35,2019,2019-08
LIC103458,33,Male,Delhi,Delhi,Endowment,24900,542000,10,Half-Yearly,Matured,Claimed,359000,AG1089,2019-11-22,26-35,2019,2019-11
LIC103459,31,Male,Chandigarh,Chandigarh,Money Back,33800,346000,20,Yearly,Active,Not Claimed,0,AG1045,2024-12-03,26-35,2024,2024-12
LIC103460,49,Male,Patna,Bihar,Pension,38100,747000,10,Single Premium,Active,Not Claimed,0,AG1266,2022-08-31,46-55,2022,2022-08
LIC103461,37,Male,Patna,Bihar,Whole Life,37500,894000,20,Yearly,Lapsed,Not Claimed,0,AG1244,2026-06-05,36-45,2026,2026-06
LIC103462,44,Male,Kanpur,Uttar Pradesh,ULIP,58100,998000,12,Monthly,Active,Not Claimed,0,AG1288,2025-05-15,36-45,2025,2025-05
LIC103463,40,Female,Delhi,Delhi,Endowment,68900,770000,20,Yearly,Active,Not Claimed,0,AG1002,2020-02-10,36-45,2020,2020-02
LIC103464,38,Male,Delhi,Delhi,Endowment,46300,785000,15,Single Premium,Matured,Not Claimed,0,AG1277,2021-03-10,36-45,2021,2021-03
LIC103465,29,Male,Ahmedabad,Gujarat,Endowment,34300,687000,15,Quarterly,Active,Not Claimed,0,AG1246,2018-10-09,26-35,2018,2018-10
LIC103466,59,Male,Indore,Madhya Pradesh,Term,13700,289000,20,Half-Yearly,Matured,Not Claimed,0,AG1226,2024-05-26,56-65,2024,2024-05
LIC103467,23,Male,Lucknow,Uttar Pradesh,Term,22600,382000,15,Yearly,Active,Not Claimed,0,AG1234,2024-03-02,18-25,2024,2024-03
LIC103468,44,Female,Ahmedabad,Gujarat,Money Back,27700,324000,25,Half-Yearly,Active,Not Claimed,0,AG1121,2022-09-13,36-45,2022,2022-09
LIC103469,43,Male,Chennai,Tamil Nadu,Micro Insurance,5900,140000,20,Single Premium,Matured,Not Claimed,0,AG1023,2022-05-02,36-45,2022,2022-05
LIC103470,52,Male,Surat,Gujarat,Term,34600,732000,15,Quarterly,Lapsed,Not Claimed,0,AG1200,2026-01-30,46-55,2026,2026-01
LIC103471,54,Male,Mumbai,Maharashtra,Term,26200,330000,25,Yearly,Matured,Not Claimed,0,AG1236,2024-07-07,46-55,2024,2024-07
LIC103472,37,Male,Patna,Bihar,ULIP,59400,1295000,25,Yearly,Matured,Claimed,1227000,AG1036,2024-09-16,36-45,2024,2024-09
LIC103473,45,Female,Hyderabad,Telangana,Endowment,61300,853000,15,Half-Yearly,Active,Not Claimed,0,AG1014,2021-06-10,36-45,2021,2021-06
LIC103474,58,Male,Chandigarh,Chandigarh,Pension,79000,1052000,10,Yearly,Active,Not Claimed,0,AG1015,2022-10-04,56-65,2022,2022-10
LIC103475,38,Female,Varanasi,Uttar Pradesh,Whole Life,48400,1097000,15,Half-Yearly,Active,Not Claimed,0,AG1245,2018-02-01,36-45,2018,2018-02
LIC103476,27,Male,Kochi,Kerala,Pension,40600,928000,15,Quarterly,Active,Not Claimed,0,AG1291,2018-07-11,26-35,2018,2018-07
LIC103477,35,Male,Bhopal,Madhya Pradesh,Endowment,37800,558000,15,Monthly,Active,Not Claimed,0,AG1120,2019-02-11,26-35,2019,2019-02
LIC103478,25,Male,Jaipur,Rajasthan,Whole Life,23200,189000,20,Quarterly,Lapsed,Not Claimed,0,AG1022,2025-04-04,18-25,2025,2025-04
LIC103479,43,Male,Kolkata,West Bengal,Money Back,39100,437000,20,Yearly,Active,Not Claimed,0,AG1175,2022-05-26,36-45,2022,2022-05
LIC103480,51,Male,Lucknow,Uttar Pradesh,Whole Life,34500,809000,20,Single Premium,Lapsed,Not Claimed,0,AG1292,2023-09-14,46-55,2023,2023-09
LIC103481,38,Male,Chennai,Tamil Nadu,Money Back,22800,531000,20,Monthly,Lapsed,Not Claimed,0,AG1271,2021-05-28,36-45,2021,2021-05
LIC103482,21,Female,Kolkata,West Bengal,Term,15000,236000,10,Quarterly,Active,Not Claimed,0,AG1121,2022-06-30,18-25,2022,2022-06
LIC103483,50,Male,Lucknow,Uttar Pradesh,Money Back,63600,838000,10,Monthly,Active,Not Claimed,0,AG1096,2023-07-17,46-55,2023,2023-07
LIC103484,19,Female,Patna,Bihar,Money Back,38500,506000,20,Yearly,Active,Not Claimed,0,AG1186,2024-07-07,18-25,2024,2024-07
LIC103485,22,Male,Lucknow,Uttar Pradesh,Pension,58600,1363000,15,Single Premium,Active,Not Claimed,0,AG1169,2026-05-26,18-25,2026,2026-05
LIC103486,37,Female,Ahmedabad,Gujarat,ULIP,51500,696000,20,Yearly,Lapsed,Not Claimed,0,AG1237,2020-12-11,36-45,2020,2020-12
LIC103487,42,Male,Delhi,Delhi,Whole Life,19200,321000,10,Half-Yearly,Active,Not Claimed,0,AG1232,2018-01-17,36-45,2018,2018-01
LIC103488,44,Female,Ahmedabad,Gujarat,Term,19200,392000,10,Half-Yearly,Matured,Not Claimed,0,AG1026,2020-05-03,36-45,2020,2020-05
LIC103489,38,Female,Kanpur,Uttar Pradesh,ULIP,72100,834000,15,Monthly,Active,Not Claimed,0,AG1254,2023-08-19,36-45,2023,2023-08
LIC103490,58,Male,Kolkata,West Bengal,Money Back,33000,406000,15,Yearly,Active,Not Claimed,0,AG1030,2024-02-06,56-65,2024,2024-02
LIC103491,40,Female,Bengaluru,Karnataka,Pension,62700,883000,12,Half-Yearly,Lapsed,Not Claimed,0,AG1287,2023-08-13,36-45,2023,2023-08
LIC103492,50,Female,Bhopal,Madhya Pradesh,Pension,35200,673000,15,Yearly,Active,Not Claimed,0,AG1109,2021-07-25,46-55,2021,2021-07
LIC103493,48,Male,Indore,Madhya Pradesh,Term,20900,458000,5,Yearly,Active,Not Claimed,0,AG1258,2025-07-04,46-55,2025,2025-07
LIC103494,25,Male,Indore,Madhya Pradesh,Pension,55900,967000,5,Yearly,Active,Not Claimed,0,AG1231,2023-01-02,18-25,2023,2023-01
LIC103495,37,Male,Lucknow,Uttar Pradesh,Term,16900,173000,10,Yearly,Active,Not Claimed,0,AG1148,2018-06-16,36-45,2018,2018-06
LIC103496,62,Female,Chennai,Tamil Nadu,Endowment,111100,1732000,20,Single Premium,Active,Not Claimed,0,AG1034,2021-07-21,56-65,2021,2021-07
LIC103497,33,Female,Jaipur,Rajasthan,Money Back,31400,319000,25,Single Premium,Surrendered,Not Claimed,0,AG1060,2022-06-05,26-35,2022,2022-06
LIC103498,32,Male,Delhi,Delhi,Term,15300,145000,12,Half-Yearly,Active,Not Claimed,0,AG1290,2018-01-27,26-35,2018,2018-01
LIC103499,41,Male,Coimbatore,Tamil Nadu,ULIP,59000,1063000,5,Monthly,Active,Not Claimed,0,AG1165,2018-04-28,36-45,2018,2018-04
LIC103500,34,Male,Mumbai,Maharashtra,Term,14600,354000,20,Quarterly,Active,Not Claimed,0,AG1195,2025-08-18,26-35,2025,2025-08
LIC103501,30,Male,Hyderabad,Telangana,Term,12000,267000,25,Yearly,Active,Not Claimed,0,AG1127,2024-07-27,26-35,2024,2024-07
LIC103502,34,Male,Chandigarh,Chandigarh,Money Back,26500,561000,10,Monthly,Active,Not Claimed,0,AG1225,2024-02-21,26-35,2024,2024-02
LIC103503,55,Male,Bengaluru,Karnataka,Whole Life,46000,937000,15,Monthly,Active,Not Claimed,0,AG1275,2025-05-24,46-55,2025,2025-05
LIC103504,37,Male,Varanasi,Uttar Pradesh,Pension,45100,1049000,10,Monthly,Active,Not Claimed,0,AG1223,2021-07-20,36-45,2021,2021-07
LIC103505,24,Male,Varanasi,Uttar Pradesh,Whole Life,48300,1005000,10,Yearly,Active,Not Claimed,0,AG1052,2018-11-13,18-25,2018,2018-11
LIC103506,22,Female,Bengaluru,Karnataka,Whole Life,26500,494000,20,Half-Yearly,Active,Not Claimed,0,AG1044,2021-11-26,18-25,2021,2021-11
LIC103507,63,Female,Bengaluru,Karnataka,Endowment,68500,973000,30,Quarterly,Lapsed,Not Claimed,0,AG1086,2025-09-03,56-65,2025,2025-09
LIC103508,37,Female,Chandigarh,Chandigarh,Term,21300,207000,20,Monthly,Active,Not Claimed,0,AG1155,2022-09-16,36-45,2022,2022-09
LIC103509,44,Female,Hyderabad,Telangana,Term,17600,279000,30,Yearly,Lapsed,Not Claimed,0,AG1038,2020-12-07,36-45,2020,2020-12
LIC103510,31,Male,Nagpur,Maharashtra,Money Back,28100,667000,15,Quarterly,Active,Not Claimed,0,AG1092,2020-11-05,26-35,2020,2020-11
LIC103511,43,Male,Chandigarh,Chandigarh,Whole Life,20200,362000,25,Quarterly,Active,Not Claimed,0,AG1149,2022-02-02,36-45,2022,2022-02
LIC103512,55,Male,Kochi,Kerala,Endowment,60800,677000,10,Yearly,Active,Not Claimed,0,AG1013,2023-04-29,46-55,2023,2023-04
LIC103513,32,Female,Indore,Madhya Pradesh,ULIP,72700,1384000,10,Half-Yearly,Active,Not Claimed,0,AG1298,2021-07-30,26-35,2021,2021-07
LIC103514,44,Female,Varanasi,Uttar Pradesh,Money Back,25600,407000,20,Quarterly,Active,Not Claimed,0,AG1225,2023-08-24,36-45,2023,2023-08
LIC103515,24,Female,Varanasi,Uttar Pradesh,Term,16200,386000,15,Yearly,Surrendered,Not Claimed,0,AG1046,2021-10-03,18-25,2021,2021-10
LIC103516,61,Female,Kochi,Kerala,Term,19600,210000,12,Quarterly,Active,Not Claimed,0,AG1220,2019-01-02,56-65,2019,2019-01
LIC103517,42,Male,Chennai,Tamil Nadu,Pension,60700,1220000,20,Yearly,Surrendered,Not Claimed,0,AG1114,2018-08-16,36-45,2018,2018-08
LIC103518,34,Male,Mumbai,Maharashtra,ULIP,47400,928000,15,Monthly,Active,Not Claimed,0,AG1078,2022-07-10,26-35,2022,2022-07
LIC103519,36,Male,Kochi,Kerala,Pension,70400,1740000,20,Monthly,Active,Not Claimed,0,AG1278,2020-09-29,36-45,2020,2020-09
LIC103520,33,Male,Mumbai,Maharashtra,Term,16200,285000,12,Yearly,Active,Claimed,79000,AG1017,2020-01-06,26-35,2020,2020-01
LIC103521,34,Male,Indore,Madhya Pradesh,Micro Insurance,4200,100000,20,Yearly,Active,Not Claimed,0,AG1097,2025-02-18,26-35,2025,2025-02
LIC103522,18,Female,Varanasi,Uttar Pradesh,Endowment,36800,310000,12,Monthly,Matured,Claimed,299000,AG1102,2026-07-29,18-25,2026,2026-07
LIC103523,38,Male,Varanasi,Uttar Pradesh,Term,16900,171000,15,Monthly,Lapsed,Not Claimed,0,AG1282,2020-05-16,36-45,2020,2020-05
LIC103524,37,Male,Lucknow,Uttar Pradesh,Micro Insurance,7100,100000,5,Yearly,Active,Not Claimed,0,AG1167,2019-10-22,36-45,2019,2019-10
LIC103525,44,Male,Patna,Bihar,Endowment,41900,776000,20,Yearly,Active,Not Claimed,0,AG1071,2026-07-21,36-45,2026,2026-07
LIC103526,33,Male,Jaipur,Rajasthan,Whole Life,33900,530000,20,Quarterly,Active,Not Claimed,0,AG1217,2023-02-03,26-35,2023,2023-02
LIC103527,31,Male,Jaipur,Rajasthan,Term,14400,165000,10,Yearly,Surrendered,Claimed,136000,AG1240,2025-05-27,26-35,2025,2025-05
LIC103528,39,Male,Kolkata,West Bengal,Money Back,34700,625000,10,Monthly,Active,Not Claimed,0,AG1179,2022-08-12,36-45,2022,2022-08
LIC103529,21,Male,Mumbai,Maharashtra,Pension,38500,679000,12,Half-Yearly,Lapsed,Not Claimed,0,AG1158,2024-01-29,18-25,2024,2024-01
LIC103530,41,Female,Chandigarh,Chandigarh,Endowment,35500,601000,20,Monthly,Active,Not Claimed,0,AG1041,2024-06-23,36-45,2024,2024-06
LIC103531,19,Male,Delhi,Delhi,Whole Life,42900,409000,15,Quarterly,Surrendered,Not Claimed,0,AG1050,2019-09-08,18-25,2019,2019-09
LIC103532,51,Male,Indore,Madhya Pradesh,Term,17600,418000,12,Monthly,Lapsed,Not Claimed,0,AG1284,2019-05-04,46-55,2019,2019-05
LIC103533,47,Female,Jaipur,Rajasthan,Whole Life,31100,562000,20,Half-Yearly,Surrendered,Not Claimed,0,AG1074,2019-10-13,46-55,2019,2019-10
LIC103534,29,Female,Chennai,Tamil Nadu,Endowment,56300,703000,25,Quarterly,Active,Not Claimed,0,AG1187,2022-07-14,26-35,2022,2022-07
LIC103535,46,Female,Kolkata,West Bengal,Endowment,58700,1156000,5,Quarterly,Active,Not Claimed,0,AG1244,2023-06-03,46-55,2023,2023-06
LIC103536,40,Male,Patna,Bihar,Endowment,70500,945000,15,Monthly,Active,Not Claimed,0,AG1066,2022-04-22,36-45,2022,2022-04
LIC103537,28,Male,Coimbatore,Tamil Nadu,Term,20600,342000,20,Quarterly,Active,Not Claimed,0,AG1235,2025-06-24,26-35,2025,2025-06
LIC103538,18,Male,Bengaluru,Karnataka,Pension,40600,560000,20,Yearly,Lapsed,Not Claimed,0,AG1114,2023-12-12,18-25,2023,2023-12
LIC103539,42,Male,Bhopal,Madhya Pradesh,Endowment,81000,1860000,5,Quarterly,Active,Not Claimed,0,AG1206,2021-05-20,36-45,2021,2021-05
LIC103540,30,Female,Coimbatore,Tamil Nadu,Endowment,49400,1230000,10,Yearly,Active,Not Claimed,0,AG1269,2019-12-07,26-35,2019,2019-12
LIC103541,51,Male,Coimbatore,Tamil Nadu,Money Back,41100,441000,10,Quarterly,Active,Not Claimed,0,AG1257,2019-04-04,46-55,2019,2019-04
LIC103542,39,Male,Indore,Madhya Pradesh,Endowment,44700,376000,15,Quarterly,Matured,Not Claimed,0,AG1089,2022-08-08,36-45,2022,2022-08
LIC103543,31,Male,Hyderabad,Telangana,ULIP,54700,642000,20,Half-Yearly,Active,Not Claimed,0,AG1010,2021-03-11,26-35,2021,2021-03
LIC103544,59,Male,Surat,Gujarat,Micro Insurance,7200,130000,10,Single Premium,Active,Not Claimed,0,AG1191,2019-11-08,56-65,2019,2019-11
LIC103545,45,Male,Hyderabad,Telangana,Endowment,32000,351000,15,Monthly,Active,Not Claimed,0,AG1234,2021-11-12,36-45,2021,2021-11
LIC103546,18,Female,Ahmedabad,Gujarat,Pension,75700,1650000,12,Monthly,Active,Not Claimed,0,AG1054,2025-05-17,18-25,2025,2025-05
LIC103547,34,Female,Kolkata,West Bengal,Money Back,35800,535000,20,Half-Yearly,Matured,Not Claimed,0,AG1151,2018-06-27,26-35,2018,2018-06
LIC103548,24,Female,Nagpur,Maharashtra,Term,18900,347000,10,Single Premium,Active,Not Claimed,0,AG1059,2021-01-13,18-25,2021,2021-01
LIC103549,30,Male,Chennai,Tamil Nadu,Whole Life,53700,846000,15,Single Premium,Active,Not Claimed,0,AG1262,2021-09-20,26-35,2021,2021-09
LIC103550,37,Male,Lucknow,Uttar Pradesh,Money Back,30400,710000,20,Half-Yearly,Active,Claimed,229000,AG1032,2021-04-04,36-45,2021,2021-04
LIC103551,43,Male,Varanasi,Uttar Pradesh,Whole Life,39500,340000,25,Half-Yearly,Active,Not Claimed,0,AG1069,2019-06-20,36-45,2019,2019-06
LIC103552,42,Male,Surat,Gujarat,Pension,41700,851000,20,Yearly,Active,Not Claimed,0,AG1083,2022-08-23,36-45,2022,2022-08
LIC103553,51,Female,Kochi,Kerala,Money Back,46900,895000,12,Half-Yearly,Active,Not Claimed,0,AG1258,2022-06-26,46-55,2022,2022-06
LIC103554,46,Male,Varanasi,Uttar Pradesh,Pension,57500,1095000,25,Half-Yearly,Active,Not Claimed,0,AG1299,2025-12-15,46-55,2025,2025-12
LIC103555,45,Female,Indore,Madhya Pradesh,ULIP,72700,1093000,20,Yearly,Active,Not Claimed,0,AG1040,2024-07-03,36-45,2024,2024-07
LIC103556,41,Male,Ahmedabad,Gujarat,Money Back,54100,447000,20,Yearly,Matured,Not Claimed,0,AG1004,2019-08-24,36-45,2019,2019-08
LIC103557,53,Male,Jaipur,Rajasthan,Whole Life,31000,611000,10,Half-Yearly,Lapsed,Not Claimed,0,AG1075,2019-11-01,46-55,2019,2019-11
LIC103558,36,Male,Kanpur,Uttar Pradesh,Endowment,63200,1397000,5,Half-Yearly,Surrendered,Not Claimed,0,AG1174,2021-03-02,36-45,2021,2021-03
LIC103559,36,Male,Coimbatore,Tamil Nadu,Micro Insurance,9200,100000,20,Half-Yearly,Matured,Not Claimed,0,AG1105,2025-09-20,36-45,2025,2025-09
LIC103560,18,Female,Kanpur,Uttar Pradesh,Whole Life,28000,434000,30,Quarterly,Active,Not Claimed,0,AG1148,2023-07-19,18-25,2023,2023-07
LIC103561,51,Male,Hyderabad,Telangana,Term,21400,230000,20,Quarterly,Active,Not Claimed,0,AG1122,2020-04-02,46-55,2020,2020-04
LIC103562,38,Female,Nagpur,Maharashtra,Endowment,37900,697000,25,Monthly,Lapsed,Not Claimed,0,AG1014,2024-05-25,36-45,2024,2024-05
LIC103563,71,Female,Nagpur,Maharashtra,Whole Life,39400,841000,15,Monthly,Active,Not Claimed,0,AG1177,2026-08-21,66+,2026,2026-08
LIC103564,35,Male,Chennai,Tamil Nadu,Term,12900,249000,12,Half-Yearly,Active,Not Claimed,0,AG1021,2024-04-03,26-35,2024,2024-04
LIC103565,40,Female,Surat,Gujarat,Term,23700,318000,20,Yearly,Active,Not Claimed,0,AG1258,2024-10-21,36-45,2024,2024-10
LIC103566,45,Male,Bengaluru,Karnataka,Money Back,22700,236000,20,Quarterly,Active,Not Claimed,0,AG1149,2024-10-28,36-45,2024,2024-10
LIC103567,27,Female,Kolkata,West Bengal,Endowment,34600,744000,20,Half-Yearly,Active,Not Claimed,0,AG1266,2020-12-25,26-35,2020,2020-12
LIC103568,43,Female,Mumbai,Maharashtra,Endowment,45400,613000,30,Quarterly,Active,Not Claimed,0,AG1118,2025-07-26,36-45,2025,2025-07
LIC103569,39,Other,Bengaluru,Karnataka,Endowment,63300,530000,15,Monthly,Active,Not Claimed,0,AG1080,2023-12-02,36-45,2023,2023-12
LIC103570,36,Male,Surat,Gujarat,Term,15600,276000,5,Single Premium,Active,Not Claimed,0,AG1264,2024-02-15,36-45,2024,2024-02
LIC103571,52,Male,Ahmedabad,Gujarat,Whole Life,40700,496000,25,Yearly,Active,Not Claimed,0,AG1185,2023-07-08,46-55,2023,2023-07
LIC103572,29,Male,Chennai,Tamil Nadu,Money Back,35200,785000,10,Monthly,Surrendered,Not Claimed,0,AG1101,2023-01-02,26-35,2023,2023-01
LIC103573,42,Male,Delhi,Delhi,Endowment,59300,619000,20,Yearly,Active,Not Claimed,0,AG1089,2022-06-08,36-45,2022,2022-06
LIC103574,55,Female,Lucknow,Uttar Pradesh,Endowment,57900,891000,25,Quarterly,Active,Not Claimed,0,AG1047,2026-01-02,46-55,2026,2026-01
LIC103575,31,Female,Chennai,Tamil Nadu,Money Back,45400,559000,12,Single Premium,Active,Not Claimed,0,AG1082,2024-05-12,26-35,2024,2024-05
LIC103576,36,Male,Bengaluru,Karnataka,Term,15600,308000,25,Quarterly,Active,Not Claimed,0,AG1124,2020-07-29,36-45,2020,2020-07
LIC103577,65,Male,Delhi,Delhi,Term,18400,319000,15,Monthly,Active,Not Claimed,0,AG1264,2022-06-24,56-65,2022,2022-06
LIC103578,44,Male,Chandigarh,Chandigarh,Term,22100,474000,20,Half-Yearly,Active,Not Claimed,0,AG1147,2021-08-18,36-45,2021,2021-08
LIC103579,33,Male,Varanasi,Uttar Pradesh,Pension,41900,662000,10,Yearly,Matured,Not Claimed,0,AG1241,2026-01-11,26-35,2026,2026-01
LIC103580,48,Male,Indore,Madhya Pradesh,ULIP,60600,490000,20,Monthly,Lapsed,Not Claimed,0,AG1286,2020-02-25,46-55,2020,2020-02
LIC103581,33,Male,Kolkata,West Bengal,ULIP,56800,662000,20,Yearly,Active,Not Claimed,0,AG1091,2025-07-20,26-35,2025,2025-07
LIC103582,22,Female,Jaipur,Rajasthan,Whole Life,42500,1062000,15,Monthly,Active,Not Claimed,0,AG1228,2023-06-17,18-25,2023,2023-06
LIC103583,54,Male,Pune,Maharashtra,Whole Life,45900,683000,20,Yearly,Active,Not Claimed,0,AG1154,2026-02-09,46-55,2026,2026-02
LIC103584,27,Male,Kolkata,West Bengal,Money Back,29800,553000,25,Monthly,Active,Not Claimed,0,AG1251,2026-05-17,26-35,2026,2026-05
LIC103585,66,Female,Lucknow,Uttar Pradesh,Whole Life,29900,699000,20,Yearly,Active,Not Claimed,0,AG1201,2026-03-27,66+,2026,2026-03
LIC103586,34,Male,Ahmedabad,Gujarat,Term,29000,242000,30,Half-Yearly,Surrendered,Claimed,193000,AG1215,2022-04-19,26-35,2022,2022-04
LIC103587,62,Male,Hyderabad,Telangana,Whole Life,25500,490000,15,Quarterly,Active,Not Claimed,0,AG1173,2025-03-16,56-65,2025,2025-03
LIC103588,24,Male,Hyderabad,Telangana,ULIP,45800,591000,15,Single Premium,Lapsed,Not Claimed,0,AG1064,2020-01-25,18-25,2020,2020-01
LIC103589,50,Male,Pune,Maharashtra,Money Back,50900,649000,12,Single Premium,Active,Not Claimed,0,AG1030,2022-08-02,46-55,2022,2022-08
LIC103590,44,Male,Varanasi,Uttar Pradesh,Endowment,73600,870000,30,Yearly,Lapsed,Not Claimed,0,AG1178,2019-04-25,36-45,2019,2019-04
LIC103591,48,Male,Bengaluru,Karnataka,Endowment,46000,1011000,10,Monthly,Active,Not Claimed,0,AG1170,2023-07-25,46-55,2023,2023-07
LIC103592,50,Female,Coimbatore,Tamil Nadu,Whole Life,35700,512000,15,Half-Yearly,Lapsed,Not Claimed,0,AG1156,2018-01-17,46-55,2018,2018-01
LIC103593,34,Female,Surat,Gujarat,Whole Life,23500,215000,12,Half-Yearly,Matured,Not Claimed,0,AG1058,2018-02-16,26-35,2018,2018-02
LIC103594,25,Male,Chennai,Tamil Nadu,Pension,49700,479000,15,Half-Yearly,Active,Not Claimed,0,AG1031,2023-09-09,18-25,2023,2023-09
LIC103595,38,Male,Bhopal,Madhya Pradesh,Endowment,31500,332000,25,Half-Yearly,Active,Not Claimed,0,AG1100,2019-01-27,36-45,2019,2019-01
LIC103596,41,Male,Pune,Maharashtra,ULIP,45200,1052000,15,Monthly,Surrendered,Claimed,690000,AG1128,2020-11-29,36-45,2020,2020-11
LIC103597,34,Male,Coimbatore,Tamil Nadu,Money Back,44600,681000,25,Yearly,Lapsed,Not Claimed,0,AG1228,2020-07-04,26-35,2020,2020-07
LIC103598,42,Male,Chennai,Tamil Nadu,Pension,46100,1087000,15,Yearly,Active,Not Claimed,0,AG1116,2023-02-20,36-45,2023,2023-02
LIC103599,43,Male,Surat,Gujarat,Money Back,51000,1117000,25,Monthly,Active,Not Claimed,0,AG1012,2022-08-19,36-45,2022,2022-08
LIC103600,29,Male,Jaipur,Rajasthan,Money Back,34500,767000,15,Half-Yearly,Active,Not Claimed,0,,2018-10-11,26-35,2018,2018-10
LIC103601,43,Female,Kolkata,West Bengal,Money Back,26900,346000,12,Half-Yearly,Active,Not Claimed,0,AG1183,2023-10-08,36-45,2023,2023-10
LIC103602,36,Male,Indore,Madhya Pradesh,ULIP,73000,921000,15,Yearly,Active,Not Claimed,0,AG1005,2026-03-25,36-45,2026,2026-03
LIC103603,31,Female,Kochi,Kerala,Micro Insurance,4200,100000,15,Monthly,Active,Not Claimed,0,AG1260,2020-10-04,26-35,2020,2020-10
LIC103604,48,Female,Kolkata,West Bengal,Term,17600,266000,12,Half-Yearly,Active,Not Claimed,0,AG1297,2023-05-28,46-55,2023,2023-05
LIC103605,30,Male,Kanpur,Uttar Pradesh,Term,17000,283000,12,Quarterly,Lapsed,Not Claimed,0,AG1140,2022-10-16,26-35,2022,2022-10
LIC103606,34,Female,Coimbatore,Tamil Nadu,Pension,63600,566000,10,Half-Yearly,Matured,Not Claimed,0,AG1055,2026-06-23,26-35,2026,2026-06
LIC103607,40,Female,Nagpur,Maharashtra,Money Back,32900,807000,15,Yearly,Active,Not Claimed,0,AG1156,2021-10-09,36-45,2021,2021-10
LIC103608,54,Male,Kanpur,Uttar Pradesh,Whole Life,28400,255000,20,Yearly,Lapsed,Not Claimed,0,AG1188,2023-01-07,46-55,2023,2023-01
LIC103609,41,Male,Surat,Gujarat,Money Back,40400,446000,15,Monthly,Active,Not Claimed,0,AG1256,2020-01-21,36-45,2020,2020-01
LIC103610,45,Male,Chennai,Tamil Nadu,Term,19000,371000,20,Half-Yearly,Active,Not Claimed,0,AG1181,2026-07-23,36-45,2026,2026-07
LIC103611,36,Female,Hyderabad,Telangana,ULIP,46200,492000,30,Single Premium,Matured,Not Claimed,0,AG1168,2024-06-24,36-45,2024,2024-06
LIC103612,38,Male,Kanpur,Uttar Pradesh,ULIP,57200,562000,15,Monthly,Active,Not Claimed,0,AG1121,2019-12-22,36-45,2019,2019-12
LIC103613,38,Male,Ahmedabad,Gujarat,Endowment,31100,330000,15,Yearly,Active,Not Claimed,0,AG1011,2020-12-04,36-45,2020,2020-12
LIC103614,42,Female,Chandigarh,Chandigarh,Endowment,28100,254000,10,Yearly,Active,Not Claimed,0,AG1178,2024-08-06,36-45,2024,2024-08
LIC103615,36,Male,Kanpur,Uttar Pradesh,Pension,88400,1085000,15,Yearly,Active,Not Claimed,0,AG1123,2025-09-10,36-45,2025,2025-09
LIC103616,54,Male,Lucknow,Uttar Pradesh,Term,22800,287000,20,Quarterly,Lapsed,Not Claimed,0,AG1048,2022-01-24,46-55,2022,2022-01
LIC103617,35,Female,Lucknow,Uttar Pradesh,Pension,50400,830000,10,Quarterly,Surrendered,Not Claimed,0,AG1182,2018-01-07,26-35,2018,2018-01
LIC103618,20,Male,Delhi,Delhi,Endowment,33700,521000,10,Yearly,Lapsed,Not Claimed,0,AG1241,2021-07-06,18-25,2021,2021-07
LIC103619,69,Female,Jaipur,Rajasthan,Money Back,65200,1047000,15,Quarterly,Matured,Not Claimed,0,AG1256,2023-11-06,66+,2023,2023-11
LIC103620,35,Female,Chandigarh,Chandigarh,Pension,41300,763000,20,Monthly,Lapsed,Not Claimed,0,AG1213,2020-07-31,26-35,2020,2020-07
LIC103621,53,Male,Patna,Bihar,Whole Life,16700,199000,20,Half-Yearly,Matured,Not Claimed,0,AG1297,2024-11-07,46-55,2024,2024-11
LIC103622,54,Male,Lucknow,Uttar Pradesh,Endowment,44000,453000,30,Monthly,Active,Not Claimed,0,AG1220,2019-06-26,46-55,2019,2019-06
LIC103623,49,Female,Chandigarh,Chandigarh,Whole Life,32400,743000,25,Yearly,Matured,Claimed,640000,AG1028,2021-10-15,46-55,2021,2021-10
LIC103624,37,Female,Chennai,Tamil Nadu,Endowment,41000,770000,10,Yearly,Active,Not Claimed,0,AG1216,2020-09-07,36-45,2020,2020-09
LIC103625,42,Male,Kanpur,Uttar Pradesh,Endowment,43100,389000,5,Yearly,Matured,Not Claimed,0,AG1246,2019-01-04,36-45,2019,2019-01
LIC103626,25,Male,Varanasi,Uttar Pradesh,Micro Insurance,5000,122000,15,Yearly,Active,Not Claimed,0,AG1199,2021-05-08,18-25,2021,2021-05
LIC103627,61,Male,Surat,Gujarat,ULIP,55400,1096000,15,Monthly,Active,Not Claimed,0,AG1191,2020-10-27,56-65,2020,2020-10
LIC103628,30,Female,Kolkata,West Bengal,Whole Life,27600,292000,15,Quarterly,Lapsed,Not Claimed,0,AG1129,2019-11-10,26-35,2019,2019-11
LIC103629,36,Female,Pune,Maharashtra,Endowment,26800,656000,10,Yearly,Surrendered,Not Claimed,0,AG1161,2024-08-30,36-45,2024,2024-08
LIC103630,40,Male,Chandigarh,Chandigarh,Term,11000,156000,10,Quarterly,Lapsed,Not Claimed,0,AG1033,2019-11-14,36-45,2019,2019-11
LIC103631,38,Female,Mumbai,Maharashtra,Term,19200,475000,5,Single Premium,Active,Not Claimed,0,AG1011,2019-01-31,36-45,2019,2019-01
LIC103632,32,Male,Coimbatore,Tamil Nadu,Money Back,37200,363000,25,Yearly,Active,Not Claimed,0,AG1215,2019-06-24,26-35,2019,2019-06
LIC103633,54,Female,Chennai,Tamil Nadu,ULIP,81700,876000,30,Monthly,Active,Not Claimed,0,AG1242,2025-04-21,46-55,2025,2025-04
LIC103634,49,Male,Chandigarh,Chandigarh,Money Back,39100,750000,10,Yearly,Active,Not Claimed,0,AG1284,2021-03-16,46-55,2021,2021-03
LIC103635,43,Male,Jaipur,Rajasthan,Pension,37700,316000,10,Monthly,Active,Not Claimed,0,AG1246,2021-07-31,36-45,2021,2021-07
LIC103636,35,Male,Delhi,Delhi,Term,10500,100000,10,Monthly,Active,Not Claimed,0,AG1190,2025-03-20,26-35,2025,2025-03
LIC103637,51,Male,Ahmedabad,Gujarat,Endowment,39000,837000,25,Yearly,Active,Not Claimed,0,AG1072,2022-03-11,46-55,2022,2022-03
LIC103638,34,Male,Surat,Gujarat,Endowment,47300,513000,30,Yearly,Matured,Not Claimed,0,AG1245,2022-02-06,26-35,2022,2022-02
LIC103639,56,Male,Hyderabad,Telangana,Money Back,67500,1594000,12,Half-Yearly,Matured,Not Claimed,0,AG1083,2025-07-20,56-65,2025,2025-07
LIC103640,40,Male,Pune,Maharashtra,Term,19400,296000,12,Quarterly,Active,Not Claimed,0,AG1114,2019-07-30,36-45,2019,2019-07
LIC103641,53,Male,Mumbai,Maharashtra,Pension,41600,951000,15,Quarterly,Active,Not Claimed,0,AG1264,2025-12-16,46-55,2025,2025-12
LIC103642,38,Male,Surat,Gujarat,Endowment,34000,513000,15,Quarterly,Active,Not Claimed,0,AG1069,2020-06-03,36-45,2020,2020-06
LIC103643,40,Female,Hyderabad,Telangana,Pension,40100,682000,20,Quarterly,Active,Not Claimed,0,AG1161,2020-06-23,36-45,2020,2020-06
LIC103644,52,Female,Chandigarh,Chandigarh,Endowment,45100,603000,15,Monthly,Active,Not Claimed,0,AG1107,2019-05-18,46-55,2019,2019-05
LIC103645,63,Male,Delhi,Delhi,Micro Insurance,11000,211000,30,Half-Yearly,Active,Not Claimed,0,AG1294,2026-03-04,56-65,2026,2026-03
LIC103646,56,Male,Jaipur,Rajasthan,Money Back,63100,846000,10,Yearly,Active,Not Claimed,0,AG1140,2018-02-19,56-65,2018,2018-02
LIC103647,49,Male,Jaipur,Rajasthan,Pension,53400,630000,20,Quarterly,Active,Claimed,545000,AG1150,2023-06-17,46-55,2023,2023-06
LIC103648,45,Female,Indore,Madhya Pradesh,Term,21200,199000,15,Monthly,Active,Not Claimed,0,AG1099,2018-08-13,36-45,2018,2018-08
LIC103649,33,Female,Pune,Maharashtra,ULIP,41600,374000,15,Yearly,Active,Not Claimed,0,AG1167,2023-10-31,26-35,2023,2023-10
LIC103650,42,Female,Pune,Maharashtra,Pension,32200,425000,20,Yearly,Active,Not Claimed,0,AG1144,2024-02-08,36-45,2024,2024-02
LIC103651,29,Female,Varanasi,Uttar Pradesh,Term,29700,609000,25,Single Premium,Lapsed,Not Claimed,0,AG1159,2019-06-06,26-35,2019,2019-06
LIC103652,43,Female,Varanasi,Uttar Pradesh,Term,10300,118000,20,Monthly,Active,Not Claimed,0,AG1300,2020-06-21,36-45,2020,2020-06
LIC103653,44,Female,Bengaluru,Karnataka,Endowment,27800,364000,20,Monthly,Active,Not Claimed,0,AG1044,2026-02-23,36-45,2026,2026-02
LIC103654,18,Male,Chandigarh,Chandigarh,Pension,79400,1857000,20,Half-Yearly,Active,Not Claimed,0,AG1087,2018-08-23,18-25,2018,2018-08
LIC103655,39,Male,Chandigarh,Chandigarh,Money Back,37900,715000,12,Half-Yearly,Active,Not Claimed,0,AG1084,2025-11-09,36-45,2025,2025-11
LIC103656,44,Male,Bhopal,Madhya Pradesh,Money Back,29100,688000,20,Half-Yearly,Active,Not Claimed,0,AG1096,2022-01-30,36-45,2022,2022-01
LIC103657,38,Male,Kanpur,Uttar Pradesh,Term,22600,531000,20,Half-Yearly,Active,Not Claimed,0,AG1240,2022-11-04,36-45,2022,2022-11
LIC103658,43,Male,Surat,Gujarat,Term,24500,222000,15,Monthly,Active,Not Claimed,0,AG1217,2020-01-17,36-45,2020,2020-01
LIC103659,24,Male,Indore,Madhya Pradesh,Pension,33100,802000,15,Half-Yearly,Active,Not Claimed,0,AG1239,2025-02-06,18-25,2025,2025-02
LIC103660,30,Male,Mumbai,Maharashtra,Term,15500,137000,20,Yearly,Lapsed,Not Claimed,0,AG1072,2018-02-12,26-35,2018,2018-02
LIC103661,50,Male,Chandigarh,Chandigarh,Whole Life,45200,1073000,20,Quarterly,Active,Not Claimed,0,AG1181,2019-01-17,46-55,2019,2019-01
LIC103662,39,Male,Bengaluru,Karnataka,Pension,40000,692000,15,Yearly,Active,Not Claimed,0,AG1173,2021-03-02,36-45,2021,2021-03
LIC103663,43,Male,Surat,Gujarat,Endowment,49800,850000,20,Quarterly,Active,Not Claimed,0,AG1192,2019-02-07,36-45,2019,2019-02
LIC103664,33,Female,Chennai,Tamil Nadu,Whole Life,44700,900000,20,Quarterly,Active,Not Claimed,0,AG1094,2018-02-23,26-35,2018,2018-02
LIC103665,39,Female,Chennai,Tamil Nadu,Term,9700,223000,12,Quarterly,Matured,Not Claimed,0,AG1152,2019-10-16,36-45,2019,2019-10
LIC103666,18,Male,Kochi,Kerala,Whole Life,27300,505000,20,Quarterly,Active,Not Claimed,0,AG1159,2023-04-14,18-25,2023,2023-04
LIC103667,48,Male,Chandigarh,Chandigarh,Term,22400,341000,10,Monthly,Active,Not Claimed,0,AG1296,2025-02-21,46-55,2025,2025-02
LIC103668,59,Male,Coimbatore,Tamil Nadu,ULIP,40600,402000,10,Yearly,Active,Not Claimed,0,AG1015,2020-02-18,56-65,2020,2020-02
LIC103669,27,Male,Patna,Bihar,Endowment,36200,775000,20,Yearly,Active,Not Claimed,0,AG1119,2018-06-08,26-35,2018,2018-06
LIC103670,29,Female,Varanasi,Uttar Pradesh,Money Back,48200,491000,25,Quarterly,Active,Not Claimed,0,AG1021,2026-03-29,26-35,2026,2026-03
LIC103671,44,Male,Bengaluru,Karnataka,Money Back,32700,665000,5,Monthly,Active,Not Claimed,0,AG1021,2018-05-18,36-45,2018,2018-05
LIC103672,55,Male,Ahmedabad,Gujarat,Term,14700,250000,25,Single Premium,Matured,Not Claimed,0,AG1221,2019-06-17,46-55,2019,2019-06
LIC103673,39,Female,Nagpur,Maharashtra,ULIP,74800,1089000,15,Quarterly,Active,Not Claimed,0,AG1106,2020-06-15,36-45,2020,2020-06
LIC103674,25,Male,Mumbai,Maharashtra,Endowment,47600,877000,25,Monthly,Active,Not Claimed,0,AG1233,2024-04-20,18-25,2024,2024-04
LIC103675,37,Male,Nagpur,Maharashtra,Whole Life,30100,636000,25,Quarterly,Active,Not Claimed,0,AG1065,2025-08-14,36-45,2025,2025-08
LIC103676,28,Male,Delhi,Delhi,Term,17500,420000,25,Yearly,Lapsed,Not Claimed,0,AG1149,2019-12-16,26-35,2019,2019-12
LIC103677,32,Male,Chennai,Tamil Nadu,Whole Life,40000,500000,20,Quarterly,Matured,Not Claimed,0,AG1183,2026-08-12,26-35,2026,2026-08
LIC103678,36,Male,Coimbatore,Tamil Nadu,Term,19800,477000,25,Half-Yearly,Lapsed,Not Claimed,0,AG1069,2025-01-23,36-45,2025,2025-01
LIC103679,29,Male,Pune,Maharashtra,Endowment,50300,1224000,10,Quarterly,Lapsed,Not Claimed,0,AG1207,2024-05-13,26-35,2024,2024-05
LIC103680,30,Male,Mumbai,Maharashtra,Endowment,34600,755000,12,Monthly,Surrendered,Not Claimed,0,AG1110,2019-02-25,26-35,2019,2019-02
LIC103681,40,Female,Chandigarh,Chandigarh,ULIP,32200,740000,12,Quarterly,Active,Not Claimed,0,AG1282,2026-05-03,36-45,2026,2026-05
LIC103682,41,Male,Ahmedabad,Gujarat,Endowment,53600,1060000,20,Yearly,Lapsed,Not Claimed,0,AG1055,2023-04-18,36-45,2023,2023-04
LIC103683,23,Female,Coimbatore,Tamil Nadu,Pension,65300,566000,10,Half-Yearly,Surrendered,Not Claimed,0,AG1113,2023-06-01,18-25,2023,2023-06
LIC103684,43,Male,Mumbai,Maharashtra,Pension,49400,878000,10,Monthly,Active,Not Claimed,0,AG1213,2023-10-06,36-45,2023,2023-10
LIC103685,35,Male,Kolkata,West Bengal,Term,23100,478000,25,Monthly,Active,Not Claimed,0,AG1046,2019-07-23,26-35,2019,2019-07
LIC103686,47,Male,Kanpur,Uttar Pradesh,Whole Life,31200,749000,20,Yearly,Lapsed,Not Claimed,0,AG1070,2018-03-10,46-55,2018,2018-03
LIC103687,48,Male,Pune,Maharashtra,Term,20300,359000,25,Yearly,Matured,Not Claimed,0,AG1182,2021-03-21,46-55,2021,2021-03
LIC103688,33,Male,Ahmedabad,Gujarat,Endowment,68600,1475000,10,Quarterly,Matured,Not Claimed,0,AG1173,2019-12-21,26-35,2019,2019-12
LIC103689,46,Male,Indore,Madhya Pradesh,Whole Life,31300,626000,15,Half-Yearly,Lapsed,Not Claimed,0,AG1209,2018-07-07,46-55,2018,2018-07
LIC103690,30,Female,Kanpur,Uttar Pradesh,Whole Life,27200,347000,12,Monthly,Matured,Claimed,312000,AG1223,2022-08-14,26-35,2022,2022-08
LIC103691,54,Male,Bengaluru,Karnataka,Whole Life,21800,232000,5,Quarterly,Active,Not Claimed,0,AG1096,2026-07-16,46-55,2026,2026-07
LIC103692,30,Male,Coimbatore,Tamil Nadu,Endowment,51000,1059000,12,Monthly,Active,Not Claimed,0,AG1120,2026-03-01,26-35,2026,2026-03
LIC103693,43,Female,Bhopal,Madhya Pradesh,Endowment,37700,451000,15,Yearly,Active,Not Claimed,0,AG1036,2022-10-10,36-45,2022,2022-10
LIC103694,37,Male,Kanpur,Uttar Pradesh,Term,19200,233000,10,Quarterly,Active,Not Claimed,0,AG1034,2024-04-09,36-45,2024,2024-04
LIC103695,28,Male,Patna,Bihar,Whole Life,27500,521000,15,Yearly,Active,Not Claimed,0,AG1289,2018-06-29,26-35,2018,2018-06
LIC103696,49,Female,Lucknow,Uttar Pradesh,Money Back,37100,794000,15,Yearly,Active,Not Claimed,0,AG1055,2022-11-08,46-55,2022,2022-11
LIC103697,32,Male,Varanasi,Uttar Pradesh,Whole Life,29000,519000,5,Yearly,Active,Not Claimed,0,AG1023,2018-01-08,26-35,2018,2018-01
LIC103698,20,Male,Chennai,Tamil Nadu,Endowment,41500,956000,20,Quarterly,Matured,Not Claimed,0,AG1253,2023-11-20,18-25,2023,2023-11
LIC103699,18,Male,Bhopal,Madhya Pradesh,Endowment,58400,677000,20,Monthly,Active,Not Claimed,0,AG1044,2018-06-09,18-25,2018,2018-06
LIC103700,29,Male,Delhi,Delhi,Endowment,64300,790000,25,Single Premium,Matured,Claimed,636000,AG1100,2024-11-22,26-35,2024,2024-11
LIC103701,54,Male,Coimbatore,Tamil Nadu,Term,26500,499000,15,Yearly,Matured,Not Claimed,0,AG1028,2022-08-08,46-55,2022,2022-08
LIC103702,53,Male,Kolkata,West Bengal,Endowment,72900,1611000,30,Yearly,Active,Not Claimed,0,AG1064,2018-01-05,46-55,2018,2018-01
LIC103703,31,Female,Ahmedabad,Gujarat,ULIP,66000,1133000,25,Monthly,Active,Not Claimed,0,AG1299,2025-11-27,26-35,2025,2025-11
LIC103704,35,Female,Hyderabad,Telangana,Pension,55100,451000,15,Quarterly,Lapsed,Not Claimed,0,AG1171,2019-01-16,26-35,2019,2019-01
LIC103705,34,Male,Nagpur,Maharashtra,Money Back,54100,1055000,15,Yearly,Active,Not Claimed,0,AG1141,2020-08-03,26-35,2020,2020-08
LIC103706,24,Female,Bengaluru,Karnataka,Money Back,25000,546000,5,Monthly,Active,Not Claimed,0,AG1072,2025-04-07,18-25,2025,2025-04
LIC103707,29,Female,Kochi,Kerala,Term,14900,189000,20,Half-Yearly,Active,Not Claimed,0,AG1043,2023-06-26,26-35,2023,2023-06
LIC103708,50,Male,Kanpur,Uttar Pradesh,Pension,45000,401000,15,Quarterly,Active,Not Claimed,0,AG1240,2020-06-26,46-55,2020,2020-06
LIC103709,45,Male,Coimbatore,Tamil Nadu,Term,18500,311000,25,Monthly,Active,Not Claimed,0,AG1269,2020-08-30,36-45,2020,2020-08
LIC103710,42,Male,Coimbatore,Tamil Nadu,Pension,63000,549000,20,Monthly,Active,Not Claimed,0,AG1219,2023-02-03,36-45,2023,2023-02
LIC103711,24,Female,Kochi,Kerala,Money Back,26300,396000,30,Quarterly,Active,Not Claimed,0,AG1139,2026-03-22,18-25,2026,2026-03
LIC103712,40,Male,Varanasi,Uttar Pradesh,Endowment,51300,426000,25,Monthly,Active,Not Claimed,0,AG1200,2025-05-21,36-45,2025,2025-05
LIC103713,18,Female,Kanpur,Uttar Pradesh,Pension,40700,481000,30,Half-Yearly,Surrendered,Not Claimed,0,AG1154,2018-10-31,18-25,2018,2018-10
LIC103714,48,Male,Ahmedabad,Gujarat,Term,18900,276000,12,Monthly,Active,Not Claimed,0,AG1214,2021-03-25,46-55,2021,2021-03
LIC103715,42,Male,Mumbai,Maharashtra,Money Back,41300,409000,10,Quarterly,Matured,Not Claimed,0,AG1050,2025-09-21,36-45,2025,2025-09
LIC103716,24,Male,Chandigarh,Chandigarh,Money Back,57600,573000,20,Yearly,Lapsed,Not Claimed,0,AG1049,2026-04-24,18-25,2026,2026-04
LIC103717,57,Male,Bhopal,Madhya Pradesh,Endowment,43500,960000,20,Half-Yearly,Active,Not Claimed,0,AG1244,2018-09-29,56-65,2018,2018-09
LIC103718,19,Female,Patna,Bihar,Endowment,41100,358000,10,Quarterly,Active,Not Claimed,0,AG1269,2018-05-03,18-25,2018,2018-05
LIC103719,45,Female,Kolkata,West Bengal,Whole Life,24800,489000,20,Yearly,Active,Not Claimed,0,AG1263,2019-05-26,36-45,2019,2019-05
LIC103720,45,Male,Bhopal,Madhya Pradesh,ULIP,47600,1040000,20,Yearly,Lapsed,Not Claimed,0,AG1244,2024-05-15,36-45,2024,2024-05
LIC103721,25,Female,Chandigarh,Chandigarh,Term,13300,136000,10,Monthly,Matured,Claimed,119000,AG1171,2025-12-18,18-25,2025,2025-12
LIC103722,39,Female,Pune,Maharashtra,Pension,53900,610000,15,Quarterly,Active,Not Claimed,0,AG1042,2022-04-06,36-45,2022,2022-04
LIC103723,21,Male,Mumbai,Maharashtra,Term,20300,384000,25,Half-Yearly,Active,Not Claimed,0,AG1013,2026-01-24,18-25,2026,2026-01
LIC103724,18,Female,Kolkata,West Bengal,Endowment,50900,680000,15,Quarterly,Lapsed,Not Claimed,0,AG1268,2025-10-09,18-25,2025,2025-10
LIC103725,27,Male,Nagpur,Maharashtra,Endowment,34000,547000,20,Yearly,Active,Not Claimed,0,AG1204,2019-12-21,26-35,2019,2019-12
LIC103726,32,Male,Kolkata,West Bengal,Term,20800,462000,5,Single Premium,Active,Not Claimed,0,AG1294,2020-06-25,26-35,2020,2020-06
LIC103727,46,Male,Mumbai,Maharashtra,Term,21000,217000,20,Single Premium,Lapsed,Not Claimed,0,AG1259,2022-07-12,46-55,2022,2022-07
LIC103728,40,Female,Kochi,Kerala,Micro Insurance,6300,117000,30,Quarterly,Active,Not Claimed,0,AG1200,2023-12-11,36-45,2023,2023-12
LIC103729,40,Male,Kanpur,Uttar Pradesh,Endowment,31400,754000,15,Monthly,Active,Not Claimed,0,AG1159,2022-10-03,36-45,2022,2022-10
LIC103730,28,Female,Jaipur,Rajasthan,Term,18800,169000,15,Single Premium,Matured,Not Claimed,0,AG1200,2023-02-17,26-35,2023,2023-02
LIC103731,33,Female,Coimbatore,Tamil Nadu,Term,19000,171000,20,Quarterly,Active,Not Claimed,0,AG1293,2019-02-01,26-35,2019,2019-02
LIC103732,29,Male,Kolkata,West Bengal,Whole Life,30900,539000,25,Monthly,Active,Not Claimed,0,AG1280,2024-06-06,26-35,2024,2024-06
LIC103733,26,Male,Delhi,Delhi,Pension,53700,1306000,10,Yearly,Active,Not Claimed,0,AG1092,2023-02-07,26-35,2023,2023-02
LIC103734,32,Male,Surat,Gujarat,Endowment,51000,599000,15,Quarterly,Active,Not Claimed,0,AG1068,2019-08-26,26-35,2019,2019-08
LIC103735,40,Male,Hyderabad,Telangana,Term,14000,191000,10,Quarterly,Lapsed,Not Claimed,0,AG1064,2025-03-25,36-45,2025,2025-03
LIC103736,33,Male,Chennai,Tamil Nadu,Endowment,39500,382000,15,Yearly,Active,Not Claimed,0,AG1144,2018-08-04,26-35,2018,2018-08
LIC103737,35,Male,Mumbai,Maharashtra,Term,20800,294000,15,Monthly,Active,Not Claimed,0,AG1274,2018-01-01,26-35,2018,2018-01
LIC103738,47,Male,Indore,Madhya Pradesh,Term,19100,167000,30,Monthly,Active,Not Claimed,0,AG1068,2021-06-27,46-55,2021,2021-06
LIC103739,33,Male,Varanasi,Uttar Pradesh,Endowment,54900,802000,15,Quarterly,Active,Not Claimed,0,AG1235,2021-04-09,26-35,2021,2021-04
LIC103740,24,Male,Hyderabad,Telangana,Endowment,43100,752000,15,Half-Yearly,Active,Not Claimed,0,AG1123,2026-04-29,18-25,2026,2026-04
LIC103741,45,Male,Surat,Gujarat,Money Back,23300,573000,25,Monthly,Active,Not Claimed,0,AG1053,2023-12-22,36-45,2023,2023-12
LIC103742,42,Female,Nagpur,Maharashtra,Endowment,57600,1262000,12,,Active,Not Claimed,0,AG1027,2021-01-04,36-45,2021,2021-01
LIC103743,43,Female,Coimbatore,Tamil Nadu,Pension,50900,1119000,20,Half-Yearly,Active,Not Claimed,0,AG1036,2025-04-25,36-45,2025,2025-04
LIC103744,46,Male,Varanasi,Uttar Pradesh,Pension,33100,393000,20,Yearly,Active,Not Claimed,0,AG1100,2020-02-01,46-55,2020,2020-02
LIC103745,44,Male,Kochi,Kerala,Money Back,37200,353000,15,Monthly,Matured,Not Claimed,0,AG1141,2018-09-24,36-45,2018,2018-09
LIC103746,39,Male,Lucknow,Uttar Pradesh,Endowment,30900,564000,10,Yearly,Active,Not Claimed,0,AG1176,2024-11-18,36-45,2024,2024-11
LIC103747,65,Male,Jaipur,Rajasthan,Endowment,70500,1189000,15,Monthly,Active,Not Claimed,0,AG1188,2018-04-06,56-65,2018,2018-04
LIC103748,25,Male,Ahmedabad,Gujarat,Endowment,41600,698000,15,Yearly,Active,Not Claimed,0,AG1206,2025-09-01,18-25,2025,2025-09
LIC103749,33,Male,Lucknow,Uttar Pradesh,ULIP,40100,395000,12,Quarterly,Lapsed,Not Claimed,0,AG1106,2024-05-12,26-35,2024,2024-05
LIC103750,50,Female,Chandigarh,Chandigarh,Money Back,53300,874000,30,Monthly,Active,Not Claimed,0,AG1101,2025-10-07,46-55,2025,2025-10
LIC103751,41,Male,Delhi,Delhi,Pension,58500,618000,15,Yearly,Matured,Not Claimed,0,AG1111,2025-10-22,36-45,2025,2025-10
LIC103752,47,Female,Pune,Maharashtra,Pension,51400,780000,25,Monthly,Active,Not Claimed,0,AG1179,2022-04-23,46-55,2022,2022-04
LIC103753,41,Male,Kolkata,West Bengal,Endowment,31800,288000,10,Monthly,Lapsed,Not Claimed,0,AG1014,2018-11-08,36-45,2018,2018-11
LIC103754,54,Male,Jaipur,Rajasthan,Money Back,34900,788000,25,Quarterly,Active,Not Claimed,0,AG1251,2021-10-02,46-55,2021,2021-10
LIC103755,28,Male,Kolkata,West Bengal,Term,14200,117000,20,Yearly,Lapsed,Not Claimed,0,AG1171,2023-07-24,26-35,2023,2023-07
LIC103756,54,Male,Kochi,Kerala,Endowment,63600,1524000,20,Monthly,Lapsed,Not Claimed,0,AG1259,2018-09-24,46-55,2018,2018-09
LIC103757,52,Male,Varanasi,Uttar Pradesh,Endowment,31600,716000,15,Monthly,Active,Not Claimed,0,AG1153,2024-05-10,46-55,2024,2024-05
LIC103758,26,Male,Jaipur,Rajasthan,Endowment,41400,861000,15,Monthly,Active,Not Claimed,0,AG1034,2021-01-26,26-35,2021,2021-01
LIC103759,46,Male,Chandigarh,Chandigarh,Pension,50700,1252000,20,Half-Yearly,Active,Not Claimed,0,AG1198,2025-02-17,46-55,2025,2025-02
LIC103760,39,Male,Chandigarh,Chandigarh,Term,25200,225000,20,Quarterly,Active,Not Claimed,0,AG1232,2025-06-06,36-45,2025,2025-06
LIC103761,32,Male,Bhopal,Madhya Pradesh,Money Back,38400,726000,25,Monthly,Lapsed,Not Claimed,0,AG1193,2026-01-20,26-35,2026,2026-01
LIC103762,18,Female,Hyderabad,Telangana,Whole Life,34900,783000,10,Monthly,Active,Not Claimed,0,AG1188,2021-08-31,18-25,2021,2021-08
LIC103763,28,Male,Bengaluru,Karnataka,Whole Life,25900,263000,25,Quarterly,Active,Not Claimed,0,AG1238,2019-07-09,26-35,2019,2019-07
LIC103764,47,Male,Lucknow,Uttar Pradesh,Endowment,34000,610000,25,Yearly,Active,Not Claimed,0,AG1209,2021-01-22,46-55,2021,2021-01
LIC103765,48,Male,Delhi,Delhi,Pension,50700,745000,20,Yearly,Active,Not Claimed,0,AG1205,2023-03-10,46-55,2023,2023-03
LIC103766,37,Female,Bengaluru,Karnataka,Money Back,45800,706000,10,Yearly,Surrendered,Not Claimed,0,AG1105,2024-04-22,36-45,2024,2024-04
LIC103767,48,Male,Kanpur,Uttar Pradesh,Endowment,60300,1418000,20,Monthly,Matured,Not Claimed,0,AG1291,2026-03-25,46-55,2026,2026-03
LIC103768,49,Male,Delhi,Delhi,Term,18600,319000,15,Single Premium,Active,Not Claimed,0,AG1242,2025-09-02,46-55,2025,2025-09
LIC103769,41,Male,Lucknow,Uttar Pradesh,Money Back,30300,290000,20,Quarterly,Lapsed,Not Claimed,0,AG1097,2020-11-06,36-45,2020,2020-11
LIC103770,31,Male,Pune,Maharashtra,Pension,35700,854000,20,Single Premium,Matured,Claimed,801000,AG1289,2022-07-11,26-35,2022,2022-07
LIC103771,44,Male,Patna,Bihar,Whole Life,32000,357000,10,Monthly,Active,Not Claimed,0,AG1115,2019-07-12,36-45,2019,2019-07
LIC103772,44,Female,Hyderabad,Telangana,Pension,55300,1282000,20,Half-Yearly,Lapsed,Not Claimed,0,AG1039,2019-11-12,36-45,2019,2019-11
LIC103773,46,Female,Surat,Gujarat,Money Back,61600,1510000,15,Quarterly,Active,Not Claimed,0,AG1110,2021-03-10,46-55,2021,2021-03
LIC103774,49,Male,Pune,Maharashtra,Term,21800,500000,30,Quarterly,Active,Not Claimed,0,AG1192,2024-09-03,46-55,2024,2024-09
LIC103775,24,Male,Varanasi,Uttar Pradesh,Term,21400,418000,12,Yearly,Active,Not Claimed,0,AG1166,2025-08-05,18-25,2025,2025-08
LIC103776,33,Male,Jaipur,Rajasthan,Endowment,33800,698000,10,Yearly,Active,Not Claimed,0,AG1294,2020-01-07,26-35,2020,2020-01
LIC103777,18,Male,Varanasi,Uttar Pradesh,Whole Life,30400,605000,25,Single Premium,Active,Not Claimed,0,AG1073,2026-01-26,18-25,2026,2026-01
LIC103778,47,Female,Bhopal,Madhya Pradesh,ULIP,61900,980000,10,Half-Yearly,Active,Not Claimed,0,AG1112,2023-09-27,46-55,2023,2023-09
LIC103779,37,Male,Coimbatore,Tamil Nadu,Endowment,41300,523000,20,Half-Yearly,Active,Not Claimed,0,AG1065,2025-04-12,36-45,2025,2025-04
LIC103780,44,Male,Varanasi,Uttar Pradesh,Money Back,39600,509000,12,Monthly,Active,Not Claimed,0,AG1298,2025-10-13,36-45,2025,2025-10
LIC103781,23,Male,Bengaluru,Karnataka,Endowment,43500,889000,15,Single Premium,Lapsed,Not Claimed,0,AG1102,2025-03-02,18-25,2025,2025-03
LIC103782,54,Female,Surat,Gujarat,Endowment,59000,1100000,20,Half-Yearly,Active,Not Claimed,0,AG1055,2024-04-19,46-55,2024,2024-04
LIC103783,26,Male,Delhi,Delhi,Endowment,58300,1046000,15,Yearly,Active,Not Claimed,0,AG1194,2022-09-23,26-35,2022,2022-09
LIC103784,48,Male,Delhi,Delhi,Term,11000,210000,30,Quarterly,Active,Not Claimed,0,AG1074,2019-05-28,46-55,2019,2019-05
LIC103785,40,Male,Bengaluru,Karnataka,Term,26100,553000,10,Half-Yearly,Active,Not Claimed,0,AG1292,2025-08-26,36-45,2025,2025-08
LIC103786,37,Male,Pune,Maharashtra,Term,11400,236000,15,Single Premium,Active,Not Claimed,0,AG1184,2020-03-06,36-45,2020,2020-03
LIC103787,36,Female,Surat,Gujarat,Term,19900,195000,15,Monthly,Active,Not Claimed,0,AG1042,2025-10-15,36-45,2025,2025-10
LIC103788,32,Male,Lucknow,Uttar Pradesh,Term,34800,493000,20,Quarterly,Active,Not Claimed,0,AG1099,2020-05-13,26-35,2020,2020-05
LIC103789,53,Male,Jaipur,Rajasthan,Whole Life,36000,450000,15,Monthly,Active,Not Claimed,0,AG1128,2018-06-05,46-55,2018,2018-06
LIC103790,39,Male,Mumbai,Maharashtra,Endowment,46300,794000,10,Yearly,Active,Not Claimed,0,AG1013,2022-06-15,36-45,2022,2022-06
LIC103791,25,Female,Kanpur,Uttar Pradesh,Micro Insurance,5500,100000,30,Monthly,Active,Not Claimed,0,AG1099,2023-06-17,18-25,2023,2023-06
LIC103792,35,Male,Pune,Maharashtra,Term,21700,455000,15,Monthly,Lapsed,Not Claimed,0,AG1140,2018-11-20,26-35,2018,2018-11
LIC103793,40,Male,Jaipur,Rajasthan,Endowment,49300,484000,15,Quarterly,Active,Not Claimed,0,AG1204,2022-11-24,36-45,2022,2022-11
LIC103794,49,Male,Chennai,Tamil Nadu,Endowment,40600,512000,15,Half-Yearly,Lapsed,Not Claimed,0,AG1140,2022-11-14,46-55,2022,2022-11
LIC103795,32,Male,Delhi,Delhi,Term,17400,371000,10,Quarterly,Active,Not Claimed,0,AG1220,2020-11-30,26-35,2020,2020-11
LIC103796,33,Female,Chennai,Tamil Nadu,Pension,35100,312000,10,Monthly,Active,Not Claimed,0,AG1233,2018-12-28,26-35,2018,2018-12
LIC103797,39,Female,Mumbai,Maharashtra,Term,18200,350000,10,Single Premium,Active,Not Claimed,0,AG1300,2024-08-16,36-45,2024,2024-08
LIC103798,49,Male,Coimbatore,Tamil Nadu,Pension,49900,1183000,10,Single Premium,Active,Not Claimed,0,AG1132,2026-03-18,46-55,2026,2026-03
LIC103799,24,Male,Lucknow,Uttar Pradesh,Pension,49900,923000,10,Quarterly,Active,Not Claimed,0,AG1159,2021-12-10,18-25,2021,2021-12
LIC103800,45,Female,Surat,Gujarat,Money Back,33100,666000,15,Yearly,Active,Not Claimed,0,AG1123,2025-05-06,36-45,2025,2025-05
LIC103801,34,Male,Coimbatore,Tamil Nadu,Money Back,33900,728000,20,Half-Yearly,Active,Not Claimed,0,AG1243,2025-07-19,26-35,2025,2025-07
LIC103802,35,Male,Kanpur,Uttar Pradesh,Whole Life,30100,355000,20,Monthly,Active,Not Claimed,0,AG1234,2020-01-22,26-35,2020,2020-01
LIC103803,61,Male,Chennai,Tamil Nadu,Endowment,56300,1006000,5,Quarterly,Active,Not Claimed,0,AG1090,2021-08-29,56-65,2021,2021-08
LIC103804,37,Male,Delhi,Delhi,Whole Life,33200,440000,25,Half-Yearly,Active,Not Claimed,0,AG1247,2021-07-25,36-45,2021,2021-07
LIC103805,47,Male,Indore,Madhya Pradesh,Term,19600,240000,25,Quarterly,Surrendered,Not Claimed,0,AG1148,2018-11-18,46-55,2018,2018-11
LIC103806,47,Female,Mumbai,Maharashtra,Term,16500,186000,30,Quarterly,Active,Not Claimed,0,AG1243,2023-05-15,46-55,2023,2023-05
LIC103807,26,Female,Chandigarh,Chandigarh,Money Back,36800,661000,15,Yearly,Active,Claimed,309000,AG1048,2019-07-09,26-35,2019,2019-07
LIC103808,19,Male,Indore,Madhya Pradesh,Money Back,34200,736000,20,Half-Yearly,Active,Not Claimed,0,AG1223,2026-07-03,18-25,2026,2026-07
LIC103809,48,Male,Chennai,Tamil Nadu,Pension,73900,1692000,10,Yearly,Matured,Claimed,877000,AG1136,2018-04-24,46-55,2018,2018-04
LIC103810,27,Male,Hyderabad,Telangana,Term,24800,379000,20,Monthly,Surrendered,Not Claimed,0,AG1201,2018-01-02,26-35,2018,2018-01
LIC103811,21,Male,Chandigarh,Chandigarh,Pension,32700,469000,10,Half-Yearly,Lapsed,Not Claimed,0,AG1239,2020-01-20,18-25,2020,2020-01
LIC103812,50,Male,Jaipur,Rajasthan,Endowment,58900,1159000,12,Quarterly,Active,Not Claimed,0,AG1060,2025-09-07,46-55,2025,2025-09
LIC103813,28,Male,Chennai,Tamil Nadu,Endowment,52800,1123000,15,Half-Yearly,Active,Not Claimed,0,AG1280,2026-07-05,26-35,2026,2026-07
LIC103814,31,Female,Coimbatore,Tamil Nadu,Endowment,28800,354000,20,Yearly,Active,Not Claimed,0,AG1017,2026-06-07,26-35,2026,2026-06
LIC103815,61,Female,Mumbai,Maharashtra,Endowment,64800,846000,15,Yearly,Active,Not Claimed,0,AG1167,2021-03-30,56-65,2021,2021-03
LIC103816,21,Male,Lucknow,Uttar Pradesh,Term,23100,394000,10,Quarterly,Lapsed,Not Claimed,0,AG1055,2025-10-19,18-25,2025,2025-10
LIC103817,25,Male,Chennai,Tamil Nadu,Money Back,27600,429000,15,Yearly,Active,Not Claimed,0,AG1077,2022-05-19,18-25,2022,2022-05
LIC103818,34,Male,Jaipur,Rajasthan,ULIP,48700,974000,25,Single Premium,Active,Not Claimed,0,AG1031,2019-07-27,26-35,2019,2019-07
LIC103819,36,Female,Indore,Madhya Pradesh,Money Back,38400,637000,25,Half-Yearly,Active,Claimed,514000,AG1101,2018-03-24,36-45,2018,2018-03
LIC103820,29,Male,Nagpur,Maharashtra,Money Back,42200,418000,20,Monthly,Lapsed,Not Claimed,0,AG1028,2020-10-30,26-35,2020,2020-10
LIC103821,26,Male,Lucknow,Uttar Pradesh,Pension,36400,394000,20,Yearly,Active,Not Claimed,0,AG1032,2019-03-10,26-35,2019,2019-03
LIC103822,56,Male,Pune,Maharashtra,Whole Life,51900,1211000,10,Monthly,Active,Not Claimed,0,AG1263,2019-09-10,56-65,2019,2019-09
LIC103823,42,Female,Kanpur,Uttar Pradesh,Money Back,22100,262000,10,Yearly,Active,Claimed,111000,AG1206,2021-05-30,36-45,2021,2021-05
LIC103824,45,Female,Pune,Maharashtra,Endowment,68100,603000,12,Half-Yearly,Active,Not Claimed,0,AG1270,2020-02-29,36-45,2020,2020-02
LIC103825,37,Male,Chandigarh,Chandigarh,Pension,57300,1171000,15,Quarterly,Active,Not Claimed,0,AG1073,2025-12-27,36-45,2025,2025-12
LIC103826,42,Female,Lucknow,Uttar Pradesh,Money Back,32800,644000,20,Monthly,Active,Not Claimed,0,AG1070,2018-11-17,36-45,2018,2018-11
LIC103827,49,Male,Kochi,Kerala,Endowment,62500,1138000,15,Quarterly,Active,Not Claimed,0,AG1179,2020-03-08,46-55,2020,2020-03
LIC103828,28,Male,Kochi,Kerala,Endowment,31300,518000,10,Yearly,Matured,Not Claimed,0,AG1207,2022-11-14,26-35,2022,2022-11
LIC103829,42,Female,Bengaluru,Karnataka,ULIP,58200,1425000,15,Monthly,Surrendered,Not Claimed,0,AG1030,2026-01-05,36-45,2026,2026-01
LIC103830,47,Female,Varanasi,Uttar Pradesh,Term,22000,221000,10,Half-Yearly,Active,Not Claimed,0,AG1144,2021-07-29,46-55,2021,2021-07
LIC103831,56,Male,Surat,Gujarat,Micro Insurance,8000,133000,20,Single Premium,Lapsed,Not Claimed,0,AG1159,2021-02-17,56-65,2021,2021-02
LIC103832,60,Male,Surat,Gujarat,Term,18500,325000,10,Quarterly,Active,Not Claimed,0,AG1246,2023-10-12,56-65,2023,2023-10
LIC103833,40,Female,Chennai,Tamil Nadu,ULIP,48000,402000,15,Quarterly,Matured,Not Claimed,0,AG1268,2022-04-16,36-45,2022,2022-04
LIC103834,52,Female,Jaipur,Rajasthan,Endowment,52400,786000,20,Half-Yearly,Lapsed,Not Claimed,0,AG1213,2022-11-02,46-55,2022,2022-11
LIC103835,18,Female,Coimbatore,Tamil Nadu,Money Back,29400,626000,10,Half-Yearly,Active,Not Claimed,0,AG1259,2019-10-14,18-25,2019,2019-10
LIC103836,56,Male,Chandigarh,Chandigarh,Pension,64800,1037000,10,Monthly,Active,Not Claimed,0,AG1067,2021-07-20,56-65,2021,2021-07
LIC103837,31,Female,Patna,Bihar,Endowment,35400,810000,15,Monthly,Active,Not Claimed,0,AG1260,2025-05-29,26-35,2025,2025-05
LIC103838,36,Other,Jaipur,Rajasthan,Money Back,48200,914000,10,Half-Yearly,Lapsed,Not Claimed,0,AG1276,2025-07-16,36-45,2025,2025-07
LIC103839,44,Male,Lucknow,Uttar Pradesh,Term,30900,650000,20,Single Premium,Active,Not Claimed,0,AG1250,2019-01-04,36-45,2019,2019-01
LIC103840,37,Female,Kochi,Kerala,Term,17000,368000,20,Monthly,Active,Not Claimed,0,AG1045,2019-04-17,36-45,2019,2019-04
LIC103841,41,Male,Varanasi,Uttar Pradesh,Endowment,58300,1150000,12,Monthly,Active,Not Claimed,0,AG1287,2020-01-26,36-45,2020,2020-01
LIC103842,56,Male,Indore,Madhya Pradesh,Whole Life,35400,734000,15,Quarterly,Surrendered,Not Claimed,0,AG1028,2021-08-11,56-65,2021,2021-08
LIC103843,35,Male,Ahmedabad,Gujarat,Term,13800,274000,25,Yearly,Matured,Not Claimed,0,AG1229,2021-01-02,26-35,2021,2021-01
LIC103844,27,Male,Hyderabad,Telangana,Term,16000,278000,15,Quarterly,Active,Not Claimed,0,AG1238,2020-05-28,26-35,2020,2020-05
LIC103845,59,Male,Chandigarh,Chandigarh,Endowment,55400,977000,30,Yearly,Active,Not Claimed,0,AG1186,2020-07-17,56-65,2020,2020-07
LIC103846,45,Female,Surat,Gujarat,Whole Life,20400,229000,10,Monthly,Lapsed,Not Claimed,0,AG1118,2020-09-10,36-45,2020,2020-09
LIC103847,60,Male,Varanasi,Uttar Pradesh,Whole Life,46500,1026000,20,Single Premium,Matured,Claimed,429000,AG1273,2019-10-10,56-65,2019,2019-10
LIC103848,48,Male,Surat,Gujarat,Term,21300,283000,20,Half-Yearly,Active,Claimed,164000,AG1126,2025-04-04,46-55,2025,2025-04
LIC103849,24,Female,Mumbai,Maharashtra,Term,23800,407000,25,Yearly,Active,Not Claimed,0,AG1132,2022-05-31,18-25,2022,2022-05
LIC103850,46,Male,Nagpur,Maharashtra,Pension,64400,788000,10,Quarterly,Active,Not Claimed,0,AG1161,2025-02-07,46-55,2025,2025-02
LIC103851,28,Male,Kolkata,West Bengal,Endowment,43400,861000,12,Yearly,Active,Not Claimed,0,AG1190,2018-07-26,26-35,2018,2018-07
LIC103852,39,Male,Patna,Bihar,Pension,45500,1118000,10,Monthly,Active,Not Claimed,0,AG1081,2020-02-28,36-45,2020,2020-02
LIC103853,38,Male,Kanpur,Uttar Pradesh,Pension,76200,1648000,25,Monthly,Active,Not Claimed,0,AG1200,2018-05-04,36-45,2018,2018-05
LIC103854,21,Male,Delhi,Delhi,ULIP,95500,1769000,15,Quarterly,Active,Claimed,635000,AG1084,2022-10-24,18-25,2022,2022-10
LIC103855,30,Female,Ahmedabad,Gujarat,Term,16400,289000,25,Yearly,Active,Not Claimed,0,AG1042,2023-04-09,26-35,2023,2023-04
LIC103856,63,Male,Patna,Bihar,Pension,85900,1402000,12,Yearly,Active,Not Claimed,0,AG1166,2018-09-30,56-65,2018,2018-09
LIC103857,42,Female,Kochi,Kerala,ULIP,46200,531000,10,Half-Yearly,Active,Not Claimed,0,AG1048,2019-04-19,36-45,2019,2019-04
LIC103858,37,Male,Bengaluru,Karnataka,Money Back,31300,436000,12,Half-Yearly,Matured,Claimed,142000,AG1042,2018-12-20,36-45,2018,2018-12
LIC103859,59,Male,Mumbai,Maharashtra,Endowment,48600,725000,20,Monthly,Matured,Not Claimed,0,AG1185,2023-11-15,56-65,2023,2023-11
LIC103860,35,Male,Patna,Bihar,Endowment,50900,1225000,25,Yearly,Active,Not Claimed,0,AG1232,2023-10-31,26-35,2023,2023-10
LIC103861,38,Female,Kanpur,Uttar Pradesh,Term,13800,210000,15,Yearly,Matured,Not Claimed,0,AG1179,2019-06-21,36-45,2019,2019-06
LIC103862,50,Male,Kochi,Kerala,Money Back,65600,1179000,25,Yearly,Active,Not Claimed,0,AG1137,2020-12-20,46-55,2020,2020-12
LIC103863,35,Male,Kanpur,Uttar Pradesh,Money Back,46800,1108000,12,Half-Yearly,Lapsed,Not Claimed,0,AG1212,2021-01-22,26-35,2021,2021-01
LIC103864,31,Male,Lucknow,Uttar Pradesh,Endowment,50500,849000,20,Single Premium,Active,Not Claimed,0,AG1008,2026-04-16,26-35,2026,2026-04
LIC103865,18,Male,Kochi,Kerala,Money Back,33200,408000,20,Yearly,Active,Not Claimed,0,AG1233,2024-08-09,18-25,2024,2024-08
LIC103866,29,Male,Pune,Maharashtra,Endowment,53000,767000,12,Yearly,Active,Not Claimed,0,AG1110,2020-08-19,26-35,2020,2020-08
LIC103867,29,Female,Coimbatore,Tamil Nadu,Whole Life,13300,191000,5,Quarterly,Active,Not Claimed,0,AG1070,2020-01-28,26-35,2020,2020-01
LIC103868,41,Male,Chennai,Tamil Nadu,Pension,58200,1173000,15,Half-Yearly,Active,Not Claimed,0,AG1111,2026-01-15,36-45,2026,2026-01
LIC103869,32,Female,Indore,Madhya Pradesh,Term,18800,245000,5,Half-Yearly,Active,Not Claimed,0,AG1261,2022-11-24,26-35,2022,2022-11
LIC103870,63,Male,Nagpur,Maharashtra,Endowment,33100,676000,25,Quarterly,Active,Not Claimed,0,AG1072,2021-08-12,56-65,2021,2021-08
LIC103871,27,Male,Bengaluru,Karnataka,Term,20200,467000,30,Quarterly,Matured,Not Claimed,0,AG1064,2019-11-13,26-35,2019,2019-11
LIC103872,54,Male,Lucknow,Uttar Pradesh,Whole Life,43500,597000,20,Quarterly,Active,Not Claimed,0,AG1180,2020-05-01,46-55,2020,2020-05
LIC103873,41,Male,Pune,Maharashtra,ULIP,33200,342000,20,Half-Yearly,Active,Not Claimed,0,AG1291,2023-06-18,36-45,2023,2023-06
LIC103874,48,Female,Mumbai,Maharashtra,Pension,39800,750000,12,Quarterly,Active,Not Claimed,0,AG1060,2020-01-20,46-55,2020,2020-01
LIC103875,47,Male,Nagpur,Maharashtra,Endowment,85600,1210000,10,Quarterly,Lapsed,Not Claimed,0,AG1089,2018-06-19,46-55,2018,2018-06
LIC103876,18,Male,Ahmedabad,Gujarat,Pension,45600,779000,20,Yearly,Active,Not Claimed,0,AG1039,2026-02-01,18-25,2026,2026-02
LIC103877,39,Female,Coimbatore,Tamil Nadu,Term,24800,466000,15,Half-Yearly,Active,Not Claimed,0,AG1134,2020-05-12,36-45,2020,2020-05
LIC103878,36,Male,Nagpur,Maharashtra,Whole Life,41600,621000,20,Monthly,Active,Not Claimed,0,AG1018,2024-06-04,36-45,2024,2024-06
LIC103879,27,Male,Lucknow,Uttar Pradesh,Term,20100,477000,20,Quarterly,Active,Not Claimed,0,AG1257,2019-12-09,26-35,2019,2019-12
LIC103880,44,Male,Chandigarh,Chandigarh,Pension,70700,1046000,15,Yearly,Active,Not Claimed,0,AG1221,2020-05-06,36-45,2020,2020-05
LIC103881,58,Female,Jaipur,Rajasthan,Money Back,25400,336000,10,Yearly,Active,Not Claimed,0,AG1273,2025-06-08,56-65,2025,2025-06
LIC103882,18,Female,Pune,Maharashtra,Whole Life,28100,648000,20,Quarterly,Active,Not Claimed,0,AG1247,2020-07-08,18-25,2020,2020-07
LIC103883,33,Female,Patna,Bihar,Pension,20300,209000,15,Single Premium,Active,Not Claimed,0,AG1058,2022-06-23,26-35,2022,2022-06
LIC103884,25,Male,Hyderabad,Telangana,Term,11000,111000,25,Monthly,Active,Not Claimed,0,AG1247,2025-10-27,18-25,2025,2025-10
LIC103885,40,Other,Chandigarh,Chandigarh,Term,16400,392000,15,Single Premium,Active,Not Claimed,0,AG1173,2021-09-02,36-45,2021,2021-09
LIC103886,35,Male,Mumbai,Maharashtra,Pension,39800,460000,10,Monthly,Active,Not Claimed,0,AG1123,2026-01-18,26-35,2026,2026-01
LIC103887,32,Male,Kolkata,West Bengal,Endowment,42500,447000,10,Monthly,Surrendered,Claimed,414000,AG1217,2022-08-02,26-35,2022,2022-08
LIC103888,47,Female,Jaipur,Rajasthan,Term,20500,351000,20,Quarterly,Active,Not Claimed,0,AG1124,2018-09-21,46-55,2018,2018-09
LIC103889,57,Male,Kochi,Kerala,Money Back,47200,415000,20,Quarterly,Lapsed,Not Claimed,0,AG1178,2019-04-25,56-65,2019,2019-04
LIC103890,68,Male,Delhi,Delhi,Money Back,52800,979000,15,Half-Yearly,Active,Not Claimed,0,AG1231,2020-08-17,66+,2020,2020-08
LIC103891,31,Male,Patna,Bihar,Term,19800,311000,15,Yearly,Active,Not Claimed,0,AG1137,2021-07-08,26-35,2021,2021-07
LIC103892,19,Male,Pune,Maharashtra,Endowment,32100,606000,15,Yearly,Lapsed,Not Claimed,0,AG1190,2022-04-19,18-25,2022,2022-04
LIC103893,45,Female,Ahmedabad,Gujarat,Term,16500,212000,12,Quarterly,Active,Not Claimed,0,AG1121,2025-01-12,36-45,2025,2025-01
LIC103894,57,Male,Chennai,Tamil Nadu,Endowment,52500,1228000,15,Quarterly,Active,Not Claimed,0,AG1287,2025-10-24,56-65,2025,2025-10
LIC103895,48,Male,Kochi,Kerala,Pension,55200,696000,12,Monthly,Active,Not Claimed,0,AG1061,2026-07-12,46-55,2026,2026-07
LIC103896,57,Male,Patna,Bihar,Micro Insurance,5600,105000,15,Monthly,Active,Not Claimed,0,AG1138,2021-01-24,56-65,2021,2021-01
LIC103897,37,Female,Kolkata,West Bengal,Whole Life,41600,1001000,15,Yearly,Lapsed,Not Claimed,0,AG1126,2021-11-18,36-45,2021,2021-11
LIC103898,32,Female,Surat,Gujarat,Term,22100,327000,10,Monthly,Active,Not Claimed,0,AG1192,2019-06-08,26-35,2019,2019-06
LIC103899,40,Male,Kochi,Kerala,Pension,40000,430000,15,Yearly,Active,Not Claimed,0,AG1192,2020-09-25,36-45,2020,2020-09
LIC103900,35,Female,Delhi,Delhi,Money Back,34000,312000,15,Half-Yearly,Active,Not Claimed,0,AG1214,2019-02-06,26-35,2019,2019-02
LIC103901,46,Female,Patna,Bihar,Term,35800,872000,12,Monthly,Surrendered,Claimed,731000,AG1193,2022-02-03,46-55,2022,2022-02
LIC103902,50,Male,Indore,Madhya Pradesh,Pension,59200,1242000,30,Half-Yearly,Lapsed,Not Claimed,0,AG1077,2025-05-23,46-55,2025,2025-05
LIC103903,51,Male,Chennai,Tamil Nadu,ULIP,69200,1635000,10,Monthly,Active,Not Claimed,0,AG1142,2024-05-19,46-55,2024,2024-05
LIC103904,45,Male,Hyderabad,Telangana,ULIP,49100,976000,20,Quarterly,Active,Not Claimed,0,AG1023,2019-06-17,36-45,2019,2019-06
LIC103905,42,Female,Patna,Bihar,Whole Life,29800,412000,10,Yearly,Lapsed,Not Claimed,0,AG1231,2026-01-22,36-45,2026,2026-01
LIC103906,48,Male,Chennai,Tamil Nadu,Endowment,74100,748000,25,Half-Yearly,Active,Not Claimed,0,AG1156,2024-05-05,46-55,2024,2024-05
LIC103907,18,Male,Surat,Gujarat,Endowment,43400,1033000,25,Monthly,Lapsed,Not Claimed,0,AG1093,2025-09-10,18-25,2025,2025-09
LIC103908,41,Male,Mumbai,Maharashtra,Whole Life,31500,514000,15,Yearly,Matured,Claimed,279000,AG1168,2026-08-15,36-45,2026,2026-08
LIC103909,40,Female,Bengaluru,Karnataka,Endowment,44600,657000,25,Monthly,Active,Not Claimed,0,AG1192,2023-01-30,36-45,2023,2023-01
LIC103910,41,Male,Nagpur,Maharashtra,Endowment,91800,1636000,12,Yearly,Active,Not Claimed,0,AG1097,2019-12-11,36-45,2019,2019-12
LIC103911,38,Female,Pune,Maharashtra,ULIP,54500,535000,10,Half-Yearly,Lapsed,Not Claimed,0,AG1130,2021-07-02,36-45,2021,2021-07
LIC103912,44,Female,Kochi,Kerala,ULIP,45700,606000,12,Quarterly,Active,Not Claimed,0,AG1225,2022-08-19,36-45,2022,2022-08
LIC103913,33,Male,Mumbai,Maharashtra,Money Back,30000,565000,15,Yearly,Active,Not Claimed,0,AG1216,2023-04-24,26-35,2023,2023-04
LIC103914,51,Male,Pune,Maharashtra,ULIP,77100,748000,15,Yearly,Active,Not Claimed,0,AG1012,2020-09-06,46-55,2020,2020-09
LIC103915,44,Male,Pune,Maharashtra,Pension,35700,368000,15,Monthly,Lapsed,Not Claimed,0,AG1291,2019-03-01,36-45,2019,2019-03
LIC103916,41,Female,Kanpur,Uttar Pradesh,Whole Life,36500,609000,15,Quarterly,Active,Not Claimed,0,AG1074,2020-10-24,36-45,2020,2020-10
LIC103917,31,Male,Kolkata,West Bengal,Endowment,34300,638000,20,Yearly,Active,Not Claimed,0,AG1111,2018-03-25,26-35,2018,2018-03
LIC103918,48,Male,Chandigarh,Chandigarh,Endowment,28900,323000,12,Monthly,Active,Not Claimed,0,AG1197,2024-03-11,46-55,2024,2024-03
LIC103919,41,Male,Lucknow,Uttar Pradesh,Endowment,34200,293000,5,Half-Yearly,Active,Not Claimed,0,AG1191,2020-03-02,36-45,2020,2020-03
LIC103920,31,Male,Kochi,Kerala,Term,18100,440000,15,Yearly,Active,Not Claimed,0,AG1064,2023-07-21,26-35,2023,2023-07
LIC103921,38,Female,Hyderabad,Telangana,Endowment,64300,544000,15,Half-Yearly,Active,Not Claimed,0,AG1274,2019-10-19,36-45,2019,2019-10
LIC103922,46,Female,Bengaluru,Karnataka,Endowment,61400,493000,10,Yearly,Lapsed,Not Claimed,0,AG1139,2026-01-27,46-55,2026,2026-01
LIC103923,45,Female,Indore,Madhya Pradesh,Money Back,37100,501000,10,Yearly,Matured,Not Claimed,0,AG1065,2018-02-26,36-45,2018,2018-02
LIC103924,44,Male,Surat,Gujarat,Pension,69800,822000,15,Yearly,Lapsed,Not Claimed,0,AG1151,2021-03-23,36-45,2021,2021-03
LIC103925,40,Male,Varanasi,Uttar Pradesh,Term,17300,307000,12,Yearly,Active,Not Claimed,0,AG1260,2022-06-24,36-45,2022,2022-06
LIC103926,50,Female,Coimbatore,Tamil Nadu,ULIP,40700,944000,25,Yearly,Active,Not Claimed,0,AG1263,2020-08-26,46-55,2020,2020-08
LIC103927,53,Male,Bengaluru,Karnataka,Whole Life,36700,594000,10,Quarterly,Active,Not Claimed,0,AG1169,2019-02-05,46-55,2019,2019-02
LIC103928,47,Female,Chennai,Tamil Nadu,Term,13500,285000,5,Half-Yearly,Active,Not Claimed,0,AG1177,2020-08-09,46-55,2020,2020-08
LIC103929,33,Male,Kolkata,West Bengal,Pension,59900,1405000,15,Yearly,Active,Not Claimed,0,AG1145,2023-06-07,26-35,2023,2023-06
LIC103930,27,Male,Mumbai,Maharashtra,Money Back,45100,506000,30,Yearly,Lapsed,Not Claimed,0,AG1075,2026-04-01,26-35,2026,2026-04
LIC103931,33,Female,Chennai,Tamil Nadu,Endowment,32800,535000,20,Quarterly,Active,Not Claimed,0,AG1055,2019-06-06,26-35,2019,2019-06
LIC103932,60,Female,Bhopal,Madhya Pradesh,ULIP,70400,1332000,15,Quarterly,Active,Not Claimed,0,AG1122,2023-05-24,56-65,2023,2023-05
LIC103933,42,Female,Lucknow,Uttar Pradesh,Endowment,47300,645000,5,Single Premium,Matured,Claimed,395000,AG1027,2022-07-18,36-45,2022,2022-07
LIC103934,62,Male,Varanasi,Uttar Pradesh,Whole Life,50700,1043000,15,Half-Yearly,Active,Not Claimed,0,AG1175,2023-05-29,56-65,2023,2023-05
LIC103935,38,Male,Indore,Madhya Pradesh,Term,13200,264000,10,Monthly,Matured,Not Claimed,0,AG1162,2024-05-06,36-45,2024,2024-05
LIC103936,36,Male,Nagpur,Maharashtra,Pension,57500,872000,20,Yearly,Surrendered,Claimed,397000,AG1136,2023-02-26,36-45,2023,2023-02
LIC103937,38,Male,Kolkata,West Bengal,Money Back,25800,245000,20,Single Premium,Active,Not Claimed,0,AG1023,2022-04-12,36-45,2022,2022-04
LIC103938,38,Female,Chennai,Tamil Nadu,Whole Life,38600,316000,12,Yearly,Active,Not Claimed,0,AG1026,2019-06-01,36-45,2019,2019-06
LIC103939,30,Male,Nagpur,Maharashtra,Endowment,56600,808000,10,Yearly,Lapsed,Not Claimed,0,AG1162,2025-12-04,26-35,2025,2025-12
LIC103940,26,Female,Lucknow,Uttar Pradesh,Whole Life,24900,234000,20,Monthly,Active,Not Claimed,0,AG1248,2024-09-25,26-35,2024,2024-09
LIC103941,45,Male,Chandigarh,Chandigarh,ULIP,81900,1743000,20,Yearly,Active,Not Claimed,0,AG1160,2021-09-27,36-45,2021,2021-09
LIC103942,51,Female,Lucknow,Uttar Pradesh,Money Back,27600,378000,25,Half-Yearly,Lapsed,Not Claimed,0,AG1006,2023-12-28,46-55,2023,2023-12
LIC103943,66,Male,Hyderabad,Telangana,Whole Life,56000,1082000,12,Yearly,Active,Not Claimed,0,AG1193,2020-09-28,66+,2020,2020-09
LIC103944,34,Male,Kanpur,Uttar Pradesh,Money Back,53900,749000,20,Quarterly,Active,Not Claimed,0,AG1178,2024-04-30,26-35,2024,2024-04
LIC103945,35,Female,Mumbai,Maharashtra,Pension,52900,1139000,10,Monthly,Active,Not Claimed,0,AG1196,2019-03-25,26-35,2019,2019-03
LIC103946,31,Male,Chandigarh,Chandigarh,Money Back,34100,788000,12,Half-Yearly,Lapsed,Not Claimed,0,AG1217,2026-07-29,26-35,2026,2026-07
LIC103947,51,Female,Jaipur,Rajasthan,Pension,62400,1388000,20,Quarterly,Active,Not Claimed,0,AG1264,2026-08-18,46-55,2026,2026-08
LIC103948,48,Female,Pune,Maharashtra,ULIP,50800,825000,25,Yearly,Active,Not Claimed,0,AG1040,2020-12-14,46-55,2020,2020-12
LIC103949,29,Female,Coimbatore,Tamil Nadu,Endowment,87600,826000,12,Single Premium,Active,Not Claimed,0,AG1161,2025-04-07,26-35,2025,2025-04
LIC103950,29,Male,Indore,Madhya Pradesh,Endowment,35600,510000,20,Yearly,Active,Not Claimed,0,AG1131,2024-10-10,26-35,2024,2024-10
LIC103951,49,Male,Bengaluru,Karnataka,Endowment,70900,1079000,20,Yearly,Lapsed,Not Claimed,0,AG1079,2019-06-06,46-55,2019,2019-06
LIC103952,43,Male,Hyderabad,Telangana,Pension,42700,1039000,15,Quarterly,Active,Claimed,584000,AG1155,2018-08-14,36-45,2018,2018-08
LIC103953,47,Male,Jaipur,Rajasthan,Endowment,75100,1323000,25,Yearly,Active,Not Claimed,0,AG1065,2023-12-04,46-55,2023,2023-12
LIC103954,29,Male,Kolkata,West Bengal,Money Back,63200,1194000,15,,Active,Claimed,830000,AG1057,2020-08-28,26-35,2020,2020-08
LIC103955,18,Male,Lucknow,Uttar Pradesh,ULIP,57900,1233000,20,Yearly,Active,Not Claimed,0,AG1273,2021-09-25,18-25,2021,2021-09
LIC103956,29,Male,Chandigarh,Chandigarh,Endowment,45500,804000,15,Half-Yearly,Active,Not Claimed,0,AG1052,2021-02-04,26-35,2021,2021-02
LIC103957,47,Male,Bhopal,Madhya Pradesh,Whole Life,26300,478000,15,Half-Yearly,Active,Not Claimed,0,AG1076,2022-03-23,46-55,2022,2022-03
LIC103958,62,Male,Kanpur,Uttar Pradesh,Endowment,41100,500000,25,Yearly,Active,Not Claimed,0,AG1103,2025-01-24,56-65,2025,2025-01
LIC103959,34,Male,Bengaluru,Karnataka,Term,19600,176000,12,Monthly,Active,Not Claimed,0,AG1026,2024-07-06,26-35,2024,2024-07
LIC103960,64,Male,Jaipur,Rajasthan,ULIP,105400,2136000,5,Yearly,Active,Not Claimed,0,AG1027,2018-04-11,56-65,2018,2018-04
LIC103961,48,Female,Surat,Gujarat,Term,17800,399000,25,Single Premium,Lapsed,Not Claimed,0,AG1280,2021-05-23,46-55,2021,2021-05
LIC103962,24,Male,Kolkata,West Bengal,Endowment,77900,1169000,25,Half-Yearly,Lapsed,Not Claimed,0,AG1139,2019-07-10,18-25,2019,2019-07
LIC103963,41,Male,Indore,Madhya Pradesh,Pension,43400,752000,15,Yearly,Active,Not Claimed,0,AG1086,2018-08-11,36-45,2018,2018-08
LIC103964,49,Male,Nagpur,Maharashtra,Endowment,52300,692000,10,Yearly,Active,Not Claimed,0,AG1234,2021-05-18,46-55,2021,2021-05
LIC103965,18,Female,Varanasi,Uttar Pradesh,Micro Insurance,6400,100000,20,Yearly,Matured,Not Claimed,0,AG1288,2022-10-16,18-25,2022,2022-10
LIC103966,46,Male,Surat,Gujarat,Micro Insurance,6600,100000,10,Half-Yearly,Surrendered,Not Claimed,0,AG1029,2025-08-30,46-55,2025,2025-08
LIC103967,52,Male,Kanpur,Uttar Pradesh,Endowment,28500,596000,15,Yearly,Active,Not Claimed,0,AG1106,2024-10-11,46-55,2024,2024-10
LIC103968,43,Female,Indore,Madhya Pradesh,Term,16600,272000,10,Quarterly,Active,Not Claimed,0,AG1096,2026-08-03,36-45,2026,2026-08
LIC103969,38,Female,Chandigarh,Chandigarh,Whole Life,32900,569000,20,Monthly,Lapsed,Not Claimed,0,AG1121,2020-05-31,36-45,2020,2020-05
LIC103970,37,Male,Ahmedabad,Gujarat,Money Back,35900,310000,5,Yearly,Active,Not Claimed,0,AG1104,2025-01-09,36-45,2025,2025-01
LIC103971,36,Male,Delhi,Delhi,Term,21800,405000,20,Yearly,Active,Not Claimed,0,AG1177,2024-05-30,36-45,2024,2024-05
LIC103972,26,Male,Kolkata,West Bengal,Whole Life,37100,425000,20,Yearly,Active,Not Claimed,0,AG1141,2018-08-09,26-35,2018,2018-08
LIC103973,31,Male,Pune,Maharashtra,Term,16800,244000,15,Monthly,Active,Not Claimed,0,AG1298,2024-10-10,26-35,2024,2024-10
LIC103974,34,Female,Bhopal,Madhya Pradesh,Pension,36700,551000,10,Monthly,Active,Not Claimed,0,AG1266,2024-06-18,26-35,2024,2024-06
LIC103975,40,Male,Kochi,Kerala,Term,29400,459000,10,Single Premium,Matured,Not Claimed,0,AG1154,2022-10-05,36-45,2022,2022-10
LIC103976,33,Female,Mumbai,Maharashtra,Term,12300,146000,12,Monthly,Lapsed,Not Claimed,0,AG1282,2022-01-27,26-35,2022,2022-01
LIC103977,29,Male,Chandigarh,Chandigarh,Term,15200,341000,15,Yearly,Active,Not Claimed,0,AG1213,2019-08-05,26-35,2019,2019-08
LIC103978,47,Other,Patna,Bihar,Micro Insurance,5400,100000,20,Yearly,Active,Not Claimed,0,AG1076,2018-09-09,46-55,2018,2018-09
LIC103979,43,Male,Lucknow,Uttar Pradesh,Whole Life,40500,745000,5,Yearly,Active,Not Claimed,0,AG1039,2025-07-05,36-45,2025,2025-07
LIC103980,33,Male,Coimbatore,Tamil Nadu,ULIP,75200,1386000,20,Monthly,Active,Not Claimed,0,AG1171,2021-02-09,26-35,2021,2021-02
LIC103981,45,Male,Nagpur,Maharashtra,Endowment,44800,821000,20,Yearly,Active,Not Claimed,0,AG1052,2022-11-23,36-45,2022,2022-11
LIC103982,34,Male,Lucknow,Uttar Pradesh,Endowment,44800,784000,15,Yearly,Matured,Not Claimed,0,AG1248,2018-10-07,26-35,2018,2018-10
LIC103983,40,Male,Surat,Gujarat,Endowment,50200,1104000,15,Quarterly,Active,Not Claimed,0,AG1123,2018-10-21,36-45,2018,2018-10
LIC103984,50,Female,Coimbatore,Tamil Nadu,Money Back,70400,1536000,25,Quarterly,Active,Not Claimed,0,AG1217,2022-03-19,46-55,2022,2022-03
LIC103985,32,Male,Chennai,Tamil Nadu,Money Back,21900,331000,20,Quarterly,Active,Not Claimed,0,AG1100,2018-06-28,26-35,2018,2018-06
LIC103986,26,Female,Delhi,Delhi,Whole Life,37000,696000,30,Monthly,Active,Not Claimed,0,AG1274,2024-02-15,26-35,2024,2024-02
LIC103987,37,Male,Jaipur,Rajasthan,Endowment,47800,466000,15,Yearly,Active,Not Claimed,0,AG1298,2024-01-25,36-45,2024,2024-01
LIC103988,24,Male,Lucknow,Uttar Pradesh,Pension,43300,413000,25,Yearly,Active,Not Claimed,0,AG1212,2023-10-03,18-25,2023,2023-10
LIC103989,36,Female,Patna,Bihar,Term,20000,323000,10,Single Premium,Active,Not Claimed,0,AG1002,2022-07-09,36-45,2022,2022-07
LIC103990,36,Male,Nagpur,Maharashtra,Micro Insurance,7500,175000,15,Half-Yearly,Active,Not Claimed,0,AG1289,2024-06-21,36-45,2024,2024-06
LIC103991,18,Male,Hyderabad,Telangana,Term,21200,404000,15,Yearly,Active,Not Claimed,0,AG1174,2024-05-07,18-25,2024,2024-05
LIC103992,45,Male,Surat,Gujarat,Money Back,73800,1430000,15,Monthly,Active,Not Claimed,0,AG1209,2025-08-05,36-45,2025,2025-08
LIC103993,37,Male,Coimbatore,Tamil Nadu,Endowment,44600,476000,20,Yearly,Active,Not Claimed,0,AG1059,2022-07-04,36-45,2022,2022-07
LIC103994,52,Female,Surat,Gujarat,Money Back,43700,686000,10,Yearly,Matured,Claimed,266000,AG1100,2024-02-09,46-55,2024,2024-02
LIC103995,41,Female,Ahmedabad,Gujarat,Money Back,36700,544000,25,Yearly,Active,Not Claimed,0,AG1185,2018-01-24,36-45,2018,2018-01
LIC103996,47,Male,Patna,Bihar,Endowment,56100,1196000,15,Yearly,Active,Not Claimed,0,AG1191,2020-04-30,46-55,2020,2020-04
LIC103997,52,Female,Jaipur,Rajasthan,Endowment,50100,518000,25,Single Premium,Active,Not Claimed,0,AG1159,2018-09-13,46-55,2018,2018-09
LIC103998,38,Male,Surat,Gujarat,ULIP,54100,929000,5,Yearly,Active,Not Claimed,0,AG1167,2021-05-22,36-45,2021,2021-05
LIC103999,39,Male,Mumbai,Maharashtra,Whole Life,31600,742000,20,Yearly,Lapsed,Not Claimed,0,AG1085,2020-11-29,36-45,2020,2020-11
LIC104000,22,Female,Mumbai,Maharashtra,Pension,46200,1071000,15,Monthly,Active,Not Claimed,0,AG1022,2020-03-05,18-25,2020,2020-03
LIC104001,53,Male,Coimbatore,Tamil Nadu,Endowment,43100,969000,15,Yearly,Active,Not Claimed,0,AG1273,2022-01-26,46-55,2022,2022-01
LIC104002,37,Female,Bengaluru,Karnataka,Whole Life,34500,496000,20,Half-Yearly,Active,Not Claimed,0,AG1131,2024-10-19,36-45,2024,2024-10
LIC104003,28,Male,Lucknow,Uttar Pradesh,Money Back,33200,797000,10,Quarterly,Active,Not Claimed,0,AG1288,2020-10-10,26-35,2020,2020-10
LIC104004,47,Female,Ahmedabad,Gujarat,Endowment,57100,1239000,10,Monthly,Lapsed,Not Claimed,0,AG1289,2022-10-06,46-55,2022,2022-10
LIC104005,18,Female,Surat,Gujarat,Money Back,37100,834000,20,Yearly,Active,Not Claimed,0,AG1192,2020-06-23,18-25,2020,2020-06
LIC104006,34,Male,Lucknow,Uttar Pradesh,Endowment,37700,899000,15,Quarterly,Active,Not Claimed,0,AG1266,2021-05-19,26-35,2021,2021-05
LIC104007,49,Male,Mumbai,Maharashtra,Term,32600,780000,12,Half-Yearly,Lapsed,Not Claimed,0,AG1261,2023-12-11,46-55,2023,2023-12
LIC104008,34,Male,Kochi,Kerala,Endowment,40800,493000,15,Yearly,Matured,Not Claimed,0,AG1243,2025-10-25,26-35,2025,2025-10
LIC104009,31,Female,Delhi,Delhi,Term,21400,218000,15,Yearly,Active,Not Claimed,0,AG1166,2023-06-18,26-35,2023,2023-06
LIC104010,34,Male,Coimbatore,Tamil Nadu,Whole Life,24700,488000,20,Yearly,Active,Not Claimed,0,AG1102,2024-05-22,26-35,2024,2024-05
LIC104011,18,Male,Indore,Madhya Pradesh,Whole Life,17000,299000,5,Quarterly,Active,Not Claimed,0,AG1169,2024-04-10,18-25,2024,2024-04
LIC104012,47,Male,Mumbai,Maharashtra,Pension,46900,636000,20,Quarterly,Active,Not Claimed,0,AG1212,2020-02-01,46-55,2020,2020-02
LIC104013,38,Female,Delhi,Delhi,ULIP,29600,581000,20,Monthly,Active,Not Claimed,0,AG1073,2018-05-23,36-45,2018,2018-05
LIC104014,36,Female,Kanpur,Uttar Pradesh,Term,17000,154000,20,Quarterly,Lapsed,Not Claimed,0,AG1189,2022-11-20,36-45,2022,2022-11
LIC104015,36,Male,Surat,Gujarat,Pension,73300,645000,25,Monthly,Active,Not Claimed,0,AG1008,2018-11-16,36-45,2018,2018-11
LIC104016,39,Male,Indore,Madhya Pradesh,Pension,39000,547000,15,Single Premium,Lapsed,Not Claimed,0,AG1098,2021-10-30,36-45,2021,2021-10
LIC104017,46,Male,Kanpur,Uttar Pradesh,Money Back,22600,255000,15,Half-Yearly,Active,Not Claimed,0,AG1286,2019-03-09,46-55,2019,2019-03
LIC104018,38,Male,Chandigarh,Chandigarh,Money Back,56800,1148000,10,Monthly,Active,Not Claimed,0,AG1074,2018-05-02,36-45,2018,2018-05
LIC104019,24,Male,Hyderabad,Telangana,Micro Insurance,5300,128000,15,Quarterly,Matured,Claimed,84000,AG1078,2020-03-04,18-25,2020,2020-03
LIC104020,45,Female,Chandigarh,Chandigarh,Money Back,40100,772000,10,Half-Yearly,Active,Not Claimed,0,AG1162,2024-10-12,36-45,2024,2024-10
LIC104021,44,Other,Hyderabad,Telangana,Pension,66300,1268000,20,Half-Yearly,Active,Not Claimed,0,AG1187,2025-08-11,36-45,2025,2025-08
LIC104022,41,Male,Indore,Madhya Pradesh,Term,22300,181000,20,Monthly,Active,Not Claimed,0,AG1184,2025-09-22,36-45,2025,2025-09
LIC104023,51,Male,Kolkata,West Bengal,Term,26500,443000,15,Single Premium,Active,Not Claimed,0,AG1214,2020-01-20,46-55,2020,2020-01
LIC104024,39,Male,Chandigarh,Chandigarh,Money Back,48500,1062000,12,Quarterly,Active,Claimed,688000,AG1179,2024-02-29,36-45,2024,2024-02
LIC104025,51,Male,Bengaluru,Karnataka,Money Back,26300,503000,10,Monthly,Active,Not Claimed,0,AG1059,2023-06-20,46-55,2023,2023-06
LIC104026,54,Male,Hyderabad,Telangana,Pension,39700,471000,25,Monthly,Active,Not Claimed,0,AG1029,2021-07-20,46-55,2021,2021-07
LIC104027,45,Male,Chandigarh,Chandigarh,Micro Insurance,9300,209000,25,Half-Yearly,Active,Not Claimed,0,AG1093,2025-11-08,36-45,2025,2025-11
LIC104028,31,Male,Hyderabad,Telangana,Endowment,33700,822000,12,Monthly,Lapsed,Not Claimed,0,AG1062,2024-04-04,26-35,2024,2024-04
LIC104029,38,Female,Mumbai,Maharashtra,Term,15400,196000,20,Monthly,Active,Not Claimed,0,AG1135,2023-07-07,36-45,2023,2023-07
LIC104030,53,Female,Chandigarh,Chandigarh,ULIP,44400,512000,12,Quarterly,Active,Not Claimed,0,AG1134,2024-11-14,46-55,2024,2024-11
LIC104031,23,Male,Chandigarh,Chandigarh,Whole Life,26800,369000,10,Half-Yearly,Active,Not Claimed,0,AG1229,2018-04-20,18-25,2018,2018-04
LIC104032,35,Male,Patna,Bihar,Term,16300,148000,5,Monthly,Lapsed,Not Claimed,0,AG1068,2019-02-16,26-35,2019,2019-02
LIC104033,35,Female,Bengaluru,Karnataka,Money Back,27700,633000,20,Quarterly,Lapsed,Not Claimed,0,AG1253,2018-03-12,26-35,2018,2018-03
LIC104034,29,Female,Surat,Gujarat,ULIP,38700,921000,10,Quarterly,Active,Not Claimed,0,AG1017,2019-12-19,26-35,2019,2019-12
LIC104035,49,Male,Patna,Bihar,ULIP,66400,1246000,5,Monthly,Active,Not Claimed,0,AG1152,2021-10-12,46-55,2021,2021-10
LIC104036,43,Male,Kanpur,Uttar Pradesh,Money Back,31500,661000,10,Half-Yearly,Active,Claimed,394000,AG1248,2024-10-06,36-45,2024,2024-10
LIC104037,31,Male,Jaipur,Rajasthan,Endowment,35400,686000,12,Monthly,Active,Not Claimed,0,AG1157,2024-04-07,26-35,2024,2024-04
LIC104038,46,Male,Mumbai,Maharashtra,Micro Insurance,3700,100000,20,Monthly,Matured,Not Claimed,0,AG1088,2025-06-10,46-55,2025,2025-06
LIC104039,37,Male,Kanpur,Uttar Pradesh,Whole Life,52900,992000,10,Half-Yearly,Matured,Claimed,709000,AG1098,2019-12-20,36-45,2019,2019-12
LIC104040,29,Male,Jaipur,Rajasthan,Endowment,54700,1215000,25,Monthly,Surrendered,Not Claimed,0,AG1078,2025-06-19,26-35,2025,2025-06
LIC104041,31,Male,Coimbatore,Tamil Nadu,Endowment,36600,797000,12,Monthly,Active,Not Claimed,0,AG1027,2018-05-07,26-35,2018,2018-05
LIC104042,44,Male,Bhopal,Madhya Pradesh,ULIP,44800,420000,15,Quarterly,Active,Not Claimed,0,AG1296,2019-03-02,36-45,2019,2019-03
LIC104043,49,Male,Coimbatore,Tamil Nadu,Endowment,49200,781000,10,Yearly,Active,Not Claimed,0,AG1013,2026-08-13,46-55,2026,2026-08
LIC104044,34,Female,Jaipur,Rajasthan,Term,17900,264000,12,Yearly,Active,Not Claimed,0,AG1153,2024-05-14,26-35,2024,2024-05
LIC104045,45,Male,Hyderabad,Telangana,Money Back,28200,586000,10,Yearly,Active,Not Claimed,0,AG1044,2024-12-16,36-45,2024,2024-12
LIC104046,56,Male,Nagpur,Maharashtra,Endowment,25700,425000,12,Yearly,Lapsed,Not Claimed,0,AG1095,2024-09-01,56-65,2024,2024-09
LIC104047,25,Male,Coimbatore,Tamil Nadu,Whole Life,25900,361000,25,Single Premium,Active,Not Claimed,0,AG1047,2025-09-19,18-25,2025,2025-09
LIC104048,43,Male,Coimbatore,Tamil Nadu,Term,12700,254000,20,Yearly,Active,Not Claimed,0,AG1084,2023-06-04,36-45,2023,2023-06
LIC104049,48,Male,Delhi,Delhi,Whole Life,36400,584000,25,Half-Yearly,Active,Not Claimed,0,AG1154,2019-06-20,46-55,2019,2019-06
LIC104050,38,Male,Jaipur,Rajasthan,Endowment,45700,565000,10,Quarterly,Active,Not Claimed,0,AG1296,2024-06-13,36-45,2024,2024-06
LIC104051,53,Male,Indore,Madhya Pradesh,Term,16700,386000,15,Monthly,Active,Not Claimed,0,AG1106,2024-05-23,46-55,2024,2024-05
LIC104052,63,Male,Surat,Gujarat,Term,20700,205000,10,Yearly,Active,Not Claimed,0,AG1095,2020-12-12,56-65,2020,2020-12
LIC104053,43,Male,Bengaluru,Karnataka,Pension,86200,716000,20,Single Premium,Active,Not Claimed,0,AG1209,2024-10-28,36-45,2024,2024-10
LIC104054,36,Female,Patna,Bihar,Pension,60400,631000,30,Half-Yearly,Active,Not Claimed,0,AG1171,2021-02-18,36-45,2021,2021-02
LIC104055,50,Male,Nagpur,Maharashtra,Endowment,43700,471000,20,Yearly,Matured,Claimed,284000,AG1279,2022-09-18,46-55,2022,2022-09
LIC104056,48,Male,Ahmedabad,Gujarat,ULIP,114200,1958000,5,Half-Yearly,Lapsed,Not Claimed,0,AG1300,2022-11-15,46-55,2022,2022-11
LIC104057,18,Male,Kochi,Kerala,Whole Life,21500,400000,12,Quarterly,Active,Not Claimed,0,AG1170,2026-08-14,18-25,2026,2026-08
LIC104058,39,Male,Coimbatore,Tamil Nadu,Micro Insurance,5000,100000,5,Quarterly,Active,Not Claimed,0,AG1268,2020-06-24,36-45,2020,2020-06
LIC104059,35,Male,Kanpur,Uttar Pradesh,Endowment,40700,467000,5,Half-Yearly,Active,Not Claimed,0,AG1164,2023-11-02,26-35,2023,2023-11
LIC104060,43,Male,Delhi,Delhi,Whole Life,21400,219000,10,Quarterly,Surrendered,Claimed,121000,AG1079,2020-07-02,36-45,2020,2020-07
LIC104061,37,Other,Ahmedabad,Gujarat,Term,30400,498000,12,Yearly,Active,Not Claimed,0,AG1216,2026-01-02,36-45,2026,2026-01
LIC104062,38,Female,Pune,Maharashtra,Endowment,45800,807000,12,Yearly,Active,Not Claimed,0,AG1081,2023-01-22,36-45,2023,2023-01
LIC104063,30,Male,Bhopal,Madhya Pradesh,Micro Insurance,4800,100000,15,Yearly,Lapsed,Not Claimed,0,AG1120,2025-10-22,26-35,2025,2025-10
LIC104064,47,Female,Surat,Gujarat,Money Back,46700,549000,15,Monthly,Active,Not Claimed,0,AG1101,2018-11-03,46-55,2018,2018-11
LIC104065,57,Male,Ahmedabad,Gujarat,Endowment,55300,518000,20,Yearly,Matured,Not Claimed,0,AG1283,2018-12-03,56-65,2018,2018-12
LIC104066,30,Female,Chennai,Tamil Nadu,Term,16500,139000,10,Quarterly,Active,Not Claimed,0,AG1148,2023-03-11,26-35,2023,2023-03
LIC104067,24,Male,Surat,Gujarat,Whole Life,21400,210000,10,Quarterly,Active,Not Claimed,0,AG1018,2019-06-01,18-25,2019,2019-06
LIC104068,39,Male,Varanasi,Uttar Pradesh,Whole Life,21000,433000,20,Yearly,Active,Not Claimed,0,AG1253,2018-04-11,36-45,2018,2018-04
LIC104069,39,Male,Chandigarh,Chandigarh,Endowment,81200,1124000,20,Quarterly,Matured,Claimed,589000,AG1265,2023-05-19,36-45,2023,2023-05
LIC104070,52,Male,Indore,Madhya Pradesh,Pension,39600,335000,10,Monthly,Matured,Not Claimed,0,AG1202,2023-11-18,46-55,2023,2023-11
LIC104071,25,Female,Kochi,Kerala,Term,29000,483000,25,Quarterly,Active,Not Claimed,0,AG1118,2024-01-30,18-25,2024,2024-01
LIC104072,33,Female,Delhi,Delhi,Endowment,33200,568000,12,Yearly,Active,Not Claimed,0,AG1123,2021-12-26,26-35,2021,2021-12
LIC104073,18,Male,Indore,Madhya Pradesh,Pension,59900,916000,15,Quarterly,Active,Not Claimed,0,AG1025,2021-02-05,18-25,2021,2021-02
LIC104074,54,Female,Indore,Madhya Pradesh,Endowment,58800,581000,15,Half-Yearly,Surrendered,Not Claimed,0,AG1059,2025-09-30,46-55,2025,2025-09
LIC104075,42,Female,Surat,Gujarat,Endowment,54900,1144000,12,Yearly,Active,Not Claimed,0,AG1274,2023-03-24,36-45,2023,2023-03
LIC104076,34,Male,Varanasi,Uttar Pradesh,Money Back,44200,871000,15,Yearly,Lapsed,Not Claimed,0,AG1047,2018-01-28,26-35,2018,2018-01
LIC104077,24,Male,Lucknow,Uttar Pradesh,Pension,30600,450000,15,Yearly,Active,Claimed,356000,AG1022,2020-01-27,18-25,2020,2020-01
LIC104078,25,Male,Bengaluru,Karnataka,Term,14900,216000,12,Quarterly,Active,Not Claimed,0,AG1139,2024-06-20,18-25,2024,2024-06
LIC104079,44,Male,Coimbatore,Tamil Nadu,Pension,36300,387000,25,Monthly,Active,Not Claimed,0,AG1107,2018-02-07,36-45,2018,2018-02
LIC104080,27,Male,Bengaluru,Karnataka,ULIP,54800,1140000,12,Quarterly,Active,Not Claimed,0,AG1198,2024-07-03,26-35,2024,2024-07
LIC104081,40,Male,Nagpur,Maharashtra,Term,13200,240000,20,Quarterly,Matured,Not Claimed,0,AG1216,2018-02-17,36-45,2018,2018-02
LIC104082,61,Male,Ahmedabad,Gujarat,Whole Life,22600,214000,15,Yearly,Active,Not Claimed,0,AG1294,2026-02-10,56-65,2026,2026-02
LIC104083,35,Male,Chennai,Tamil Nadu,Endowment,39300,567000,15,Monthly,Active,Not Claimed,0,AG1049,2018-01-06,26-35,2018,2018-01
LIC104084,28,Female,Varanasi,Uttar Pradesh,Endowment,22600,528000,12,Quarterly,Active,Not Claimed,0,AG1105,2021-12-08,26-35,2021,2021-12
LIC104085,43,Male,Patna,Bihar,ULIP,61300,962000,20,Yearly,Active,Not Claimed,0,AG1145,2026-07-30,36-45,2026,2026-07
LIC104086,26,Male,Patna,Bihar,Micro Insurance,4200,100000,20,Yearly,Matured,Not Claimed,0,AG1057,2020-02-09,26-35,2020,2020-02
LIC104087,58,Male,Patna,Bihar,Term,18200,345000,5,Yearly,Active,Not Claimed,0,AG1014,2021-09-24,56-65,2021,2021-09
LIC104088,54,Male,Delhi,Delhi,Endowment,27200,311000,10,Yearly,Lapsed,Not Claimed,0,AG1008,2020-03-27,46-55,2020,2020-03
LIC104089,37,Male,Chandigarh,Chandigarh,Money Back,58500,989000,25,Yearly,Active,Not Claimed,0,AG1184,2018-01-08,36-45,2018,2018-01
LIC104090,29,Male,Jaipur,Rajasthan,Endowment,27900,541000,25,Yearly,Lapsed,Not Claimed,0,AG1023,2020-02-16,26-35,2020,2020-02
LIC104091,34,Male,Delhi,Delhi,Endowment,37900,854000,15,Quarterly,Matured,Not Claimed,0,AG1044,2019-10-25,26-35,2019,2019-10
LIC104092,36,Male,Surat,Gujarat,Term,11000,217000,15,Single Premium,Active,Not Claimed,0,AG1066,2024-12-07,36-45,2024,2024-12
LIC104093,43,Male,Kanpur,Uttar Pradesh,Whole Life,26000,378000,20,Half-Yearly,Matured,Claimed,303000,AG1259,2025-07-22,36-45,2025,2025-07
LIC104094,50,Male,Chennai,Tamil Nadu,Endowment,80900,1703000,10,Monthly,Active,Claimed,1629000,AG1069,2018-11-25,46-55,2018,2018-11
LIC104095,28,Female,Ahmedabad,Gujarat,Term,19600,456000,20,Quarterly,Active,Not Claimed,0,AG1082,2021-11-24,26-35,2021,2021-11
LIC104096,50,Male,Jaipur,Rajasthan,Pension,46300,746000,15,Yearly,Lapsed,Not Claimed,0,AG1001,2019-02-04,46-55,2019,2019-02
LIC104097,46,Male,Kolkata,West Bengal,ULIP,58300,471000,20,Single Premium,Active,Not Claimed,0,AG1277,2020-02-19,46-55,2020,2020-02
LIC104098,33,Male,Kanpur,Uttar Pradesh,Money Back,30800,708000,5,Monthly,Lapsed,Not Claimed,0,AG1083,2023-03-28,26-35,2023,2023-03
LIC104099,27,Female,Indore,Madhya Pradesh,Endowment,40900,442000,20,Monthly,Lapsed,Not Claimed,0,AG1102,2021-11-19,26-35,2021,2021-11
LIC104100,40,Male,Hyderabad,Telangana,Whole Life,39200,398000,15,Yearly,Lapsed,Not Claimed,0,AG1226,2024-07-13,36-45,2024,2024-07
LIC104101,27,Female,Varanasi,Uttar Pradesh,Endowment,38300,507000,25,Yearly,Active,Not Claimed,0,AG1287,2024-10-02,26-35,2024,2024-10
LIC104102,50,Female,Chandigarh,Chandigarh,Endowment,52700,762000,20,Quarterly,Active,Not Claimed,0,AG1141,2021-05-18,46-55,2021,2021-05
LIC104103,27,Male,Bengaluru,Karnataka,ULIP,55600,1200000,25,Quarterly,Active,Not Claimed,0,AG1014,2026-04-26,26-35,2026,2026-04
LIC104104,45,Male,Kolkata,West Bengal,Term,18400,269000,25,Yearly,Lapsed,Not Claimed,0,AG1269,2021-04-09,36-45,2021,2021-04
LIC104105,38,Male,Coimbatore,Tamil Nadu,Term,15200,134000,15,Quarterly,Active,Not Claimed,0,AG1142,2018-04-11,36-45,2018,2018-04
LIC104106,33,Male,Bhopal,Madhya Pradesh,Term,15500,292000,10,Yearly,Active,Not Claimed,0,AG1094,2024-09-27,26-35,2024,2024-09
LIC104107,38,Male,Hyderabad,Telangana,Term,22700,441000,20,Monthly,Active,Not Claimed,0,AG1100,2025-03-04,36-45,2025,2025-03
LIC104108,51,Male,Jaipur,Rajasthan,Term,26700,583000,25,Monthly,Active,Not Claimed,0,AG1070,2018-11-19,46-55,2018,2018-11
LIC104109,26,Male,Pune,Maharashtra,Micro Insurance,4400,100000,10,Monthly,Active,Not Claimed,0,AG1126,2018-01-29,26-35,2018,2018-01
LIC104110,34,Male,Chandigarh,Chandigarh,Endowment,39000,369000,15,Quarterly,Active,Not Claimed,0,AG1188,2020-01-21,26-35,2020,2020-01
LIC104111,31,Female,Kanpur,Uttar Pradesh,Term,14600,254000,10,Monthly,Active,Not Claimed,0,AG1070,2026-06-04,26-35,2026,2026-06
LIC104112,39,Male,Bengaluru,Karnataka,Endowment,55100,554000,5,Monthly,Lapsed,Not Claimed,0,AG1269,2022-07-18,36-45,2022,2022-07
LIC104113,31,Female,Chennai,Tamil Nadu,Pension,42100,349000,20,Yearly,Active,Not Claimed,0,AG1135,2019-08-30,26-35,2019,2019-08
LIC104114,20,Female,Lucknow,Uttar Pradesh,Money Back,66700,1416000,20,Monthly,Active,Not Claimed,0,AG1109,2019-06-01,18-25,2019,2019-06
LIC104115,27,Female,Kolkata,West Bengal,Endowment,44600,663000,20,Yearly,Active,Not Claimed,0,AG1149,2021-01-13,26-35,2021,2021-01
LIC104116,57,Female,Lucknow,Uttar Pradesh,Pension,84500,1430000,25,Quarterly,Lapsed,Not Claimed,0,AG1102,2018-08-28,56-65,2018,2018-08
LIC104117,42,Male,Bhopal,Madhya Pradesh,Endowment,34300,661000,10,Yearly,Active,Not Claimed,0,AG1142,2020-12-08,36-45,2020,2020-12
LIC104118,41,Male,Lucknow,Uttar Pradesh,Endowment,45200,670000,10,Monthly,Active,Not Claimed,0,AG1259,2023-09-05,36-45,2023,2023-09
LIC104119,36,Male,Indore,Madhya Pradesh,Endowment,50500,448000,25,Monthly,Active,Not Claimed,0,AG1171,2020-04-18,36-45,2020,2020-04
LIC104120,38,Male,Patna,Bihar,Endowment,32600,401000,15,Half-Yearly,Active,Not Claimed,0,AG1227,2024-09-27,36-45,2024,2024-09
LIC104121,34,Female,Kanpur,Uttar Pradesh,Endowment,42200,477000,12,Half-Yearly,Active,Not Claimed,0,AG1012,2021-01-26,26-35,2021,2021-01
LIC104122,45,Other,Ahmedabad,Gujarat,Whole Life,45100,1110000,20,Yearly,Active,Not Claimed,0,AG1055,2021-12-06,36-45,2021,2021-12
LIC104123,40,Male,Ahmedabad,Gujarat,Endowment,40600,835000,25,Yearly,Active,Not Claimed,0,AG1246,2024-05-10,36-45,2024,2024-05
LIC104124,26,Male,Ahmedabad,Gujarat,Money Back,28400,445000,20,Yearly,Active,Not Claimed,0,AG1091,2021-08-29,26-35,2021,2021-08
LIC104125,42,Male,Indore,Madhya Pradesh,Term,32300,293000,20,Quarterly,Active,Not Claimed,0,AG1187,2021-06-13,36-45,2021,2021-06
LIC104126,18,Male,Delhi,Delhi,Term,13000,130000,12,Yearly,Active,Not Claimed,0,AG1189,2026-06-24,18-25,2026,2026-06
LIC104127,44,Male,Bhopal,Madhya Pradesh,Endowment,48600,1060000,12,Half-Yearly,Active,Not Claimed,0,AG1298,2023-02-05,36-45,2023,2023-02
LIC104128,23,Male,Lucknow,Uttar Pradesh,Pension,39400,948000,25,Single Premium,Matured,Not Claimed,0,AG1172,2019-10-07,18-25,2019,2019-10
LIC104129,38,Female,Bhopal,Madhya Pradesh,Endowment,33500,286000,20,Yearly,Active,Claimed,160000,AG1069,2024-02-07,36-45,2024,2024-02
LIC104130,26,Male,Patna,Bihar,Whole Life,36900,866000,12,Monthly,Active,Not Claimed,0,AG1278,2019-08-20,26-35,2019,2019-08
LIC104131,39,Female,Surat,Gujarat,Endowment,41600,602000,15,Quarterly,Lapsed,Not Claimed,0,AG1084,2024-04-12,36-45,2024,2024-04
LIC104132,45,Male,Kanpur,Uttar Pradesh,Term,22600,263000,20,Half-Yearly,Active,Not Claimed,0,AG1088,2025-09-11,36-45,2025,2025-09
LIC104133,56,Female,Chandigarh,Chandigarh,Term,12000,117000,10,Yearly,Matured,Not Claimed,0,AG1148,2019-03-17,56-65,2019,2019-03
LIC104134,22,Male,Delhi,Delhi,Endowment,48400,1022000,20,Half-Yearly,Active,Not Claimed,0,AG1254,2025-04-27,18-25,2025,2025-04
LIC104135,50,Female,Kochi,Kerala,Term,17400,278000,5,Yearly,Active,Not Claimed,0,AG1221,2019-04-13,46-55,2019,2019-04
LIC104136,40,Female,Bhopal,Madhya Pradesh,Term,11300,250000,12,Quarterly,Active,Not Claimed,0,AG1234,2020-08-22,36-45,2020,2020-08
LIC104137,34,Male,Coimbatore,Tamil Nadu,ULIP,88100,1044000,20,Monthly,Active,Claimed,779000,AG1024,2022-06-26,26-35,2022,2022-06
LIC104138,47,Male,Kochi,Kerala,Term,24400,477000,10,Monthly,Active,Not Claimed,0,AG1251,2026-05-05,46-55,2026,2026-05
LIC104139,36,Female,Chandigarh,Chandigarh,Money Back,38800,388000,10,Half-Yearly,Active,Not Claimed,0,AG1098,2025-08-18,36-45,2025,2025-08
LIC104140,47,Male,Pune,Maharashtra,Endowment,68200,650000,25,Yearly,Active,Not Claimed,0,AG1214,2025-09-14,46-55,2025,2025-09
LIC104141,28,Male,Surat,Gujarat,Money Back,38600,396000,20,Quarterly,Active,Not Claimed,0,AG1295,2018-08-15,26-35,2018,2018-08
LIC104142,32,Male,Bengaluru,Karnataka,Money Back,28800,626000,15,Half-Yearly,Active,Not Claimed,0,AG1225,2025-09-09,26-35,2025,2025-09
LIC104143,49,Male,Pune,Maharashtra,Endowment,46700,894000,10,Monthly,Active,Not Claimed,0,AG1183,2021-07-28,46-55,2021,2021-07
LIC104144,55,Female,Bengaluru,Karnataka,Endowment,43100,466000,15,Monthly,Active,Not Claimed,0,AG1198,2022-08-21,46-55,2022,2022-08
LIC104145,39,Male,Mumbai,Maharashtra,ULIP,47400,689000,20,Yearly,Active,Not Claimed,0,AG1108,2019-05-29,36-45,2019,2019-05
LIC104146,18,Male,Indore,Madhya Pradesh,Pension,33800,709000,10,Quarterly,Active,Not Claimed,0,AG1209,2018-07-31,18-25,2018,2018-07
LIC104147,37,Female,Nagpur,Maharashtra,Term,14000,180000,15,Yearly,Active,Not Claimed,0,AG1091,2026-07-05,36-45,2026,2026-07
LIC104148,39,Female,Indore,Madhya Pradesh,Term,24200,573000,15,Yearly,Active,Not Claimed,0,AG1175,2025-02-09,36-45,2025,2025-02
LIC104149,36,Female,Chennai,Tamil Nadu,Pension,53300,1255000,15,Yearly,Active,Not Claimed,0,AG1142,2020-02-09,36-45,2020,2020-02
LIC104150,43,Male,Hyderabad,Telangana,Endowment,40000,696000,10,Monthly,Active,Not Claimed,0,AG1131,2019-03-07,36-45,2019,2019-03
LIC104151,34,Male,Lucknow,Uttar Pradesh,Money Back,27000,506000,10,Half-Yearly,Matured,Not Claimed,0,AG1127,2026-08-29,26-35,2026,2026-08
LIC104152,48,Male,Hyderabad,Telangana,Endowment,43300,827000,30,Yearly,Active,Not Claimed,0,AG1249,2022-06-20,46-55,2022,2022-06
LIC104153,26,Female,Surat,Gujarat,Term,11200,139000,30,Yearly,Active,Not Claimed,0,AG1264,2018-09-17,26-35,2018,2018-09
LIC104154,53,Male,Surat,Gujarat,Money Back,45400,645000,15,Yearly,Active,Not Claimed,0,AG1217,2022-10-21,46-55,2022,2022-10
LIC104155,56,Male,Chennai,Tamil Nadu,Money Back,58700,605000,20,Monthly,Active,Not Claimed,0,AG1015,2024-07-25,56-65,2024,2024-07
LIC104156,29,Male,Pune,Maharashtra,Endowment,81500,1933000,20,Monthly,Active,Not Claimed,0,AG1173,2019-12-08,26-35,2019,2019-12
LIC104157,29,Male,Varanasi,Uttar Pradesh,Money Back,26400,536000,10,Half-Yearly,Active,Not Claimed,0,AG1229,2018-02-15,26-35,2018,2018-02
LIC104158,44,Female,Kolkata,West Bengal,ULIP,74200,652000,12,Yearly,Active,Not Claimed,0,AG1173,2020-05-26,36-45,2020,2020-05
LIC104159,26,Male,Varanasi,Uttar Pradesh,Money Back,29500,512000,12,Quarterly,Active,Not Claimed,0,AG1259,2025-12-27,26-35,2025,2025-12
LIC104160,34,Female,Bhopal,Madhya Pradesh,Term,13100,181000,20,Monthly,Lapsed,Not Claimed,0,AG1009,2023-05-10,26-35,2023,2023-05
LIC104161,51,Female,Mumbai,Maharashtra,Money Back,31300,684000,20,Yearly,Active,Not Claimed,0,AG1260,2022-05-20,46-55,2022,2022-05
LIC104162,47,Male,Ahmedabad,Gujarat,Whole Life,35700,494000,25,Quarterly,Active,Not Claimed,0,AG1113,2024-03-24,46-55,2024,2024-03
LIC104163,61,Female,Mumbai,Maharashtra,ULIP,52600,997000,20,Monthly,Active,Not Claimed,0,AG1207,2022-10-06,56-65,2022,2022-10
LIC104164,41,Female,Kolkata,West Bengal,Whole Life,27100,293000,25,Monthly,Active,Not Claimed,0,AG1178,2022-04-20,36-45,2022,2022-04
LIC104165,32,Female,Pune,Maharashtra,Term,15900,278000,25,Quarterly,Lapsed,Not Claimed,0,AG1224,2026-04-14,26-35,2026,2026-04
LIC104166,40,Male,Bengaluru,Karnataka,Whole Life,25800,335000,20,Half-Yearly,Active,Not Claimed,0,AG1134,2021-06-15,36-45,2021,2021-06
LIC104167,37,Male,Surat,Gujarat,Whole Life,24500,265000,15,Quarterly,Active,Not Claimed,0,AG1005,2021-01-29,36-45,2021,2021-01
LIC104168,37,Male,Kolkata,West Bengal,Term,9300,172000,10,Monthly,Active,Not Claimed,0,AG1185,2025-10-09,36-45,2025,2025-10
LIC104169,39,Female,Nagpur,Maharashtra,Endowment,45100,850000,20,Monthly,Surrendered,Claimed,467000,AG1083,2022-10-27,36-45,2022,2022-10
LIC104170,29,Female,Kochi,Kerala,Endowment,42800,1058000,20,Quarterly,Active,Not Claimed,0,AG1222,2018-11-30,26-35,2018,2018-11
LIC104171,42,Female,Kanpur,Uttar Pradesh,Whole Life,26000,504000,15,Yearly,Matured,Not Claimed,0,AG1204,2022-03-11,36-45,2022,2022-03
LIC104172,24,Male,Pune,Maharashtra,Endowment,46500,780000,25,Monthly,Active,Not Claimed,0,AG1069,2019-07-10,18-25,2019,2019-07
LIC104173,31,Male,Nagpur,Maharashtra,Money Back,53200,1251000,30,Half-Yearly,Active,Not Claimed,0,AG1167,2023-08-11,26-35,2023,2023-08
LIC104174,38,Male,Ahmedabad,Gujarat,Pension,50100,1106000,15,Monthly,Matured,Claimed,929000,AG1012,2020-01-01,36-45,2020,2020-01
LIC104175,18,Male,Hyderabad,Telangana,ULIP,75500,1308000,15,Monthly,Active,Not Claimed,0,AG1197,2019-12-29,18-25,2019,2019-12
LIC104176,47,Female,Ahmedabad,Gujarat,Pension,102800,1716000,25,Monthly,Surrendered,Not Claimed,0,AG1054,2021-03-09,46-55,2021,2021-03
LIC104177,18,Male,Indore,Madhya Pradesh,Micro Insurance,12200,293000,5,Monthly,Active,Not Claimed,0,AG1225,2023-04-17,18-25,2023,2023-04
LIC104178,46,Male,Pune,Maharashtra,Term,14600,270000,10,Yearly,Matured,Not Claimed,0,AG1165,2020-07-11,46-55,2020,2020-07
LIC104179,25,Male,Kochi,Kerala,Whole Life,21500,433000,25,Half-Yearly,Active,Not Claimed,0,AG1177,2021-07-23,18-25,2021,2021-07
LIC104180,35,Male,Delhi,Delhi,Endowment,37100,351000,20,Yearly,Active,Not Claimed,0,AG1001,2019-01-02,26-35,2019,2019-01
LIC104181,45,Male,Ahmedabad,Gujarat,Pension,55700,1126000,15,Monthly,Matured,Not Claimed,0,AG1175,2019-09-16,36-45,2019,2019-09
LIC104182,63,Male,Patna,Bihar,Endowment,87500,1094000,25,Monthly,Active,Not Claimed,0,AG1165,2023-07-14,56-65,2023,2023-07
LIC104183,40,Male,Mumbai,Maharashtra,Micro Insurance,7600,100000,15,Quarterly,Active,Not Claimed,0,AG1137,2023-04-12,36-45,2023,2023-04
LIC104184,18,Male,Pune,Maharashtra,Whole Life,21400,480000,20,Yearly,Active,Not Claimed,0,AG1274,2023-04-25,18-25,2023,2023-04
LIC104185,49,Male,Kanpur,Uttar Pradesh,ULIP,51200,1011000,20,Quarterly,Active,Not Claimed,0,AG1172,2018-10-28,46-55,2018,2018-10
LIC104186,36,Female,Varanasi,Uttar Pradesh,Term,18000,269000,10,Quarterly,Surrendered,Not Claimed,0,AG1231,2026-05-30,36-45,2026,2026-05
LIC104187,40,Male,Bhopal,Madhya Pradesh,Term,12600,193000,12,Quarterly,Active,Not Claimed,0,AG1231,2020-12-29,36-45,2020,2020-12
LIC104188,45,Male,Patna,Bihar,ULIP,58500,664000,25,Monthly,Active,Not Claimed,0,AG1115,2025-12-30,36-45,2025,2025-12
LIC104189,18,Female,Lucknow,Uttar Pradesh,Term,12900,105000,10,Single Premium,Active,Not Claimed,0,AG1198,2021-04-25,18-25,2021,2021-04
LIC104190,39,Male,Bengaluru,Karnataka,Pension,31700,442000,10,Half-Yearly,Lapsed,Not Claimed,0,AG1003,2018-06-07,36-45,2018,2018-06
LIC104191,34,Female,Indore,Madhya Pradesh,Term,13800,145000,15,Yearly,Active,Not Claimed,0,AG1112,2021-09-16,26-35,2021,2021-09
LIC104192,52,Male,Bengaluru,Karnataka,Whole Life,40500,614000,10,Yearly,Active,Not Claimed,0,AG1146,2023-04-14,46-55,2023,2023-04
LIC104193,47,Female,Surat,Gujarat,Endowment,53800,1193000,25,Half-Yearly,Active,Not Claimed,0,AG1276,2024-11-16,46-55,2024,2024-11
LIC104194,21,Female,Kanpur,Uttar Pradesh,Whole Life,30800,306000,10,Monthly,Active,Not Claimed,0,AG1036,2023-11-01,18-25,2023,2023-11
LIC104195,53,Female,Indore,Madhya Pradesh,Whole Life,48200,461000,20,Yearly,Matured,Not Claimed,0,AG1208,2026-01-05,46-55,2026,2026-01
LIC104196,44,Male,Chandigarh,Chandigarh,Endowment,59600,1391000,15,Monthly,Active,Not Claimed,0,AG1004,2018-01-14,36-45,2018,2018-01
LIC104197,22,Male,Bengaluru,Karnataka,Term,19100,395000,20,Quarterly,Active,Not Claimed,0,AG1120,2021-02-28,18-25,2021,2021-02
LIC104198,40,Male,Varanasi,Uttar Pradesh,Term,19400,173000,20,Half-Yearly,Active,Not Claimed,0,AG1109,2025-06-20,36-45,2025,2025-06
LIC104199,50,Male,Patna,Bihar,Money Back,44000,412000,15,Yearly,Lapsed,Not Claimed,0,AG1078,2026-02-24,46-55,2026,2026-02
LIC104200,26,Female,Coimbatore,Tamil Nadu,Money Back,34500,678000,30,Yearly,Active,Not Claimed,0,AG1017,2021-05-20,26-35,2021,2021-05
LIC104201,54,Male,Patna,Bihar,ULIP,34700,496000,10,Yearly,Active,Not Claimed,0,AG1227,2024-03-04,46-55,2024,2024-03
LIC104202,22,Male,Kanpur,Uttar Pradesh,Money Back,49500,1005000,20,Monthly,Active,Not Claimed,0,AG1185,2021-03-04,18-25,2021,2021-03
LIC104203,30,Female,Bengaluru,Karnataka,Endowment,46900,698000,30,Quarterly,Lapsed,Not Claimed,0,AG1227,2018-04-18,26-35,2018,2018-04
LIC104204,29,Male,Pune,Maharashtra,Endowment,29900,731000,20,Monthly,Active,Not Claimed,0,AG1049,2022-11-30,26-35,2022,2022-11
LIC104205,54,Female,Nagpur,Maharashtra,Term,33000,654000,20,Yearly,Active,Not Claimed,0,AG1109,2019-09-23,46-55,2019,2019-09
LIC104206,34,Female,Kochi,Kerala,Endowment,35600,313000,5,Single Premium,Active,Not Claimed,0,AG1181,2025-08-10,26-35,2025,2025-08
LIC104207,26,Male,Chandigarh,Chandigarh,Micro Insurance,5800,100000,5,Quarterly,Active,Not Claimed,0,AG1010,2018-06-14,26-35,2018,2018-06
LIC104208,44,Male,Chennai,Tamil Nadu,Pension,70800,1245000,5,Monthly,Surrendered,Claimed,675000,AG1123,2025-12-18,36-45,2025,2025-12
LIC104209,46,Male,Surat,Gujarat,Endowment,50600,527000,30,Half-Yearly,Active,Not Claimed,0,AG1076,2024-01-11,46-55,2024,2024-01
LIC104210,46,Male,Patna,Bihar,Money Back,59200,476000,30,Yearly,Matured,Not Claimed,0,AG1123,2018-12-13,46-55,2018,2018-12
LIC104211,36,Female,Bengaluru,Karnataka,Pension,44000,411000,15,Half-Yearly,Active,Not Claimed,0,AG1137,2020-11-14,36-45,2020,2020-11
LIC104212,42,Female,Bengaluru,Karnataka,Money Back,62700,1060000,12,Monthly,Active,Not Claimed,0,AG1090,2023-05-14,36-45,2023,2023-05
LIC104213,32,Male,Kanpur,Uttar Pradesh,Term,14500,272000,10,Single Premium,Active,Not Claimed,0,AG1149,2022-04-28,26-35,2022,2022-04
LIC104214,57,Male,Kolkata,West Bengal,Term,32900,315000,12,Yearly,Matured,Not Claimed,0,AG1001,2018-12-16,56-65,2018,2018-12
LIC104215,52,Male,Lucknow,Uttar Pradesh,Money Back,23000,444000,15,Monthly,Active,Not Claimed,0,AG1211,2022-04-29,46-55,2022,2022-04
LIC104216,51,Male,Coimbatore,Tamil Nadu,Micro Insurance,5300,100000,20,Single Premium,Matured,Not Claimed,0,AG1006,2022-01-18,46-55,2022,2022-01
LIC104217,48,Male,Chennai,Tamil Nadu,Whole Life,37700,904000,25,Quarterly,Active,Not Claimed,0,AG1146,2022-12-26,46-55,2022,2022-12
LIC104218,45,Male,Coimbatore,Tamil Nadu,Term,18000,401000,20,Quarterly,Active,Not Claimed,0,AG1101,2025-08-29,36-45,2025,2025-08
LIC104219,25,Male,Patna,Bihar,Term,17600,423000,20,Half-Yearly,Lapsed,Not Claimed,0,AG1200,2025-08-17,18-25,2025,2025-08
LIC104220,46,Male,Delhi,Delhi,ULIP,59600,1456000,20,Yearly,Matured,Not Claimed,0,AG1232,2021-05-26,46-55,2021,2021-05
LIC104221,40,Male,Lucknow,Uttar Pradesh,Pension,36500,566000,20,Yearly,Active,Not Claimed,0,AG1107,2021-06-23,36-45,2021,2021-06
LIC104222,53,Female,Patna,Bihar,Whole Life,26700,435000,15,Monthly,Active,Not Claimed,0,AG1212,2024-06-18,46-55,2024,2024-06
LIC104223,48,Female,Varanasi,Uttar Pradesh,Whole Life,37000,473000,15,Single Premium,Active,Not Claimed,0,AG1106,2020-05-25,46-55,2020,2020-05
LIC104224,45,Male,Kanpur,Uttar Pradesh,Term,16700,278000,12,Monthly,Active,Not Claimed,0,AG1265,2022-12-19,36-45,2022,2022-12
LIC104225,20,Male,Coimbatore,Tamil Nadu,Pension,69900,738000,20,Yearly,Active,Not Claimed,0,AG1258,2024-11-12,18-25,2024,2024-11
LIC104226,38,Male,Patna,Bihar,ULIP,51100,992000,30,Half-Yearly,Active,Not Claimed,0,AG1113,2022-03-22,36-45,2022,2022-03
LIC104227,33,Male,Nagpur,Maharashtra,Endowment,51400,433000,20,Monthly,Active,Not Claimed,0,AG1132,2022-08-18,26-35,2022,2022-08
LIC104228,42,Male,Delhi,Delhi,Whole Life,36800,442000,25,Monthly,Active,Not Claimed,0,AG1268,2024-04-22,36-45,2024,2024-04
LIC104229,34,Female,Kolkata,West Bengal,Endowment,35500,410000,5,Yearly,Surrendered,Not Claimed,0,AG1211,2020-03-30,26-35,2020,2020-03
LIC104230,36,Male,Kolkata,West Bengal,Term,10500,251000,20,Quarterly,Active,Not Claimed,0,AG1083,2022-03-10,36-45,2022,2022-03
LIC104231,44,Male,Coimbatore,Tamil Nadu,Endowment,64800,678000,25,Yearly,Active,Not Claimed,0,AG1083,2018-07-28,36-45,2018,2018-07
LIC104232,34,Male,Bhopal,Madhya Pradesh,Term,13700,317000,20,Half-Yearly,Surrendered,Not Claimed,0,AG1250,2023-02-28,26-35,2023,2023-02
LIC104233,40,Female,Kochi,Kerala,Endowment,39800,403000,25,Yearly,Active,Not Claimed,0,AG1295,2019-02-11,36-45,2019,2019-02
LIC104234,22,Female,Chennai,Tamil Nadu,Endowment,40300,768000,20,Half-Yearly,Active,Not Claimed,0,AG1237,2023-10-30,18-25,2023,2023-10
LIC104235,30,Male,Chandigarh,Chandigarh,Money Back,35500,477000,12,Quarterly,Active,Not Claimed,0,AG1188,2018-04-17,26-35,2018,2018-04
LIC104236,46,Male,Lucknow,Uttar Pradesh,Money Back,53300,713000,10,Quarterly,Active,Not Claimed,0,AG1072,2025-05-19,46-55,2025,2025-05
LIC104237,25,Male,Varanasi,Uttar Pradesh,Endowment,42100,1051000,15,Yearly,Active,Not Claimed,0,AG1284,2024-10-21,18-25,2024,2024-10
LIC104238,53,Male,Pune,Maharashtra,Term,21100,250000,25,Half-Yearly,Active,Not Claimed,0,AG1254,2026-06-13,46-55,2026,2026-06
LIC104239,50,Male,Nagpur,Maharashtra,Whole Life,47100,539000,10,Monthly,Active,Not Claimed,0,AG1041,2022-04-16,46-55,2022,2022-04
LIC104240,36,Male,Patna,Bihar,Endowment,50300,906000,20,Single Premium,Active,Not Claimed,0,AG1072,2019-11-22,36-45,2019,2019-11
LIC104241,72,Male,Patna,Bihar,Endowment,49400,1017000,20,Yearly,Matured,Claimed,535000,AG1088,2021-11-26,66+,2021,2021-11
LIC104242,53,Male,Kochi,Kerala,Pension,42300,1045000,10,Monthly,Active,Not Claimed,0,AG1244,2019-05-25,46-55,2019,2019-05
LIC104243,29,Male,Kochi,Kerala,ULIP,41300,823000,10,Single Premium,Active,Not Claimed,0,AG1267,2021-12-25,26-35,2021,2021-12
LIC104244,47,Female,Patna,Bihar,Pension,54200,951000,15,Yearly,Active,Not Claimed,0,AG1239,2021-01-22,46-55,2021,2021-01
LIC104245,40,Male,Bhopal,Madhya Pradesh,Money Back,26900,402000,12,Monthly,Active,Not Claimed,0,AG1087,2023-10-31,36-45,2023,2023-10
LIC104246,30,Female,Kolkata,West Bengal,Term,18500,335000,10,Monthly,Active,Not Claimed,0,AG1150,2025-07-02,26-35,2025,2025-07
LIC104247,27,Male,Jaipur,Rajasthan,Whole Life,28900,526000,10,Yearly,Active,Not Claimed,0,AG1005,2024-04-15,26-35,2024,2024-04
LIC104248,50,Male,Jaipur,Rajasthan,Endowment,24300,284000,10,Yearly,Active,Not Claimed,0,AG1112,2018-08-29,46-55,2018,2018-08
LIC104249,32,Male,Lucknow,Uttar Pradesh,Money Back,24300,472000,20,Monthly,Active,Not Claimed,0,AG1159,2018-06-14,26-35,2018,2018-06
LIC104250,38,Male,Coimbatore,Tamil Nadu,Term,8300,100000,20,Monthly,Active,Not Claimed,0,AG1047,2022-02-05,36-45,2022,2022-02
LIC104251,29,Male,Mumbai,Maharashtra,Pension,43600,712000,20,Quarterly,Active,Claimed,537000,AG1293,2021-08-02,26-35,2021,2021-08
LIC104252,31,Male,Hyderabad,Telangana,Term,24300,302000,15,Half-Yearly,Lapsed,Not Claimed,0,AG1026,2026-06-29,26-35,2026,2026-06
LIC104253,38,Male,Chennai,Tamil Nadu,Pension,29300,390000,30,Monthly,Active,Not Claimed,0,AG1215,2025-12-25,36-45,2025,2025-12
LIC104254,43,Male,Mumbai,Maharashtra,Pension,36300,669000,25,Monthly,Active,Claimed,408000,AG1299,2024-11-11,36-45,2024,2024-11
LIC104255,18,Female,Surat,Gujarat,Money Back,34400,313000,30,Yearly,Active,Not Claimed,0,AG1061,2018-10-31,18-25,2018,2018-10
LIC104256,39,Male,Ahmedabad,Gujarat,ULIP,40500,332000,15,Yearly,Active,Not Claimed,0,AG1127,2019-11-10,36-45,2019,2019-11
LIC104257,31,Male,Bhopal,Madhya Pradesh,Whole Life,22200,227000,25,Half-Yearly,Active,Not Claimed,0,AG1289,2020-03-05,26-35,2020,2020-03
LIC104258,54,Male,Kochi,Kerala,ULIP,74300,807000,20,Quarterly,Lapsed,Not Claimed,0,AG1244,2020-06-30,46-55,2020,2020-06
LIC104259,71,Female,Surat,Gujarat,Endowment,52400,595000,15,Quarterly,Active,Not Claimed,0,AG1064,2020-09-24,66+,2020,2020-09
LIC104260,35,Male,Chandigarh,Chandigarh,ULIP,34300,726000,10,Quarterly,Surrendered,Not Claimed,0,AG1177,2023-05-06,26-35,2023,2023-05
LIC104261,20,Female,Nagpur,Maharashtra,Money Back,20100,313000,20,Single Premium,Surrendered,Not Claimed,0,AG1093,2026-02-20,18-25,2026,2026-02
LIC104262,40,Female,Nagpur,Maharashtra,Pension,94400,1509000,10,Yearly,Active,Not Claimed,0,AG1123,2025-07-24,36-45,2025,2025-07
LIC104263,37,Male,Kochi,Kerala,Money Back,50600,959000,12,Monthly,Lapsed,Not Claimed,0,AG1015,2019-08-29,36-45,2019,2019-08
LIC104264,61,Male,Varanasi,Uttar Pradesh,Money Back,41600,848000,15,Quarterly,Active,Not Claimed,0,AG1276,2024-11-11,56-65,2024,2024-11
LIC104265,57,Male,Kochi,Kerala,ULIP,67400,543000,20,Half-Yearly,Active,Not Claimed,0,AG1022,2020-11-04,56-65,2020,2020-11
LIC104266,49,Female,Kanpur,Uttar Pradesh,Pension,48900,1103000,25,Half-Yearly,Active,Not Claimed,0,AG1266,2024-06-05,46-55,2024,2024-06
LIC104267,33,Male,Mumbai,Maharashtra,Money Back,41500,1029000,20,Half-Yearly,Active,Not Claimed,0,AG1183,2019-02-11,26-35,2019,2019-02
LIC104268,46,Male,Patna,Bihar,Term,16000,161000,20,Yearly,Matured,Claimed,81000,AG1137,2020-12-07,46-55,2020,2020-12
LIC104269,42,Female,Surat,Gujarat,Money Back,33500,639000,12,Yearly,Lapsed,Not Claimed,0,AG1031,2018-04-24,36-45,2018,2018-04
LIC104270,42,Male,Bhopal,Madhya Pradesh,Micro Insurance,7400,100000,20,Half-Yearly,Lapsed,Not Claimed,0,AG1215,2024-11-07,36-45,2024,2024-11
LIC104271,22,Male,Ahmedabad,Gujarat,ULIP,78100,690000,15,Yearly,Active,Not Claimed,0,AG1212,2023-04-01,18-25,2023,2023-04
LIC104272,51,Male,Varanasi,Uttar Pradesh,Pension,70400,904000,25,Yearly,Active,Not Claimed,0,AG1227,2019-06-10,46-55,2019,2019-06
LIC104273,40,Male,Pune,Maharashtra,Term,27000,604000,15,Yearly,Active,Not Claimed,0,AG1185,2023-06-16,36-45,2023,2023-06
LIC104274,38,Male,Bengaluru,Karnataka,Money Back,34200,653000,15,Single Premium,Active,Not Claimed,0,AG1075,2020-04-01,36-45,2020,2020-04
LIC104275,32,Male,Indore,Madhya Pradesh,Whole Life,25200,393000,15,Quarterly,Active,Claimed,135000,AG1171,2018-12-14,26-35,2018,2018-12
LIC104276,30,Female,Indore,Madhya Pradesh,Pension,27900,431000,20,Quarterly,Active,Not Claimed,0,AG1232,2020-08-23,26-35,2020,2020-08
LIC104277,42,Male,Delhi,Delhi,Term,19900,317000,30,Yearly,Active,Not Claimed,0,AG1074,2024-01-28,36-45,2024,2024-01
LIC104278,20,Female,Kolkata,West Bengal,Pension,53400,710000,12,Yearly,Active,Not Claimed,0,AG1253,2021-12-23,18-25,2021,2021-12
LIC104279,48,Male,Chandigarh,Chandigarh,Money Back,38300,878000,15,Single Premium,Active,Not Claimed,0,AG1298,2024-09-19,46-55,2024,2024-09
LIC104280,27,Male,Pune,Maharashtra,Term,14500,256000,20,Monthly,Active,Not Claimed,0,AG1074,2021-11-04,26-35,2021,2021-11
LIC104281,18,Female,Delhi,Delhi,Endowment,59500,966000,25,Half-Yearly,Matured,Not Claimed,0,AG1229,2020-12-20,18-25,2020,2020-12
LIC104282,59,Male,Chennai,Tamil Nadu,Endowment,64600,1028000,15,Monthly,Active,Claimed,766000,AG1199,2025-01-21,56-65,2025,2025-01
LIC104283,30,Other,Patna,Bihar,Money Back,52000,1243000,10,Half-Yearly,Active,Not Claimed,0,AG1212,2026-03-07,26-35,2026,2026-03
LIC104284,31,Female,Ahmedabad,Gujarat,Term,13800,280000,15,Monthly,Lapsed,Not Claimed,0,AG1084,2025-08-21,26-35,2025,2025-08
LIC104285,51,Male,Bhopal,Madhya Pradesh,Term,17600,184000,15,Monthly,Surrendered,Claimed,158000,AG1200,2018-07-20,46-55,2018,2018-07
LIC104286,59,Male,Ahmedabad,Gujarat,Pension,86600,1336000,15,Monthly,Active,Not Claimed,0,AG1145,2023-10-06,56-65,2023,2023-10
LIC104287,22,Male,Patna,Bihar,Term,17800,230000,10,Half-Yearly,Active,Not Claimed,0,AG1217,2023-11-03,18-25,2023,2023-11
LIC104288,28,Male,Varanasi,Uttar Pradesh,Endowment,35800,887000,5,Quarterly,Active,Not Claimed,0,AG1237,2020-02-22,26-35,2020,2020-02
LIC104289,29,Male,Ahmedabad,Gujarat,Money Back,31300,471000,20,Monthly,Surrendered,Claimed,179000,AG1258,2025-07-23,26-35,2025,2025-07
LIC104290,49,Male,Ahmedabad,Gujarat,Money Back,41900,384000,30,Quarterly,Lapsed,Not Claimed,0,AG1229,2021-02-03,46-55,2021,2021-02
LIC104291,57,Male,Chandigarh,Chandigarh,ULIP,87000,1304000,25,Monthly,Active,Not Claimed,0,AG1298,2020-04-05,56-65,2020,2020-04
LIC104292,27,Male,Varanasi,Uttar Pradesh,Money Back,34400,463000,20,Single Premium,Active,Not Claimed,0,AG1106,2026-06-13,26-35,2026,2026-06
LIC104293,55,Female,Varanasi,Uttar Pradesh,ULIP,80500,1465000,25,Quarterly,Active,Not Claimed,0,AG1191,2022-04-06,46-55,2022,2022-04
LIC104294,31,Female,Kanpur,Uttar Pradesh,Whole Life,34200,405000,12,Quarterly,Active,Not Claimed,0,AG1139,2020-07-27,26-35,2020,2020-07
LIC104295,43,Male,Nagpur,Maharashtra,Term,15400,133000,20,Yearly,Active,Not Claimed,0,AG1252,2026-07-14,36-45,2026,2026-07
LIC104296,25,Female,Patna,Bihar,Term,14100,136000,10,Yearly,Active,Not Claimed,0,AG1212,2024-08-17,18-25,2024,2024-08
LIC104297,38,Male,Hyderabad,Telangana,Endowment,38400,492000,20,Yearly,Surrendered,Not Claimed,0,AG1127,2020-12-30,36-45,2020,2020-12
LIC104298,38,Male,Kanpur,Uttar Pradesh,Endowment,29900,416000,30,Half-Yearly,Active,Not Claimed,0,AG1249,2020-02-03,36-45,2020,2020-02
LIC104299,36,Male,Indore,Madhya Pradesh,ULIP,45600,1012000,25,Single Premium,Active,Not Claimed,0,AG1073,2025-12-04,36-45,2025,2025-12
LIC104300,43,Male,Surat,Gujarat,Money Back,60300,759000,15,Monthly,Active,Not Claimed,0,AG1173,2021-06-08,36-45,2021,2021-06
LIC104301,28,Male,Kanpur,Uttar Pradesh,Endowment,41600,355000,20,Single Premium,Active,Not Claimed,0,AG1157,2019-06-08,26-35,2019,2019-06
LIC104302,29,Female,Jaipur,Rajasthan,Term,14500,308000,30,Yearly,Active,Not Claimed,0,AG1162,2022-12-04,26-35,2022,2022-12
LIC104303,44,Female,Bengaluru,Karnataka,Endowment,79600,1813000,10,Half-Yearly,Lapsed,Not Claimed,0,AG1095,2020-12-28,36-45,2020,2020-12
LIC104304,54,Male,Coimbatore,Tamil Nadu,Money Back,34100,558000,20,Yearly,Active,Not Claimed,0,AG1236,2021-02-08,46-55,2021,2021-02
LIC104305,39,Female,Varanasi,Uttar Pradesh,Endowment,33600,432000,12,Yearly,Active,Not Claimed,0,AG1020,2020-05-20,36-45,2020,2020-05
LIC104306,45,Male,Kolkata,West Bengal,Money Back,56900,1202000,25,Monthly,Lapsed,Not Claimed,0,AG1072,2021-06-23,36-45,2021,2021-06
LIC104307,47,Male,Lucknow,Uttar Pradesh,Term,24800,202000,10,Monthly,Active,Not Claimed,0,AG1070,2023-05-02,46-55,2023,2023-05
LIC104308,48,Female,Chandigarh,Chandigarh,Whole Life,33400,792000,10,Single Premium,Matured,Not Claimed,0,AG1200,2018-04-08,46-55,2018,2018-04
LIC104309,29,Male,Surat,Gujarat,Pension,60600,1376000,20,Half-Yearly,Matured,Not Claimed,0,AG1183,2025-10-11,26-35,2025,2025-10
LIC104310,30,Male,Ahmedabad,Gujarat,Endowment,45700,789000,10,Quarterly,Matured,Not Claimed,0,AG1025,2021-09-07,26-35,2021,2021-09
LIC104311,31,Male,Surat,Gujarat,Money Back,25800,328000,10,Yearly,Active,Not Claimed,0,AG1066,2025-11-06,26-35,2025,2025-11
LIC104312,60,Male,Nagpur,Maharashtra,Micro Insurance,4000,100000,15,Half-Yearly,Active,Not Claimed,0,AG1284,2019-12-14,56-65,2019,2019-12
LIC104313,45,Male,Varanasi,Uttar Pradesh,Endowment,40100,1002000,25,Monthly,Surrendered,Not Claimed,0,AG1276,2019-11-05,36-45,2019,2019-11
LIC104314,44,Male,Hyderabad,Telangana,Money Back,54000,1132000,12,Yearly,Active,Not Claimed,0,AG1037,2019-05-24,36-45,2019,2019-05
LIC104315,43,Male,Bhopal,Madhya Pradesh,Term,17500,241000,25,Yearly,Active,Not Claimed,0,AG1016,2020-07-30,36-45,2020,2020-07
LIC104316,24,Male,Chandigarh,Chandigarh,Whole Life,34100,284000,20,Monthly,Lapsed,Not Claimed,0,AG1183,2020-07-31,18-25,2020,2020-07
LIC104317,60,Male,Chandigarh,Chandigarh,Term,24600,464000,20,Single Premium,Active,Not Claimed,0,AG1256,2019-01-11,56-65,2019,2019-01
LIC104318,44,Male,Lucknow,Uttar Pradesh,Pension,33100,820000,20,Monthly,Active,Not Claimed,0,AG1193,2023-04-01,36-45,2023,2023-04
LIC104319,47,Female,Coimbatore,Tamil Nadu,Whole Life,30600,613000,5,Quarterly,Lapsed,Not Claimed,0,AG1014,2023-12-28,46-55,2023,2023-12
LIC104320,20,Male,Nagpur,Maharashtra,ULIP,57500,542000,15,Monthly,Lapsed,Not Claimed,0,AG1024,2024-08-25,18-25,2024,2024-08
LIC104321,48,Male,Patna,Bihar,Whole Life,27800,413000,12,Half-Yearly,Active,Claimed,232000,AG1083,2024-09-16,46-55,2024,2024-09
LIC104322,35,Male,Delhi,Delhi,Money Back,32500,320000,10,Quarterly,Active,Not Claimed,0,AG1294,2021-04-04,26-35,2021,2021-04
LIC104323,24,Male,Kochi,Kerala,Money Back,40200,945000,15,Quarterly,Active,Not Claimed,0,AG1236,2020-01-31,18-25,2020,2020-01
LIC104324,29,Male,Hyderabad,Telangana,Pension,49000,667000,15,Yearly,Active,Not Claimed,0,AG1265,2026-02-01,26-35,2026,2026-02
LIC104325,25,Male,Bhopal,Madhya Pradesh,Pension,64300,1316000,20,Monthly,Active,Not Claimed,0,AG1244,2024-05-02,18-25,2024,2024-05
LIC104326,25,Female,Delhi,Delhi,Money Back,40100,379000,20,Yearly,Active,Not Claimed,0,AG1255,2021-10-10,18-25,2021,2021-10
LIC104327,40,Male,Varanasi,Uttar Pradesh,Pension,38900,396000,25,Half-Yearly,Active,Not Claimed,0,AG1109,2026-07-24,36-45,2026,2026-07
LIC104328,35,Male,Kochi,Kerala,Money Back,31500,616000,10,Single Premium,Active,Not Claimed,0,AG1275,2021-06-06,26-35,2021,2021-06
LIC104329,43,Male,Pune,Maharashtra,Money Back,39700,887000,10,Half-Yearly,Lapsed,Not Claimed,0,AG1255,2023-03-25,36-45,2023,2023-03
LIC104330,57,Male,Lucknow,Uttar Pradesh,Money Back,66200,756000,15,Monthly,Active,Not Claimed,0,AG1245,2024-02-25,56-65,2024,2024-02
LIC104331,38,Male,Varanasi,Uttar Pradesh,Endowment,38100,576000,5,Monthly,Active,Not Claimed,0,AG1266,2025-04-28,36-45,2025,2025-04
LIC104332,18,Male,Surat,Gujarat,Term,11100,206000,20,Yearly,Active,Not Claimed,0,AG1131,2022-10-04,18-25,2022,2022-10
LIC104333,36,Female,Kolkata,West Bengal,Endowment,48100,1036000,15,Yearly,Lapsed,Not Claimed,0,AG1145,2025-02-15,36-45,2025,2025-02
LIC104334,52,Male,Varanasi,Uttar Pradesh,Money Back,35100,656000,15,Quarterly,Active,Not Claimed,0,AG1219,2022-08-29,46-55,2022,2022-08
LIC104335,38,Female,Bengaluru,Karnataka,Endowment,30400,293000,15,Half-Yearly,Active,Not Claimed,0,AG1073,2018-06-04,36-45,2018,2018-06
LIC104336,56,Male,Kolkata,West Bengal,Money Back,45300,780000,15,Half-Yearly,Active,Not Claimed,0,AG1197,2025-10-18,56-65,2025,2025-10
LIC104337,44,Male,Ahmedabad,Gujarat,Micro Insurance,8700,200000,15,Single Premium,Active,Not Claimed,0,AG1083,2025-04-28,36-45,2025,2025-04
LIC104338,19,Male,Ahmedabad,Gujarat,Endowment,35800,815000,5,Single Premium,Matured,Not Claimed,0,AG1271,2023-02-06,18-25,2023,2023-02
LIC104339,40,Male,Ahmedabad,Gujarat,Money Back,43900,788000,10,Single Premium,Matured,Not Claimed,0,AG1106,2022-09-08,36-45,2022,2022-09
LIC104340,42,Female,Bhopal,Madhya Pradesh,Term,23600,588000,15,Yearly,Active,Not Claimed,0,AG1100,2024-07-07,36-45,2024,2024-07
LIC104341,51,Male,Ahmedabad,Gujarat,Term,26800,262000,10,Yearly,Active,Not Claimed,0,AG1184,2019-02-12,46-55,2019,2019-02
LIC104342,59,Male,Patna,Bihar,ULIP,54600,881000,20,Monthly,Matured,Claimed,342000,AG1078,2022-03-08,56-65,2022,2022-03
LIC104343,49,Female,Nagpur,Maharashtra,Money Back,30700,650000,12,Yearly,Surrendered,Not Claimed,0,AG1143,2022-09-14,46-55,2022,2022-09
LIC104344,44,Female,Ahmedabad,Gujarat,ULIP,43700,454000,10,Yearly,Active,Not Claimed,0,AG1095,2019-09-18,36-45,2019,2019-09
LIC104345,46,Female,Lucknow,Uttar Pradesh,Term,25400,623000,12,Single Premium,Active,Not Claimed,0,AG1300,2019-11-17,46-55,2019,2019-11
LIC104346,37,Female,Hyderabad,Telangana,Money Back,44400,622000,15,Half-Yearly,Active,Not Claimed,0,AG1003,2022-01-05,36-45,2022,2022-01
LIC104347,23,Male,Chandigarh,Chandigarh,Endowment,32100,448000,5,Monthly,Active,Not Claimed,0,AG1047,2024-09-29,18-25,2024,2024-09
LIC104348,39,Female,Chennai,Tamil Nadu,Endowment,80000,930000,10,Half-Yearly,Active,Not Claimed,0,AG1158,2021-01-18,36-45,2021,2021-01
LIC104349,43,Female,Indore,Madhya Pradesh,Term,14600,188000,12,Yearly,Lapsed,Not Claimed,0,AG1239,2023-06-13,36-45,2023,2023-06
LIC104350,26,Female,Chennai,Tamil Nadu,Term,23800,424000,12,Monthly,Lapsed,Not Claimed,0,AG1268,2020-08-18,26-35,2020,2020-08
LIC104351,54,Female,Kolkata,West Bengal,Endowment,78900,1207000,20,Quarterly,Matured,Claimed,309000,AG1271,2018-05-21,46-55,2018,2018-05
LIC104352,50,Male,Chennai,Tamil Nadu,Term,21900,247000,25,Half-Yearly,Active,Not Claimed,0,AG1028,2020-05-19,46-55,2020,2020-05
LIC104353,24,Female,Kochi,Kerala,Micro Insurance,4800,104000,10,Quarterly,Active,Claimed,49000,AG1177,2026-06-05,18-25,2026,2026-06
LIC104354,54,Male,Pune,Maharashtra,Endowment,41800,379000,10,Quarterly,Active,Not Claimed,0,AG1087,2023-04-16,46-55,2023,2023-04
LIC104355,36,Male,Delhi,Delhi,Term,16900,375000,20,Monthly,Active,Not Claimed,0,AG1175,2020-06-23,36-45,2020,2020-06
LIC104356,30,Male,Patna,Bihar,Term,24400,309000,20,Single Premium,Matured,Not Claimed,0,AG1207,2021-09-25,26-35,2021,2021-09
LIC104357,51,Female,Nagpur,Maharashtra,Money Back,30700,504000,30,Yearly,Active,Not Claimed,0,AG1075,2023-01-25,46-55,2023,2023-01
LIC104358,38,Male,Kolkata,West Bengal,Term,11100,161000,5,Monthly,Lapsed,Not Claimed,0,AG1246,2023-07-16,36-45,2023,2023-07
LIC104359,60,Male,Pune,Maharashtra,Pension,69100,1223000,15,Yearly,Active,Not Claimed,0,AG1268,2021-05-27,56-65,2021,2021-05
LIC104360,30,Male,Lucknow,Uttar Pradesh,Micro Insurance,7100,153000,20,Yearly,Active,Not Claimed,0,AG1054,2025-03-11,26-35,2025,2025-03
LIC104361,20,Female,Ahmedabad,Gujarat,Endowment,72900,1809000,25,Monthly,Active,Not Claimed,0,AG1083,2025-06-04,18-25,2025,2025-06
LIC104362,36,Male,Nagpur,Maharashtra,Money Back,24700,326000,10,Quarterly,Active,Not Claimed,0,AG1032,2021-07-18,36-45,2021,2021-07
LIC104363,48,Female,Bengaluru,Karnataka,Term,20000,348000,20,,Active,Not Claimed,0,AG1011,2025-08-17,46-55,2025,2025-08
LIC104364,29,Female,Bhopal,Madhya Pradesh,Whole Life,41500,661000,12,Quarterly,Active,Not Claimed,0,AG1223,2018-03-04,26-35,2018,2018-03
LIC104365,24,Male,Kanpur,Uttar Pradesh,Endowment,43400,1084000,10,Yearly,Active,Not Claimed,0,AG1055,2023-01-16,18-25,2023,2023-01
LIC104366,42,Male,Chandigarh,Chandigarh,Endowment,43100,937000,15,Quarterly,Surrendered,Not Claimed,0,AG1286,2020-05-13,36-45,2020,2020-05
LIC104367,23,Female,Mumbai,Maharashtra,Endowment,52400,773000,10,Monthly,Lapsed,Not Claimed,0,AG1068,2022-04-06,18-25,2022,2022-04
LIC104368,42,Female,Lucknow,Uttar Pradesh,Whole Life,27500,443000,20,Single Premium,Surrendered,Claimed,206000,AG1089,2025-01-04,36-45,2025,2025-01
LIC104369,35,Female,Lucknow,Uttar Pradesh,Endowment,53300,649000,20,Monthly,Lapsed,Not Claimed,0,AG1098,2024-04-21,26-35,2024,2024-04
LIC104370,44,Male,Delhi,Delhi,Term,14000,292000,25,Yearly,Matured,Not Claimed,0,AG1017,2020-01-07,36-45,2020,2020-01
LIC104371,24,Female,Jaipur,Rajasthan,Whole Life,19600,438000,15,Monthly,Active,Not Claimed,0,AG1161,2023-12-14,18-25,2023,2023-12
LIC104372,53,Male,Indore,Madhya Pradesh,Money Back,40500,988000,5,Quarterly,Active,Not Claimed,0,AG1255,2020-02-18,46-55,2020,2020-02
LIC104373,37,Male,Kanpur,Uttar Pradesh,Pension,24000,423000,12,Quarterly,Active,Not Claimed,0,AG1158,2021-11-30,36-45,2021,2021-11
LIC104374,47,Female,Kochi,Kerala,Term,21100,409000,15,Monthly,Lapsed,Not Claimed,0,AG1269,2022-10-04,46-55,2022,2022-10
LIC104375,50,Male,Coimbatore,Tamil Nadu,ULIP,37800,589000,20,Quarterly,Active,Not Claimed,0,AG1032,2019-09-12,46-55,2019,2019-09
LIC104376,26,Female,Bhopal,Madhya Pradesh,Whole Life,32500,597000,15,Monthly,Active,Not Claimed,0,AG1087,2018-03-29,26-35,2018,2018-03
LIC104377,49,Male,Ahmedabad,Gujarat,Term,22100,308000,15,Half-Yearly,Matured,Not Claimed,0,AG1093,2021-11-15,46-55,2021,2021-11
LIC104378,23,Female,Chandigarh,Chandigarh,Whole Life,29400,604000,15,Yearly,Active,Not Claimed,0,AG1290,2021-10-24,18-25,2021,2021-10
LIC104379,24,Male,Surat,Gujarat,Money Back,40700,341000,10,Monthly,Surrendered,Not Claimed,0,AG1083,2019-11-20,18-25,2019,2019-11
LIC104380,61,Male,Lucknow,Uttar Pradesh,Pension,66700,566000,20,Yearly,Active,Not Claimed,0,AG1268,2019-10-03,56-65,2019,2019-10
LIC104381,51,Female,Surat,Gujarat,Term,19800,399000,15,Monthly,Active,Not Claimed,0,AG1004,2024-10-30,46-55,2024,2024-10
LIC104382,62,Male,Surat,Gujarat,Whole Life,66300,1579000,20,Monthly,Active,Not Claimed,0,AG1089,2024-06-25,56-65,2024,2024-06
LIC104383,35,Male,Hyderabad,Telangana,Endowment,46900,879000,20,Yearly,Lapsed,Not Claimed,0,AG1154,2020-07-10,26-35,2020,2020-07
LIC104384,40,Other,Indore,Madhya Pradesh,Pension,63200,1286000,10,Half-Yearly,Active,Not Claimed,0,AG1082,2018-09-30,36-45,2018,2018-09
LIC104385,45,Male,Chandigarh,Chandigarh,Endowment,63500,1397000,15,Half-Yearly,Lapsed,Not Claimed,0,AG1192,2025-05-22,36-45,2025,2025-05
LIC104386,39,Female,Jaipur,Rajasthan,Micro Insurance,7600,108000,20,Monthly,Lapsed,Not Claimed,0,AG1158,2026-03-30,36-45,2026,2026-03
LIC104387,31,Male,Ahmedabad,Gujarat,Pension,85500,841000,10,Yearly,Active,Not Claimed,0,AG1253,2019-09-29,26-35,2019,2019-09
LIC104388,29,Male,Varanasi,Uttar Pradesh,Endowment,44000,1050000,20,Half-Yearly,Active,Not Claimed,0,AG1289,2019-06-06,26-35,2019,2019-06
LIC104389,41,Female,Kochi,Kerala,ULIP,55600,1332000,10,Monthly,Active,Not Claimed,0,AG1256,2022-05-21,36-45,2022,2022-05
LIC104390,27,Male,Indore,Madhya Pradesh,Micro Insurance,5000,100000,15,Quarterly,Active,Not Claimed,0,AG1159,2025-10-18,26-35,2025,2025-10
LIC104391,27,Male,Kanpur,Uttar Pradesh,Endowment,39100,457000,30,Yearly,Active,Not Claimed,0,AG1062,2018-01-16,26-35,2018,2018-01
LIC104392,43,Male,Jaipur,Rajasthan,Endowment,37500,869000,20,Half-Yearly,Active,Not Claimed,0,AG1287,2024-08-12,36-45,2024,2024-08
LIC104393,38,Female,Bhopal,Madhya Pradesh,Money Back,45100,904000,15,Monthly,Active,Not Claimed,0,AG1280,2024-04-17,36-45,2024,2024-04
LIC104394,49,Male,Bhopal,Madhya Pradesh,Endowment,38000,309000,5,Quarterly,Matured,Not Claimed,0,AG1069,2020-03-04,46-55,2020,2020-03
LIC104395,34,Male,Pune,Maharashtra,Term,18400,181000,10,Monthly,Active,Not Claimed,0,AG1265,2018-12-26,26-35,2018,2018-12
LIC104396,33,Male,Coimbatore,Tamil Nadu,Endowment,49100,1213000,20,Half-Yearly,Active,Not Claimed,0,AG1008,2018-08-19,26-35,2018,2018-08
LIC104397,44,Male,Hyderabad,Telangana,Endowment,48500,419000,15,Yearly,Active,Not Claimed,0,AG1107,2023-02-09,36-45,2023,2023-02
LIC104398,30,Male,Bengaluru,Karnataka,Money Back,28000,358000,15,Quarterly,Matured,Claimed,344000,AG1093,2019-09-04,26-35,2019,2019-09
LIC104399,32,Male,Kanpur,Uttar Pradesh,Term,21900,379000,25,Quarterly,Active,Not Claimed,0,AG1227,2025-04-07,26-35,2025,2025-04
LIC104400,32,Male,Kochi,Kerala,Pension,46900,522000,15,Yearly,Active,Not Claimed,0,AG1069,2025-01-08,26-35,2025,2025-01
LIC104401,37,Male,Kanpur,Uttar Pradesh,Whole Life,13700,164000,15,Half-Yearly,Matured,Not Claimed,0,AG1138,2019-06-03,36-45,2019,2019-06
LIC104402,58,Male,Hyderabad,Telangana,Term,17400,244000,15,Half-Yearly,Active,Not Claimed,0,AG1139,2019-04-29,56-65,2019,2019-04
LIC104403,24,Female,Chennai,Tamil Nadu,Whole Life,44400,559000,15,Quarterly,Active,Not Claimed,0,AG1116,2023-10-14,18-25,2023,2023-10
LIC104404,53,Male,Ahmedabad,Gujarat,Whole Life,55300,1198000,15,Half-Yearly,Active,Not Claimed,0,AG1008,2024-03-16,46-55,2024,2024-03
LIC104405,47,Female,Indore,Madhya Pradesh,Pension,63600,1050000,15,Half-Yearly,Lapsed,Not Claimed,0,AG1068,2021-05-16,46-55,2021,2021-05
LIC104406,56,Female,Indore,Madhya Pradesh,Term,28100,358000,25,Quarterly,Active,Not Claimed,0,AG1146,2018-06-25,56-65,2018,2018-06
LIC104407,74,Male,Chandigarh,Chandigarh,Endowment,49600,661000,15,Single Premium,Active,Not Claimed,0,AG1250,2025-07-22,66+,2025,2025-07
LIC104408,55,Male,Chandigarh,Chandigarh,Pension,55300,480000,15,Yearly,Active,Not Claimed,0,AG1250,2020-06-27,46-55,2020,2020-06
LIC104409,49,Male,Kolkata,West Bengal,Pension,79200,700000,20,Yearly,Matured,Claimed,180000,AG1003,2021-12-19,46-55,2021,2021-12
LIC104410,25,Female,Pune,Maharashtra,ULIP,58600,1184000,10,Half-Yearly,Active,Not Claimed,0,AG1128,2020-10-30,18-25,2020,2020-10
LIC104411,26,Other,Coimbatore,Tamil Nadu,ULIP,53000,526000,20,Half-Yearly,Active,Not Claimed,0,AG1120,2020-02-05,26-35,2020,2020-02
LIC104412,43,Male,Indore,Madhya Pradesh,Term,18700,301000,15,Monthly,Active,Claimed,188000,AG1200,2020-07-19,36-45,2020,2020-07
LIC104413,20,Female,Nagpur,Maharashtra,Money Back,50000,1116000,20,Quarterly,Active,Not Claimed,0,AG1238,2023-05-11,18-25,2023,2023-05
LIC104414,46,Male,Chennai,Tamil Nadu,Endowment,65100,929000,20,Yearly,Lapsed,Not Claimed,0,AG1055,2025-04-16,46-55,2025,2025-04
LIC104415,18,Male,Hyderabad,Telangana,Term,21600,300000,25,Quarterly,Active,Not Claimed,0,AG1070,2020-09-14,18-25,2020,2020-09
LIC104416,52,Female,Ahmedabad,Gujarat,Pension,58900,1345000,15,Yearly,Lapsed,Not Claimed,0,AG1288,2018-01-16,46-55,2018,2018-01
LIC104417,35,Male,Indore,Madhya Pradesh,Term,16300,370000,20,Monthly,Lapsed,Not Claimed,0,AG1262,2025-02-05,26-35,2025,2025-02
LIC104418,40,Male,Pune,Maharashtra,Money Back,46300,1063000,12,Half-Yearly,Matured,Not Claimed,0,AG1210,2026-03-16,36-45,2026,2026-03
LIC104419,31,Male,Pune,Maharashtra,Pension,35300,626000,20,Yearly,Active,Not Claimed,0,AG1237,2022-04-20,26-35,2022,2022-04
LIC104420,18,Female,Bengaluru,Karnataka,Term,14000,339000,10,Half-Yearly,Surrendered,Not Claimed,0,AG1218,2024-02-09,18-25,2024,2024-02
LIC104421,53,Male,Bengaluru,Karnataka,Micro Insurance,4900,107000,5,Yearly,Active,Not Claimed,0,AG1212,2021-01-30,46-55,2021,2021-01
LIC104422,54,Female,Indore,Madhya Pradesh,Micro Insurance,10400,157000,10,Single Premium,Active,Not Claimed,0,AG1016,2018-11-28,46-55,2018,2018-11
LIC104423,35,Male,Delhi,Delhi,Money Back,29400,550000,12,Monthly,Active,Not Claimed,0,AG1213,2018-03-20,26-35,2018,2018-03
LIC104424,46,Male,Kanpur,Uttar Pradesh,Term,22800,230000,5,Monthly,Lapsed,Not Claimed,0,AG1270,2026-06-16,46-55,2026,2026-06
LIC104425,35,Female,Pune,Maharashtra,Endowment,40500,704000,20,Monthly,Active,Not Claimed,0,AG1146,2022-12-24,26-35,2022,2022-12
LIC104426,42,Male,Ahmedabad,Gujarat,Endowment,102500,1279000,12,Yearly,Lapsed,Not Claimed,0,AG1264,2020-11-10,36-45,2020,2020-11
LIC104427,47,Male,Ahmedabad,Gujarat,Endowment,54400,697000,20,Quarterly,Matured,Not Claimed,0,AG1133,2024-09-18,46-55,2024,2024-09
LIC104428,45,Male,Pune,Maharashtra,Endowment,27900,283000,5,Yearly,Lapsed,Not Claimed,0,AG1297,2020-11-06,36-45,2020,2020-11
LIC104429,54,Male,Nagpur,Maharashtra,Micro Insurance,10200,144000,10,Quarterly,Lapsed,Not Claimed,0,AG1009,2026-02-18,46-55,2026,2026-02
LIC104430,45,Male,Bengaluru,Karnataka,Term,18100,293000,15,Half-Yearly,Active,Not Claimed,0,AG1042,2022-05-31,36-45,2022,2022-05
LIC104431,39,Female,Lucknow,Uttar Pradesh,ULIP,51500,938000,15,Yearly,Active,Not Claimed,0,AG1018,2019-03-08,36-45,2019,2019-03
LIC104432,31,Male,Bengaluru,Karnataka,Term,14900,196000,10,Half-Yearly,Surrendered,Not Claimed,0,AG1210,2025-02-16,26-35,2025,2025-02
LIC104433,34,Female,Bhopal,Madhya Pradesh,Money Back,38000,816000,30,Half-Yearly,Active,Not Claimed,0,AG1284,2021-12-14,26-35,2021,2021-12
LIC104434,48,Male,Chandigarh,Chandigarh,Pension,58400,984000,12,Monthly,Active,Not Claimed,0,AG1293,2023-09-07,46-55,2023,2023-09
LIC104435,22,Male,Kolkata,West Bengal,Endowment,35100,662000,20,Quarterly,Active,Not Claimed,0,AG1276,2020-11-14,18-25,2020,2020-11
LIC104436,51,Male,Varanasi,Uttar Pradesh,Term,18600,237000,10,Half-Yearly,Active,Not Claimed,0,AG1215,2024-06-08,46-55,2024,2024-06
LIC104437,36,Female,Jaipur,Rajasthan,Whole Life,31200,681000,25,Half-Yearly,Active,Not Claimed,0,AG1235,2019-09-05,36-45,2019,2019-09
LIC104438,30,Female,Varanasi,Uttar Pradesh,Whole Life,15600,290000,15,Yearly,Active,Not Claimed,0,AG1148,2026-08-13,26-35,2026,2026-08
LIC104439,27,Female,Hyderabad,Telangana,Whole Life,20000,453000,25,Yearly,Active,Not Claimed,0,AG1050,2023-01-16,26-35,2023,2023-01
LIC104440,46,Male,Chennai,Tamil Nadu,Endowment,75900,814000,15,Yearly,Active,Not Claimed,0,AG1133,2026-08-03,46-55,2026,2026-08
LIC104441,39,Male,Indore,Madhya Pradesh,Endowment,48200,698000,5,Quarterly,Active,Not Claimed,0,AG1188,2018-09-12,36-45,2018,2018-09
LIC104442,56,Male,Indore,Madhya Pradesh,Pension,51900,515000,15,Yearly,Active,Not Claimed,0,AG1073,2018-09-29,56-65,2018,2018-09
LIC104443,25,Female,Lucknow,Uttar Pradesh,Pension,29900,349000,15,Quarterly,Active,Not Claimed,0,AG1299,2019-07-16,18-25,2019,2019-07
LIC104444,33,Male,Kochi,Kerala,Money Back,35400,521000,10,Monthly,Active,Not Claimed,0,AG1105,2023-08-09,26-35,2023,2023-08
LIC104445,38,Male,Chandigarh,Chandigarh,Pension,65500,1520000,12,Quarterly,Matured,Not Claimed,0,AG1292,2026-04-16,36-45,2026,2026-04
LIC104446,31,Male,Varanasi,Uttar Pradesh,Money Back,75400,1317000,20,Monthly,Active,Not Claimed,0,AG1232,2018-12-02,26-35,2018,2018-12
LIC104447,39,Male,Varanasi,Uttar Pradesh,Endowment,74800,1019000,5,Quarterly,Matured,Not Claimed,0,AG1101,2020-01-28,36-45,2020,2020-01
LIC104448,43,Male,Indore,Madhya Pradesh,Term,15400,319000,15,Half-Yearly,Matured,Not Claimed,0,AG1259,2018-07-27,36-45,2018,2018-07
LIC104449,44,Female,Chandigarh,Chandigarh,Endowment,40500,338000,15,Single Premium,Active,Not Claimed,0,AG1292,2018-02-04,36-45,2018,2018-02
LIC104450,56,Male,Chennai,Tamil Nadu,Money Back,29900,427000,20,Quarterly,Active,Not Claimed,0,AG1112,2018-04-24,56-65,2018,2018-04
LIC104451,25,Female,Mumbai,Maharashtra,Term,14200,259000,5,Yearly,Active,Not Claimed,0,AG1045,2020-11-21,18-25,2020,2020-11
LIC104452,43,Female,Mumbai,Maharashtra,Money Back,37200,666000,20,Monthly,Active,Not Claimed,0,AG1100,2025-09-13,36-45,2025,2025-09
LIC104453,32,Male,Surat,Gujarat,ULIP,46900,860000,5,Monthly,Active,Not Claimed,0,AG1157,2025-12-12,26-35,2025,2025-12
LIC104454,44,Male,Indore,Madhya Pradesh,Whole Life,59100,685000,12,Half-Yearly,Active,Not Claimed,0,AG1225,2025-09-08,36-45,2025,2025-09
LIC104455,44,Male,Chandigarh,Chandigarh,Whole Life,23000,316000,15,Yearly,Active,Not Claimed,0,AG1073,2020-07-09,36-45,2020,2020-07
LIC104456,28,Female,Ahmedabad,Gujarat,Pension,47400,1130000,25,Monthly,Active,Not Claimed,0,AG1069,2023-05-17,26-35,2023,2023-05
LIC104457,29,Male,Kochi,Kerala,Term,10100,248000,10,Monthly,Surrendered,Not Claimed,0,AG1172,2024-01-13,26-35,2024,2024-01
LIC104458,45,Male,Indore,Madhya Pradesh,Money Back,44200,588000,10,Quarterly,Active,Not Claimed,0,AG1224,2026-05-24,36-45,2026,2026-05
LIC104459,39,Male,Nagpur,Maharashtra,ULIP,37400,709000,20,Quarterly,Matured,Not Claimed,0,AG1049,2020-04-13,36-45,2020,2020-04
LIC104460,37,Male,Ahmedabad,Gujarat,Money Back,50200,608000,15,Yearly,Active,Not Claimed,0,AG1236,2026-03-30,36-45,2026,2026-03
LIC104461,46,Male,Ahmedabad,Gujarat,Endowment,43800,625000,20,Half-Yearly,Active,Not Claimed,0,AG1109,2023-03-02,46-55,2023,2023-03
LIC104462,47,Male,Surat,Gujarat,Term,13900,298000,30,Monthly,Active,Not Claimed,0,AG1273,2024-07-28,46-55,2024,2024-07
LIC104463,33,Female,Indore,Madhya Pradesh,Pension,26600,439000,30,Yearly,Surrendered,Not Claimed,0,AG1158,2020-07-17,26-35,2020,2020-07
LIC104464,30,Female,Hyderabad,Telangana,Money Back,27400,615000,15,Quarterly,Active,Not Claimed,0,AG1239,2021-08-19,26-35,2021,2021-08
LIC104465,25,Male,Kolkata,West Bengal,Pension,51300,959000,15,Yearly,Active,Not Claimed,0,AG1004,2021-02-15,18-25,2021,2021-02
LIC104466,39,Male,Chandigarh,Chandigarh,Money Back,42500,794000,25,Yearly,Matured,Not Claimed,0,AG1204,2023-09-14,36-45,2023,2023-09
LIC104467,23,Female,Kanpur,Uttar Pradesh,Whole Life,26100,224000,10,Single Premium,Active,Not Claimed,0,AG1084,2025-12-25,18-25,2025,2025-12
LIC104468,40,Male,Delhi,Delhi,ULIP,71400,1481000,15,Half-Yearly,Active,Not Claimed,0,AG1214,2021-09-05,36-45,2021,2021-09
LIC104469,52,Female,Kochi,Kerala,Whole Life,26300,648000,15,Half-Yearly,Surrendered,Not Claimed,0,AG1062,2018-08-06,46-55,2018,2018-08
LIC104470,35,Male,Chandigarh,Chandigarh,Endowment,18500,297000,12,Quarterly,Matured,Claimed,85000,AG1058,2021-07-15,26-35,2021,2021-07
LIC104471,33,Female,Hyderabad,Telangana,Money Back,39000,417000,30,Yearly,Active,Not Claimed,0,AG1172,2023-03-27,26-35,2023,2023-03
LIC104472,61,Male,Indore,Madhya Pradesh,ULIP,97900,2409000,20,Half-Yearly,Active,Not Claimed,0,AG1252,2022-09-13,56-65,2022,2022-09
LIC104473,56,Male,Kochi,Kerala,Endowment,75700,979000,15,Quarterly,Surrendered,Not Claimed,0,AG1137,2023-09-23,56-65,2023,2023-09
LIC104474,31,Female,Nagpur,Maharashtra,Endowment,29200,437000,25,Yearly,Surrendered,Not Claimed,0,AG1238,2021-04-12,26-35,2021,2021-04
LIC104475,41,Male,Kochi,Kerala,Term,16600,155000,15,Monthly,Active,Not Claimed,0,AG1006,2018-07-17,36-45,2018,2018-07
LIC104476,43,Male,Indore,Madhya Pradesh,Pension,64400,637000,25,Yearly,Lapsed,Not Claimed,0,AG1275,2020-05-06,36-45,2020,2020-05
LIC104477,41,Male,Patna,Bihar,Term,16200,189000,12,Yearly,Active,Not Claimed,0,AG1086,2018-10-29,36-45,2018,2018-10
LIC104478,59,Female,Kanpur,Uttar Pradesh,Whole Life,39800,689000,10,Half-Yearly,Active,Not Claimed,0,AG1148,2023-06-02,56-65,2023,2023-06
LIC104479,40,Male,Chandigarh,Chandigarh,Endowment,36400,636000,12,Half-Yearly,Active,Not Claimed,0,AG1064,2025-11-14,36-45,2025,2025-11
LIC104480,42,Female,Ahmedabad,Gujarat,Endowment,33600,615000,15,Quarterly,Active,Not Claimed,0,AG1155,2026-02-25,36-45,2026,2026-02
LIC104481,47,Male,Coimbatore,Tamil Nadu,Whole Life,26700,479000,12,Single Premium,Active,Claimed,461000,AG1135,2019-02-09,46-55,2019,2019-02
LIC104482,52,Male,Varanasi,Uttar Pradesh,Term,28300,465000,10,Monthly,Active,Not Claimed,0,AG1118,2025-08-01,46-55,2025,2025-08
LIC104483,49,Female,Surat,Gujarat,Money Back,42200,913000,30,Half-Yearly,Active,Not Claimed,0,AG1024,2025-07-22,46-55,2025,2025-07
LIC104484,45,Male,Jaipur,Rajasthan,ULIP,83200,1987000,25,Yearly,Active,Not Claimed,0,AG1264,2020-09-20,36-45,2020,2020-09
LIC104485,22,Male,Varanasi,Uttar Pradesh,Pension,55500,699000,20,Single Premium,Active,Not Claimed,0,AG1011,2020-04-25,18-25,2020,2020-04
LIC104486,34,Male,Lucknow,Uttar Pradesh,Term,28200,288000,25,Yearly,Surrendered,Claimed,225000,AG1066,2024-01-04,26-35,2024,2024-01
LIC104487,48,Male,Bhopal,Madhya Pradesh,Pension,69800,1063000,25,Yearly,Matured,Not Claimed,0,AG1263,2022-10-14,46-55,2022,2022-10
LIC104488,42,Male,Varanasi,Uttar Pradesh,Whole Life,40200,340000,20,Monthly,Active,Not Claimed,0,AG1024,2021-11-12,36-45,2021,2021-11
LIC104489,48,Male,Mumbai,Maharashtra,Pension,53600,1234000,15,Quarterly,Matured,Not Claimed,0,AG1141,2020-05-19,46-55,2020,2020-05
LIC104490,60,Male,Varanasi,Uttar Pradesh,Money Back,108700,1313000,25,Monthly,Active,Not Claimed,0,AG1231,2022-04-17,56-65,2022,2022-04
LIC104491,26,Male,Jaipur,Rajasthan,Money Back,37200,645000,15,Yearly,Active,Not Claimed,0,AG1088,2018-12-12,26-35,2018,2018-12
LIC104492,52,Male,Surat,Gujarat,Pension,33300,332000,10,Yearly,Surrendered,Not Claimed,0,AG1116,2018-06-05,46-55,2018,2018-06
LIC104493,35,Male,Mumbai,Maharashtra,Pension,51700,900000,15,Yearly,Active,Not Claimed,0,AG1280,2022-01-05,26-35,2022,2022-01
LIC104494,49,Female,Bhopal,Madhya Pradesh,Money Back,31900,276000,15,Yearly,Active,Not Claimed,0,AG1038,2020-07-25,46-55,2020,2020-07
LIC104495,39,Female,Bengaluru,Karnataka,Endowment,58500,1233000,25,Half-Yearly,Active,Not Claimed,0,AG1199,2022-12-30,36-45,2022,2022-12
LIC104496,62,Male,Patna,Bihar,Endowment,68100,1651000,20,Monthly,Active,Not Claimed,0,AG1266,2018-05-22,56-65,2018,2018-05
LIC104497,40,Male,Delhi,Delhi,Endowment,42200,558000,25,Quarterly,Active,Not Claimed,0,AG1158,2018-04-14,36-45,2018,2018-04
LIC104498,32,Female,Kanpur,Uttar Pradesh,Endowment,32800,406000,20,Monthly,Surrendered,Claimed,152000,AG1231,2021-05-23,26-35,2021,2021-05
LIC104499,44,Male,Jaipur,Rajasthan,Endowment,48500,757000,12,Yearly,Active,Not Claimed,0,AG1283,2018-04-18,36-45,2018,2018-04
LIC104500,43,Male,Surat,Gujarat,Pension,44000,816000,20,Monthly,Matured,Not Claimed,0,AG1286,2025-01-28,36-45,2025,2025-01
LIC104501,52,Female,Bhopal,Madhya Pradesh,Term,27000,303000,10,Yearly,Matured,Not Claimed,0,AG1128,2021-06-06,46-55,2021,2021-06
LIC104502,44,Male,Mumbai,Maharashtra,Whole Life,38800,840000,15,Yearly,Active,Not Claimed,0,AG1207,2026-03-03,36-45,2026,2026-03
LIC104503,66,Male,Indore,Madhya Pradesh,Term,56200,639000,20,Quarterly,Active,Claimed,574000,AG1258,2019-09-19,66+,2019,2019-09
LIC104504,38,Female,Nagpur,Maharashtra,Endowment,38400,311000,20,Monthly,Active,Not Claimed,0,AG1264,2026-04-02,36-45,2026,2026-04
LIC104505,38,Female,Ahmedabad,Gujarat,Term,17100,289000,25,Quarterly,Active,Not Claimed,0,AG1145,2018-07-27,36-45,2018,2018-07
LIC104506,32,Male,Ahmedabad,Gujarat,Endowment,40200,400000,12,Quarterly,Active,Claimed,217000,AG1048,2025-07-12,26-35,2025,2025-07
LIC104507,40,Male,Bhopal,Madhya Pradesh,ULIP,53400,1061000,20,Yearly,Surrendered,Not Claimed,0,AG1064,2019-12-28,36-45,2019,2019-12
LIC104508,42,Male,Mumbai,Maharashtra,Pension,69400,753000,10,Monthly,Lapsed,Not Claimed,0,AG1189,2022-03-25,36-45,2022,2022-03
LIC104509,42,Female,Patna,Bihar,Endowment,42100,922000,15,Yearly,Active,Not Claimed,0,AG1141,2022-10-29,36-45,2022,2022-10
LIC104510,40,Male,Ahmedabad,Gujarat,Money Back,66300,1061000,15,Yearly,Active,Not Claimed,0,AG1228,2022-10-23,36-45,2022,2022-10
LIC104511,32,Male,Lucknow,Uttar Pradesh,Money Back,42400,747000,15,Monthly,Active,Not Claimed,0,AG1107,2019-12-19,26-35,2019,2019-12
LIC104512,29,Female,Coimbatore,Tamil Nadu,Pension,41900,468000,10,Yearly,Active,Not Claimed,0,AG1130,2021-11-29,26-35,2021,2021-11
LIC104513,35,Male,Patna,Bihar,ULIP,42300,444000,15,Yearly,Matured,Not Claimed,0,AG1151,2018-06-30,26-35,2018,2018-06
LIC104514,52,Male,Hyderabad,Telangana,Money Back,58000,1086000,20,Yearly,Matured,Not Claimed,0,AG1213,2019-10-03,46-55,2019,2019-10
LIC104515,54,Male,Patna,Bihar,Whole Life,37100,458000,15,Monthly,Active,Not Claimed,0,AG1223,2022-12-28,46-55,2022,2022-12
LIC104516,38,Male,Chandigarh,Chandigarh,Pension,49900,727000,15,Monthly,Active,Not Claimed,0,AG1016,2022-09-05,36-45,2022,2022-09
LIC104517,29,Male,Mumbai,Maharashtra,Term,15200,245000,15,Monthly,Active,Not Claimed,0,AG1141,2026-05-07,26-35,2026,2026-05
LIC104518,38,Female,Ahmedabad,Gujarat,Endowment,42800,509000,30,Quarterly,Active,Not Claimed,0,AG1258,2023-04-04,36-45,2023,2023-04
LIC104519,62,Female,Pune,Maharashtra,Pension,53100,1143000,25,,Active,Not Claimed,0,AG1114,2021-11-11,56-65,2021,2021-11
LIC104520,50,Male,Kochi,Kerala,ULIP,89800,2153000,15,Yearly,Active,Not Claimed,0,AG1026,2023-12-04,46-55,2023,2023-12
LIC104521,45,Male,Pune,Maharashtra,Money Back,49300,756000,15,Single Premium,Active,Not Claimed,0,AG1286,2019-04-16,36-45,2019,2019-04
LIC104522,50,Male,Kolkata,West Bengal,Money Back,40500,956000,15,Monthly,Active,Not Claimed,0,AG1038,2022-08-31,46-55,2022,2022-08
LIC104523,56,Male,Indore,Madhya Pradesh,Endowment,49900,1148000,10,Monthly,Active,Not Claimed,0,AG1025,2018-01-04,56-65,2018,2018-01
LIC104524,26,Male,Coimbatore,Tamil Nadu,Money Back,36900,399000,12,Yearly,Active,Not Claimed,0,AG1052,2023-08-04,26-35,2023,2023-08
LIC104525,35,Female,Ahmedabad,Gujarat,Whole Life,30000,328000,12,Quarterly,Active,Not Claimed,0,AG1091,2024-02-24,26-35,2024,2024-02
LIC104526,33,Male,Jaipur,Rajasthan,Endowment,32100,517000,10,Quarterly,Active,Not Claimed,0,AG1138,2024-03-01,26-35,2024,2024-03
LIC104527,45,Male,Chandigarh,Chandigarh,Whole Life,19700,334000,20,Half-Yearly,Active,Not Claimed,0,AG1209,2021-11-02,36-45,2021,2021-11
LIC104528,41,Male,Bengaluru,Karnataka,Pension,41200,569000,15,Monthly,Active,Not Claimed,0,AG1061,2025-03-06,36-45,2025,2025-03
LIC104529,47,Male,Coimbatore,Tamil Nadu,Term,19900,265000,10,Yearly,Matured,Not Claimed,0,AG1111,2019-08-06,46-55,2019,2019-08
LIC104530,33,Male,Patna,Bihar,Money Back,29300,449000,25,Quarterly,Active,Not Claimed,0,AG1258,2019-08-27,26-35,2019,2019-08
LIC104531,54,Male,Chandigarh,Chandigarh,Endowment,64900,1281000,25,Half-Yearly,Active,Not Claimed,0,AG1135,2022-02-06,46-55,2022,2022-02
LIC104532,38,Male,Coimbatore,Tamil Nadu,Whole Life,29100,275000,25,Yearly,Surrendered,Claimed,179000,AG1060,2025-06-28,36-45,2025,2025-06
LIC104533,47,Female,Delhi,Delhi,Endowment,81200,1630000,15,Monthly,Active,Not Claimed,0,AG1189,2022-09-17,46-55,2022,2022-09
LIC104534,52,Male,Ahmedabad,Gujarat,Whole Life,30900,734000,10,Single Premium,Active,Not Claimed,0,AG1113,2025-02-28,46-55,2025,2025-02
LIC104535,51,Male,Coimbatore,Tamil Nadu,Pension,59500,1248000,10,Half-Yearly,Active,Not Claimed,0,AG1027,2019-08-02,46-55,2019,2019-08
LIC104536,43,Male,Hyderabad,Telangana,Endowment,42500,478000,12,Single Premium,Active,Not Claimed,0,AG1001,2020-06-27,36-45,2020,2020-06
LIC104537,48,Female,Chandigarh,Chandigarh,Pension,62800,596000,10,Monthly,Active,Not Claimed,0,AG1214,2024-10-19,46-55,2024,2024-10
LIC104538,58,Male,Pune,Maharashtra,Micro Insurance,10300,168000,25,Half-Yearly,Active,Not Claimed,0,AG1086,2023-10-12,56-65,2023,2023-10
LIC104539,45,Male,Coimbatore,Tamil Nadu,Term,23900,580000,30,Quarterly,Active,Not Claimed,0,AG1155,2025-02-13,36-45,2025,2025-02
LIC104540,31,Male,Pune,Maharashtra,Endowment,23800,522000,20,Yearly,Active,Not Claimed,0,AG1080,2023-06-18,26-35,2023,2023-06
LIC104541,45,Female,Delhi,Delhi,Pension,61800,1086000,20,Half-Yearly,Matured,Not Claimed,0,AG1060,2020-01-13,36-45,2020,2020-01
LIC104542,39,Male,Pune,Maharashtra,Pension,37900,395000,20,Half-Yearly,Active,Not Claimed,0,AG1036,2022-08-14,36-45,2022,2022-08
LIC104543,18,Male,Kolkata,West Bengal,Term,16500,332000,20,Yearly,Active,Not Claimed,0,AG1291,2018-06-24,18-25,2018,2018-06
LIC104544,44,Male,Coimbatore,Tamil Nadu,Term,24200,528000,30,Quarterly,Active,Not Claimed,0,AG1289,2020-07-15,36-45,2020,2020-07
LIC104545,40,Male,Varanasi,Uttar Pradesh,Term,13900,332000,20,Monthly,Lapsed,Not Claimed,0,AG1175,2025-04-10,36-45,2025,2025-04
LIC104546,52,Male,Chennai,Tamil Nadu,Micro Insurance,10000,184000,10,Half-Yearly,Lapsed,Not Claimed,0,AG1089,2023-07-24,46-55,2023,2023-07
LIC104547,31,Male,Chandigarh,Chandigarh,Term,16300,273000,10,Half-Yearly,Lapsed,Not Claimed,0,AG1059,2022-10-30,26-35,2022,2022-10
LIC104548,22,Female,Patna,Bihar,Money Back,66100,1225000,20,Quarterly,Active,Not Claimed,0,AG1061,2026-07-05,18-25,2026,2026-07
LIC104549,41,Male,Chennai,Tamil Nadu,Pension,52500,1262000,15,Half-Yearly,Active,Not Claimed,0,AG1242,2026-06-13,36-45,2026,2026-06
LIC104550,43,Male,Indore,Madhya Pradesh,Term,31800,594000,25,Single Premium,Active,Not Claimed,0,AG1283,2018-06-14,36-45,2018,2018-06
LIC104551,40,Male,Varanasi,Uttar Pradesh,Whole Life,44500,551000,20,Yearly,Active,Not Claimed,0,AG1225,2020-07-16,36-45,2020,2020-07
LIC104552,39,Male,Chandigarh,Chandigarh,Endowment,37100,698000,20,Monthly,Active,Not Claimed,0,AG1222,2024-02-07,36-45,2024,2024-02
LIC104553,27,Male,Jaipur,Rajasthan,Pension,33300,764000,5,Monthly,Surrendered,Not Claimed,0,AG1090,2021-12-06,26-35,2021,2021-12
LIC104554,37,Female,Chennai,Tamil Nadu,Endowment,44400,783000,15,Single Premium,Active,Not Claimed,0,AG1015,2018-10-30,36-45,2018,2018-10
LIC104555,35,Other,Nagpur,Maharashtra,Whole Life,25500,422000,15,Yearly,Active,Not Claimed,0,AG1185,2022-10-01,26-35,2022,2022-10
LIC104556,51,Male,Coimbatore,Tamil Nadu,Whole Life,55700,1140000,20,Yearly,Active,Not Claimed,0,AG1204,2020-04-27,46-55,2020,2020-04
LIC104557,43,Male,Bengaluru,Karnataka,Endowment,43000,827000,15,Quarterly,Active,Not Claimed,0,AG1041,2024-04-12,36-45,2024,2024-04
LIC104558,36,Male,Nagpur,Maharashtra,Term,16700,150000,30,Yearly,Active,Not Claimed,0,AG1171,2020-07-16,36-45,2020,2020-07
LIC104559,58,Male,Ahmedabad,Gujarat,Endowment,36300,738000,20,Yearly,Active,Not Claimed,0,AG1268,2024-09-21,56-65,2024,2024-09
LIC104560,36,Male,Mumbai,Maharashtra,Endowment,47800,714000,20,Quarterly,Surrendered,Claimed,255000,AG1196,2018-01-14,36-45,2018,2018-01
LIC104561,45,Female,Lucknow,Uttar Pradesh,ULIP,41900,1005000,25,Half-Yearly,Active,Not Claimed,0,AG1250,2021-12-25,36-45,2021,2021-12
LIC104562,37,Female,Kochi,Kerala,ULIP,60300,1478000,30,Half-Yearly,Surrendered,Claimed,1201000,AG1195,2023-10-28,36-45,2023,2023-10
LIC104563,57,Male,Kanpur,Uttar Pradesh,Money Back,53500,836000,10,Half-Yearly,Active,Not Claimed,0,AG1230,2018-01-01,56-65,2018,2018-01
LIC104564,40,Male,Ahmedabad,Gujarat,Whole Life,25800,631000,20,Yearly,Active,Not Claimed,0,AG1096,2020-09-14,36-45,2020,2020-09
LIC104565,40,Female,Mumbai,Maharashtra,Whole Life,41600,553000,10,Yearly,Active,Not Claimed,0,AG1218,2025-10-05,36-45,2025,2025-10
LIC104566,37,Male,Bhopal,Madhya Pradesh,Pension,45500,892000,15,Yearly,Active,Not Claimed,0,AG1004,2025-11-13,36-45,2025,2025-11
LIC104567,41,Male,Ahmedabad,Gujarat,Endowment,29800,276000,10,Yearly,Active,Not Claimed,0,AG1005,2019-10-09,36-45,2019,2019-10
LIC104568,52,Male,Kanpur,Uttar Pradesh,Endowment,77900,815000,20,Half-Yearly,Active,Not Claimed,0,AG1046,2024-11-18,46-55,2024,2024-11
LIC104569,48,Male,Kochi,Kerala,Endowment,37500,851000,15,Quarterly,Active,Not Claimed,0,AG1126,2024-12-17,46-55,2024,2024-12
LIC104570,39,Male,Chennai,Tamil Nadu,Money Back,43500,1009000,20,Yearly,Surrendered,Claimed,367000,AG1137,2023-02-12,36-45,2023,2023-02
LIC104571,58,Male,Pune,Maharashtra,Money Back,51800,883000,20,Half-Yearly,Active,Not Claimed,0,AG1136,2025-03-08,56-65,2025,2025-03
LIC104572,49,Female,Bhopal,Madhya Pradesh,Money Back,46900,646000,20,Monthly,Lapsed,Not Claimed,0,AG1189,2022-01-10,46-55,2022,2022-01
LIC104573,34,Male,Jaipur,Rajasthan,Term,20000,313000,12,Half-Yearly,Active,Not Claimed,0,AG1143,2019-12-09,26-35,2019,2019-12
LIC104574,24,Male,Surat,Gujarat,Whole Life,22900,522000,25,Monthly,Active,Not Claimed,0,AG1073,2021-08-22,18-25,2021,2021-08
LIC104575,34,Female,Kanpur,Uttar Pradesh,Endowment,67400,781000,15,Yearly,Active,Not Claimed,0,AG1178,2019-08-26,26-35,2019,2019-08
LIC104576,44,Male,Bhopal,Madhya Pradesh,Term,26100,340000,15,Quarterly,Matured,Not Claimed,0,AG1226,2025-10-02,36-45,2025,2025-10
LIC104577,46,Male,Nagpur,Maharashtra,Endowment,54300,1159000,30,Quarterly,Active,Not Claimed,0,AG1278,2019-02-02,46-55,2019,2019-02
LIC104578,54,Male,Indore,Madhya Pradesh,Endowment,35500,848000,12,Single Premium,Active,Not Claimed,0,AG1238,2023-06-05,46-55,2023,2023-06
LIC104579,27,Male,Delhi,Delhi,Money Back,27400,262000,15,Yearly,Active,Not Claimed,0,AG1094,2024-09-04,26-35,2024,2024-09
LIC104580,34,Male,Bengaluru,Karnataka,Endowment,50500,1094000,20,Yearly,Active,Not Claimed,0,AG1197,2020-01-19,26-35,2020,2020-01
LIC104581,26,Female,Lucknow,Uttar Pradesh,Money Back,20500,389000,10,Half-Yearly,Lapsed,Not Claimed,0,AG1064,2018-01-14,26-35,2018,2018-01
LIC104582,24,Male,Jaipur,Rajasthan,Money Back,39600,472000,15,Yearly,Active,Not Claimed,0,AG1150,2021-04-08,18-25,2021,2021-04
LIC104583,32,Male,Varanasi,Uttar Pradesh,Endowment,28900,603000,20,Yearly,Active,Not Claimed,0,AG1141,2023-11-27,26-35,2023,2023-11
LIC104584,43,Male,Ahmedabad,Gujarat,Term,15500,316000,12,Half-Yearly,Lapsed,Not Claimed,0,AG1231,2023-01-28,36-45,2023,2023-01
LIC104585,47,Male,Lucknow,Uttar Pradesh,Pension,37000,385000,15,Single Premium,Active,Not Claimed,0,AG1245,2023-09-22,46-55,2023,2023-09
LIC104586,29,Female,Coimbatore,Tamil Nadu,Endowment,45000,744000,20,Monthly,Active,Not Claimed,0,AG1277,2025-11-12,26-35,2025,2025-11
LIC104587,30,Male,Bengaluru,Karnataka,Endowment,57400,1199000,20,Single Premium,Active,Not Claimed,0,AG1031,2024-08-02,26-35,2024,2024-08
LIC104588,19,Male,Kolkata,West Bengal,Term,19800,223000,20,Quarterly,Lapsed,Not Claimed,0,AG1038,2019-04-20,18-25,2019,2019-04
LIC104589,41,Female,Bengaluru,Karnataka,Money Back,43900,697000,25,Half-Yearly,Surrendered,Not Claimed,0,AG1039,2021-01-03,36-45,2021,2021-01
LIC104590,31,Male,Kanpur,Uttar Pradesh,Money Back,37700,379000,15,Monthly,Active,Not Claimed,0,AG1164,2023-05-05,26-35,2023,2023-05
LIC104591,57,Female,Chandigarh,Chandigarh,Money Back,55100,728000,20,Half-Yearly,Matured,Not Claimed,0,AG1267,2024-12-27,56-65,2024,2024-12
LIC104592,44,Male,Surat,Gujarat,Whole Life,37900,444000,20,Half-Yearly,Active,Not Claimed,0,AG1069,2025-11-22,36-45,2025,2025-11
LIC104593,37,Male,Bengaluru,Karnataka,Term,8600,143000,12,Single Premium,Active,Not Claimed,0,AG1290,2020-06-15,36-45,2020,2020-06
LIC104594,32,Female,Bhopal,Madhya Pradesh,Endowment,54100,563000,30,Single Premium,Active,Not Claimed,0,AG1229,2023-10-29,26-35,2023,2023-10
LIC104595,23,Female,Jaipur,Rajasthan,Pension,60100,872000,25,Single Premium,Active,Not Claimed,0,AG1261,2022-09-04,18-25,2022,2022-09
LIC104596,24,Male,Bhopal,Madhya Pradesh,Pension,43400,550000,12,Quarterly,Active,Not Claimed,0,AG1020,2023-07-04,18-25,2023,2023-07
LIC104597,32,Male,Surat,Gujarat,Term,10400,215000,20,Single Premium,Lapsed,Not Claimed,0,AG1063,2019-05-09,26-35,2019,2019-05
LIC104598,31,Male,Delhi,Delhi,Money Back,38500,766000,20,Quarterly,Active,Not Claimed,0,AG1170,2023-01-26,26-35,2023,2023-01
LIC104599,28,Male,Kochi,Kerala,Endowment,46000,442000,15,Yearly,Surrendered,Claimed,415000,AG1013,2021-07-06,26-35,2021,2021-07
LIC104600,43,Female,Varanasi,Uttar Pradesh,Term,17400,421000,25,Monthly,Active,Not Claimed,0,AG1137,2024-12-26,36-45,2024,2024-12
LIC104601,45,Male,Bhopal,Madhya Pradesh,Endowment,49600,1025000,20,Half-Yearly,Active,Not Claimed,0,AG1224,2025-04-27,36-45,2025,2025-04
LIC104602,34,Male,Chennai,Tamil Nadu,Term,24300,449000,20,Single Premium,Active,Not Claimed,0,AG1094,2020-04-27,26-35,2020,2020-04
LIC104603,60,Female,Kanpur,Uttar Pradesh,Whole Life,76300,1230000,10,Single Premium,Active,Not Claimed,0,AG1177,2023-11-29,56-65,2023,2023-11
LIC104604,20,Male,Kanpur,Uttar Pradesh,Money Back,37500,413000,15,Yearly,Matured,Not Claimed,0,AG1156,2023-01-20,18-25,2023,2023-01
LIC104605,40,Male,Mumbai,Maharashtra,Term,20900,509000,15,Yearly,Active,Not Claimed,0,AG1121,2022-03-18,36-45,2022,2022-03
LIC104606,37,Female,Delhi,Delhi,Term,14600,119000,20,Monthly,Surrendered,Not Claimed,0,AG1171,2019-06-25,36-45,2019,2019-06
LIC104607,33,Female,Bengaluru,Karnataka,ULIP,45200,894000,20,Yearly,Surrendered,Claimed,714000,AG1198,2025-10-02,26-35,2025,2025-10
LIC104608,31,Female,Varanasi,Uttar Pradesh,Term,17300,288000,10,Half-Yearly,Active,Not Claimed,0,AG1169,2024-04-13,26-35,2024,2024-04
LIC104609,39,Male,Chandigarh,Chandigarh,Whole Life,43700,1020000,12,Monthly,Active,Not Claimed,0,AG1172,2025-04-08,36-45,2025,2025-04
LIC104610,37,Female,Varanasi,Uttar Pradesh,Endowment,54100,783000,15,Monthly,Active,Not Claimed,0,AG1157,2020-01-16,36-45,2020,2020-01
LIC104611,35,Male,Mumbai,Maharashtra,Money Back,61800,1039000,20,Monthly,Active,Not Claimed,0,AG1210,2021-11-19,26-35,2021,2021-11
LIC104612,25,Male,Varanasi,Uttar Pradesh,Endowment,27700,571000,20,Yearly,Active,Not Claimed,0,AG1281,2022-02-12,18-25,2022,2022-02
LIC104613,21,Female,Pune,Maharashtra,Term,12400,109000,15,Monthly,Active,Not Claimed,0,AG1196,2020-11-13,18-25,2020,2020-11
LIC104614,36,Male,Surat,Gujarat,Endowment,57900,517000,10,Half-Yearly,Active,Not Claimed,0,AG1270,2022-08-23,36-45,2022,2022-08
LIC104615,35,Female,Nagpur,Maharashtra,Term,27000,313000,12,Quarterly,Active,Not Claimed,0,AG1187,2025-11-29,26-35,2025,2025-11
LIC104616,37,Male,Varanasi,Uttar Pradesh,Endowment,43400,455000,12,Half-Yearly,Active,Not Claimed,0,AG1062,2019-11-25,36-45,2019,2019-11
LIC104617,38,Male,Surat,Gujarat,Whole Life,8900,100000,20,Yearly,Active,Not Claimed,0,AG1145,2018-08-29,36-45,2018,2018-08
LIC104618,33,Female,Nagpur,Maharashtra,Endowment,34100,634000,10,Yearly,Active,Not Claimed,0,AG1226,2019-11-27,26-35,2019,2019-11
LIC104619,37,Male,Kolkata,West Bengal,Term,20200,435000,15,Half-Yearly,Surrendered,Claimed,224000,AG1117,2021-10-07,36-45,2021,2021-10
LIC104620,30,Male,Pune,Maharashtra,Money Back,28000,680000,20,Half-Yearly,Active,Not Claimed,0,AG1206,2025-12-12,26-35,2025,2025-12
LIC104621,56,Male,Chandigarh,Chandigarh,Whole Life,39600,614000,30,Quarterly,Active,Not Claimed,0,AG1066,2024-07-28,56-65,2024,2024-07
LIC104622,30,Female,Patna,Bihar,Micro Insurance,10200,130000,30,Yearly,Lapsed,Not Claimed,0,AG1028,2018-04-04,26-35,2018,2018-04
LIC104623,35,Male,Kanpur,Uttar Pradesh,Money Back,53700,1218000,30,Quarterly,Lapsed,Not Claimed,0,AG1264,2022-10-10,26-35,2022,2022-10
LIC104624,31,Male,Bhopal,Madhya Pradesh,Money Back,45200,1010000,20,Monthly,Matured,Not Claimed,0,AG1221,2018-02-22,26-35,2018,2018-02
LIC104625,31,Male,Surat,Gujarat,Money Back,35400,659000,20,Yearly,Active,Claimed,644000,AG1010,2019-01-05,26-35,2019,2019-01
LIC104626,39,Female,Chennai,Tamil Nadu,Pension,43800,554000,20,Quarterly,Matured,Not Claimed,0,AG1277,2025-04-11,36-45,2025,2025-04
LIC104627,38,Female,Kochi,Kerala,Pension,61500,1442000,25,Yearly,Active,Not Claimed,0,AG1291,2022-01-08,36-45,2022,2022-01
LIC104628,34,Female,Bengaluru,Karnataka,Endowment,42300,467000,30,Quarterly,Matured,Claimed,293000,AG1004,2025-05-01,26-35,2025,2025-05
LIC104629,36,Male,Ahmedabad,Gujarat,Endowment,43200,378000,15,Yearly,Active,Not Claimed,0,AG1181,2023-01-27,36-45,2023,2023-01
LIC104630,31,Male,Bengaluru,Karnataka,Endowment,27200,586000,15,Monthly,Matured,Not Claimed,0,AG1085,2024-08-02,26-35,2024,2024-08
LIC104631,43,Male,Ahmedabad,Gujarat,Money Back,32300,568000,15,Quarterly,Surrendered,Not Claimed,0,AG1025,2023-10-10,36-45,2023,2023-10
LIC104632,62,Male,Kochi,Kerala,ULIP,85000,1036000,20,Quarterly,Active,Not Claimed,0,AG1020,2021-06-29,56-65,2021,2021-06
LIC104633,29,Male,Lucknow,Uttar Pradesh,Money Back,26400,512000,20,Yearly,Surrendered,Claimed,148000,AG1199,2020-01-30,26-35,2020,2020-01
LIC104634,43,Female,Varanasi,Uttar Pradesh,Term,21300,448000,25,Single Premium,Active,Not Claimed,0,AG1199,2020-02-15,36-45,2020,2020-02
LIC104635,39,Female,Chandigarh,Chandigarh,ULIP,61200,1368000,15,Half-Yearly,Active,Not Claimed,0,AG1096,2019-07-20,36-45,2019,2019-07
LIC104636,46,Male,Ahmedabad,Gujarat,ULIP,67200,860000,15,Yearly,Active,Not Claimed,0,AG1096,2021-04-19,46-55,2021,2021-04
LIC104637,47,Male,Patna,Bihar,Endowment,56200,474000,30,Yearly,Surrendered,Claimed,315000,AG1278,2020-12-05,46-55,2020,2020-12
LIC104638,41,Female,Kolkata,West Bengal,Whole Life,38300,638000,12,Single Premium,Active,Not Claimed,0,AG1049,2021-02-15,36-45,2021,2021-02
LIC104639,39,Male,Indore,Madhya Pradesh,Endowment,37000,834000,10,Yearly,Active,Not Claimed,0,AG1089,2026-08-31,36-45,2026,2026-08
LIC104640,34,Male,Kolkata,West Bengal,Pension,31800,367000,20,Monthly,Active,Not Claimed,0,AG1006,2022-04-16,26-35,2022,2022-04
LIC104641,31,Male,Indore,Madhya Pradesh,Pension,37600,570000,10,Yearly,Surrendered,Not Claimed,0,AG1146,2024-01-11,26-35,2024,2024-01
LIC104642,38,Male,Pune,Maharashtra,Money Back,45800,566000,15,Half-Yearly,Lapsed,Not Claimed,0,AG1012,2024-12-01,36-45,2024,2024-12
LIC104643,25,Female,Kolkata,West Bengal,Whole Life,21400,176000,12,Monthly,Active,Not Claimed,0,AG1028,2020-07-04,18-25,2020,2020-07
LIC104644,32,Male,Jaipur,Rajasthan,Pension,35900,836000,10,Monthly,Active,Not Claimed,0,AG1275,2018-10-05,26-35,2018,2018-10
LIC104645,51,Male,Kanpur,Uttar Pradesh,Money Back,32000,329000,20,Single Premium,Active,Not Claimed,0,AG1043,2021-08-29,46-55,2021,2021-08
LIC104646,40,Male,Delhi,Delhi,Endowment,26600,560000,15,Single Premium,Active,Claimed,168000,AG1099,2019-03-17,36-45,2019,2019-03
LIC104647,49,Female,Mumbai,Maharashtra,ULIP,44100,613000,15,Yearly,Active,Claimed,340000,AG1143,2025-04-17,46-55,2025,2025-04
LIC104648,55,Male,Ahmedabad,Gujarat,Endowment,68900,876000,10,Single Premium,Active,Not Claimed,0,AG1292,2021-03-23,46-55,2021,2021-03
LIC104649,37,Male,Coimbatore,Tamil Nadu,Endowment,35200,845000,20,Yearly,Matured,Claimed,376000,AG1097,2025-12-14,36-45,2025,2025-12
LIC104650,41,Female,Patna,Bihar,Pension,31500,604000,12,Monthly,Active,Not Claimed,0,AG1085,2023-03-08,36-45,2023,2023-03
LIC104651,36,Female,Bhopal,Madhya Pradesh,ULIP,45600,897000,15,Quarterly,Active,Not Claimed,0,AG1298,2024-01-12,36-45,2024,2024-01
LIC104652,30,Other,Bhopal,Madhya Pradesh,Endowment,48500,1014000,12,Monthly,Active,Not Claimed,0,AG1091,2023-02-02,26-35,2023,2023-02
LIC104653,29,Female,Hyderabad,Telangana,Endowment,25200,348000,15,Monthly,Active,Not Claimed,0,AG1030,2022-12-21,26-35,2022,2022-12
LIC104654,48,Male,Indore,Madhya Pradesh,Endowment,63400,1115000,15,Monthly,Active,Not Claimed,0,AG1295,2022-04-10,46-55,2022,2022-04
LIC104655,41,Male,Ahmedabad,Gujarat,Endowment,30100,379000,15,Half-Yearly,Active,Not Claimed,0,AG1174,2026-01-08,36-45,2026,2026-01
LIC104656,59,Male,Jaipur,Rajasthan,Term,20800,461000,30,Yearly,Matured,Not Claimed,0,AG1186,2022-12-07,56-65,2022,2022-12
LIC104657,50,Male,Hyderabad,Telangana,ULIP,54700,995000,25,Yearly,Active,Not Claimed,0,AG1030,2025-10-22,46-55,2025,2025-10
LIC104658,31,Female,Surat,Gujarat,Endowment,35900,436000,20,Half-Yearly,Active,Not Claimed,0,AG1251,2022-07-19,26-35,2022,2022-07
LIC104659,48,Female,Delhi,Delhi,Money Back,40900,953000,5,Single Premium,Lapsed,Not Claimed,0,AG1109,2021-11-25,46-55,2021,2021-11
LIC104660,36,Female,Varanasi,Uttar Pradesh,Endowment,52900,946000,20,Half-Yearly,Lapsed,Not Claimed,0,AG1213,2023-06-21,36-45,2023,2023-06
LIC104661,52,Male,Bhopal,Madhya Pradesh,Micro Insurance,7100,117000,10,Yearly,Lapsed,Not Claimed,0,AG1218,2024-06-19,46-55,2024,2024-06
LIC104662,34,Female,Mumbai,Maharashtra,Endowment,35400,304000,20,Quarterly,Surrendered,Not Claimed,0,AG1182,2022-06-07,26-35,2022,2022-06
LIC104663,27,Female,Ahmedabad,Gujarat,Term,20500,481000,15,Quarterly,Lapsed,Not Claimed,0,AG1037,2019-08-17,26-35,2019,2019-08
LIC104664,30,Male,Kolkata,West Bengal,Term,19100,462000,25,Yearly,Active,Not Claimed,0,AG1150,2023-09-02,26-35,2023,2023-09
LIC104665,31,Female,Surat,Gujarat,Money Back,29800,523000,30,Quarterly,Lapsed,Not Claimed,0,AG1097,2019-10-10,26-35,2019,2019-10
LIC104666,30,Male,Mumbai,Maharashtra,Money Back,36400,565000,15,Half-Yearly,Active,Not Claimed,0,AG1024,2021-08-22,26-35,2021,2021-08
LIC104667,33,Male,Mumbai,Maharashtra,Endowment,34000,480000,15,Quarterly,Active,Not Claimed,0,AG1122,2021-11-24,26-35,2021,2021-11
LIC104668,48,Male,Lucknow,Uttar Pradesh,Endowment,38100,478000,20,Yearly,Active,Not Claimed,0,AG1086,2025-04-02,46-55,2025,2025-04
LIC104669,59,Male,Lucknow,Uttar Pradesh,Term,29100,517000,10,Single Premium,Active,Not Claimed,0,AG1161,2023-01-09,56-65,2023,2023-01
LIC104670,24,Male,Surat,Gujarat,Money Back,40800,415000,25,Monthly,Active,Not Claimed,0,AG1017,2020-05-30,18-25,2020,2020-05
LIC104671,53,Male,Chandigarh,Chandigarh,Money Back,54300,1283000,15,Yearly,Active,Not Claimed,0,AG1244,2026-01-08,46-55,2026,2026-01
LIC104672,34,Other,Pune,Maharashtra,Term,21500,236000,10,Monthly,Active,Not Claimed,0,AG1268,2021-05-19,26-35,2021,2021-05
LIC104673,43,Female,Bengaluru,Karnataka,Term,15400,318000,20,,Matured,Not Claimed,0,AG1286,2022-06-06,36-45,2022,2022-06
LIC104674,21,Female,Indore,Madhya Pradesh,Term,23800,315000,10,Monthly,Matured,Claimed,150000,AG1218,2023-11-14,18-25,2023,2023-11
LIC104675,45,Male,Kanpur,Uttar Pradesh,Term,18500,219000,10,Yearly,Active,Not Claimed,0,AG1006,2022-05-01,36-45,2022,2022-05
LIC104676,18,Male,Ahmedabad,Gujarat,Whole Life,38900,680000,15,Monthly,Lapsed,Not Claimed,0,AG1267,2021-12-27,18-25,2021,2021-12
LIC104677,42,Male,Surat,Gujarat,Term,18800,395000,20,Half-Yearly,Active,Not Claimed,0,AG1235,2021-10-15,36-45,2021,2021-10
LIC104678,42,Male,Chandigarh,Chandigarh,Endowment,49700,1012000,15,Quarterly,Matured,Claimed,636000,AG1124,2025-10-01,36-45,2025,2025-10
LIC104679,41,Male,Chandigarh,Chandigarh,Term,21200,254000,20,Monthly,Active,Not Claimed,0,AG1060,2020-12-08,36-45,2020,2020-12
LIC104680,31,Male,Indore,Madhya Pradesh,Pension,60300,821000,10,Yearly,Active,Not Claimed,0,AG1010,2025-08-15,26-35,2025,2025-08
LIC104681,45,Male,Chandigarh,Chandigarh,Pension,34000,774000,15,Monthly,Active,Not Claimed,0,AG1016,2026-06-05,36-45,2026,2026-06
LIC104682,43,Male,Pune,Maharashtra,Endowment,29600,601000,15,Monthly,Active,Not Claimed,0,AG1084,2020-12-14,36-45,2020,2020-12
LIC104683,37,Female,Chandigarh,Chandigarh,Endowment,51900,1044000,30,Quarterly,Active,Not Claimed,0,AG1172,2020-04-30,36-45,2020,2020-04
LIC104684,46,Male,Kanpur,Uttar Pradesh,Endowment,52500,660000,5,Half-Yearly,Active,Not Claimed,0,AG1147,2023-06-23,46-55,2023,2023-06
LIC104685,38,Male,Nagpur,Maharashtra,Money Back,30000,644000,12,Yearly,Active,Not Claimed,0,AG1100,2025-12-01,36-45,2025,2025-12
LIC104686,45,Male,Indore,Madhya Pradesh,Term,22300,314000,30,Monthly,Active,Not Claimed,0,AG1271,2026-06-14,36-45,2026,2026-06
LIC104687,38,Male,Pune,Maharashtra,Whole Life,21000,311000,30,Monthly,Active,Not Claimed,0,AG1215,2019-06-07,36-45,2019,2019-06
LIC104688,41,Male,Bengaluru,Karnataka,Money Back,96300,1241000,25,Quarterly,Surrendered,Not Claimed,0,AG1085,2021-11-07,36-45,2021,2021-11
LIC104689,45,Female,Nagpur,Maharashtra,Pension,77600,781000,10,Quarterly,Active,Claimed,200000,AG1039,2021-10-31,36-45,2021,2021-10
LIC104690,35,Female,Nagpur,Maharashtra,Term,21400,324000,15,Yearly,Active,Not Claimed,0,AG1005,2021-01-02,26-35,2021,2021-01
LIC104691,25,Male,Surat,Gujarat,ULIP,53100,440000,15,Yearly,Active,Not Claimed,0,AG1086,2020-03-29,18-25,2020,2020-03
LIC104692,42,Male,Ahmedabad,Gujarat,ULIP,47400,747000,20,Half-Yearly,Matured,Not Claimed,0,AG1287,2022-08-28,36-45,2022,2022-08
LIC104693,52,Male,Surat,Gujarat,Term,15000,305000,10,Quarterly,Active,Not Claimed,0,AG1207,2023-05-23,46-55,2023,2023-05
LIC104694,42,Female,Indore,Madhya Pradesh,Endowment,44100,1073000,10,Yearly,Matured,Claimed,632000,AG1038,2018-03-29,36-45,2018,2018-03
LIC104695,42,Male,Chandigarh,Chandigarh,Term,15300,143000,15,Yearly,Active,Not Claimed,0,AG1256,2022-11-14,36-45,2022,2022-11
LIC104696,39,Male,Bengaluru,Karnataka,Endowment,35200,450000,10,Half-Yearly,Active,Not Claimed,0,AG1180,2018-12-22,36-45,2018,2018-12
LIC104697,47,Female,Pune,Maharashtra,Endowment,32300,530000,20,Yearly,Active,Not Claimed,0,AG1019,2020-12-24,46-55,2020,2020-12
LIC104698,37,Female,Kolkata,West Bengal,Money Back,39500,430000,25,Yearly,Active,Not Claimed,0,AG1163,2023-07-23,36-45,2023,2023-07
LIC104699,34,Female,Chandigarh,Chandigarh,Endowment,37800,377000,20,Half-Yearly,Active,Not Claimed,0,AG1202,2021-07-20,26-35,2021,2021-07
LIC104700,51,Female,Delhi,Delhi,Pension,66500,1043000,15,Quarterly,Active,Not Claimed,0,AG1271,2024-02-17,46-55,2024,2024-02
LIC104701,33,Female,Surat,Gujarat,Term,20500,366000,25,Yearly,Active,Not Claimed,0,AG1088,2019-10-16,26-35,2019,2019-10
LIC104702,49,Male,Kolkata,West Bengal,Micro Insurance,7500,165000,10,Monthly,Active,Claimed,125000,AG1175,2026-07-07,46-55,2026,2026-07
LIC104703,51,Male,Varanasi,Uttar Pradesh,Endowment,105400,2631000,12,Yearly,Active,Not Claimed,0,AG1243,2021-10-29,46-55,2021,2021-10
LIC104704,45,Female,Pune,Maharashtra,ULIP,73300,1551000,15,Yearly,Active,Not Claimed,0,AG1148,2019-10-27,36-45,2019,2019-10
LIC104705,25,Female,Pune,Maharashtra,Endowment,29500,347000,10,Yearly,Active,Not Claimed,0,AG1265,2024-08-24,18-25,2024,2024-08
LIC104706,39,Other,Kochi,Kerala,Term,21400,443000,10,Half-Yearly,Active,Not Claimed,0,AG1005,2023-09-16,36-45,2023,2023-09
LIC104707,37,Male,Kochi,Kerala,Pension,48400,829000,15,Monthly,Active,Not Claimed,0,AG1139,2020-01-09,36-45,2020,2020-01
LIC104708,34,Male,Chennai,Tamil Nadu,Endowment,28800,451000,30,Monthly,Lapsed,Not Claimed,0,AG1103,2026-03-19,26-35,2026,2026-03
LIC104709,41,Male,Chandigarh,Chandigarh,Whole Life,21600,516000,25,Yearly,Active,Not Claimed,0,AG1258,2021-06-29,36-45,2021,2021-06
LIC104710,47,Male,Nagpur,Maharashtra,Money Back,46800,933000,15,Yearly,Active,Not Claimed,0,AG1180,2018-01-11,46-55,2018,2018-01
LIC104711,34,Male,Nagpur,Maharashtra,Money Back,43800,858000,10,Yearly,Surrendered,Not Claimed,0,AG1246,2018-11-30,26-35,2018,2018-11
LIC104712,37,Female,Indore,Madhya Pradesh,Money Back,27500,225000,10,Monthly,Active,Not Claimed,0,AG1148,2024-10-02,36-45,2024,2024-10
LIC104713,36,Male,Hyderabad,Telangana,ULIP,69000,1567000,15,Single Premium,Active,Not Claimed,0,AG1021,2024-04-04,36-45,2024,2024-04
LIC104714,52,Female,Bhopal,Madhya Pradesh,Term,23500,505000,10,Single Premium,Active,Not Claimed,0,AG1158,2020-05-30,46-55,2020,2020-05
LIC104715,36,Female,Surat,Gujarat,Whole Life,42400,555000,10,Quarterly,Active,Not Claimed,0,AG1176,2021-12-14,36-45,2021,2021-12
LIC104716,25,Male,Coimbatore,Tamil Nadu,Pension,65100,844000,20,Half-Yearly,Active,Not Claimed,0,AG1257,2024-06-13,18-25,2024,2024-06
LIC104717,22,Male,Patna,Bihar,Term,17200,153000,20,Yearly,Active,Not Claimed,0,AG1265,2019-08-04,18-25,2019,2019-08
LIC104718,43,Male,Surat,Gujarat,Term,31200,277000,12,Yearly,Active,Not Claimed,0,AG1113,2018-06-19,36-45,2018,2018-06
LIC104719,31,Female,Bhopal,Madhya Pradesh,Whole Life,21900,424000,20,Single Premium,Active,Not Claimed,0,AG1168,2022-05-26,26-35,2022,2022-05
LIC104720,46,Female,Bengaluru,Karnataka,Endowment,92800,1036000,20,Monthly,Active,Not Claimed,0,AG1021,2022-03-05,46-55,2022,2022-03
LIC104721,24,Female,Chandigarh,Chandigarh,Endowment,32800,777000,15,Half-Yearly,Lapsed,Not Claimed,0,AG1080,2025-03-26,18-25,2025,2025-03
LIC104722,33,Female,Bengaluru,Karnataka,Term,17800,397000,10,Yearly,Active,Not Claimed,0,AG1228,2022-03-17,26-35,2022,2022-03
LIC104723,24,Male,Coimbatore,Tamil Nadu,Money Back,30700,428000,25,Yearly,Active,Not Claimed,0,AG1037,2024-11-04,18-25,2024,2024-11
LIC104724,44,Female,Varanasi,Uttar Pradesh,Term,17900,259000,20,Yearly,Lapsed,Not Claimed,0,AG1091,2019-06-06,36-45,2019,2019-06
LIC104725,46,Female,Chennai,Tamil Nadu,Money Back,92400,1253000,12,Single Premium,Active,Not Claimed,0,AG1152,2020-07-29,46-55,2020,2020-07
LIC104726,43,Female,Bengaluru,Karnataka,ULIP,50100,479000,20,Half-Yearly,Active,Not Claimed,0,AG1178,2019-03-16,36-45,2019,2019-03
LIC104727,27,Male,Kanpur,Uttar Pradesh,Endowment,53300,455000,15,Yearly,Active,Not Claimed,0,AG1182,2023-08-09,26-35,2023,2023-08
LIC104728,31,Female,Bhopal,Madhya Pradesh,Money Back,33700,529000,20,Quarterly,Active,Not Claimed,0,AG1110,2024-01-04,26-35,2024,2024-01
LIC104729,42,Male,Ahmedabad,Gujarat,Micro Insurance,8500,204000,15,Quarterly,Active,Not Claimed,0,AG1109,2020-06-04,36-45,2020,2020-06
LIC104730,20,Female,Chandigarh,Chandigarh,Whole Life,25800,609000,15,Monthly,Active,Not Claimed,0,AG1156,2018-10-25,18-25,2018,2018-10
LIC104731,36,Male,Hyderabad,Telangana,Pension,52200,1136000,20,Yearly,Active,Not Claimed,0,AG1260,2024-08-14,36-45,2024,2024-08
LIC104732,56,Male,Patna,Bihar,Endowment,62700,1172000,20,Single Premium,Active,Not Claimed,0,AG1067,2025-10-27,56-65,2025,2025-10
LIC104733,37,Male,Kochi,Kerala,ULIP,43500,981000,10,Monthly,Active,Not Claimed,0,AG1260,2020-06-12,36-45,2020,2020-06
LIC104734,23,Male,Mumbai,Maharashtra,Term,39000,653000,10,Monthly,Active,Not Claimed,0,AG1271,2019-10-22,18-25,2019,2019-10
LIC104735,32,Male,Bengaluru,Karnataka,Term,21800,241000,12,Yearly,Active,Not Claimed,0,AG1037,2018-05-04,26-35,2018,2018-05
LIC104736,32,Female,Chennai,Tamil Nadu,Endowment,39400,773000,15,Half-Yearly,Active,Not Claimed,0,AG1270,2018-09-05,26-35,2018,2018-09
LIC104737,63,Male,Indore,Madhya Pradesh,Endowment,46200,1093000,12,Single Premium,Active,Not Claimed,0,AG1123,2022-01-25,56-65,2022,2022-01
LIC104738,57,Male,Pune,Maharashtra,Pension,62300,519000,20,Monthly,Active,Not Claimed,0,AG1224,2021-11-06,56-65,2021,2021-11
LIC104739,47,Male,Nagpur,Maharashtra,Endowment,34200,420000,10,Monthly,Lapsed,Not Claimed,0,AG1195,2026-03-27,46-55,2026,2026-03
LIC104740,35,Male,Kolkata,West Bengal,Whole Life,49400,618000,20,Half-Yearly,Active,Not Claimed,0,AG1082,2021-02-03,26-35,2021,2021-02
LIC104741,52,Male,Kanpur,Uttar Pradesh,Whole Life,40800,395000,20,Monthly,Matured,Not Claimed,0,AG1050,2026-01-08,46-55,2026,2026-01
LIC104742,27,Male,Surat,Gujarat,Money Back,35100,415000,10,Quarterly,Active,Not Claimed,0,AG1078,2019-11-09,26-35,2019,2019-11
LIC104743,51,Male,Surat,Gujarat,Endowment,67100,975000,20,Monthly,Active,Not Claimed,0,AG1025,2022-01-13,46-55,2022,2022-01
LIC104744,49,Male,Chennai,Tamil Nadu,Money Back,34400,825000,30,Monthly,Active,Not Claimed,0,AG1295,2025-03-02,46-55,2025,2025-03
LIC104745,37,Male,Ahmedabad,Gujarat,Endowment,31100,704000,10,Monthly,Lapsed,Not Claimed,0,AG1026,2024-12-02,36-45,2024,2024-12
LIC104746,52,Male,Kanpur,Uttar Pradesh,Term,20900,503000,25,Single Premium,Active,Not Claimed,0,AG1060,2026-01-08,46-55,2026,2026-01
LIC104747,34,Male,Kanpur,Uttar Pradesh,Micro Insurance,6200,100000,20,Quarterly,Lapsed,Not Claimed,0,AG1070,2019-04-14,26-35,2019,2019-04
LIC104748,25,Female,Chennai,Tamil Nadu,Term,20900,177000,20,Quarterly,Matured,Not Claimed,0,AG1154,2024-08-10,18-25,2024,2024-08
LIC104749,50,Male,Indore,Madhya Pradesh,Term,14000,138000,10,Yearly,Lapsed,Not Claimed,0,AG1048,2025-09-06,46-55,2025,2025-09
LIC104750,38,Male,Indore,Madhya Pradesh,Pension,43800,1031000,20,Yearly,Active,Not Claimed,0,AG1054,2025-09-27,36-45,2025,2025-09
LIC104751,46,Male,Delhi,Delhi,Endowment,20100,215000,15,Half-Yearly,Lapsed,Not Claimed,0,AG1114,2020-07-14,46-55,2020,2020-07
LIC104752,59,Male,Bengaluru,Karnataka,Whole Life,27700,491000,20,Yearly,Lapsed,Not Claimed,0,AG1277,2023-06-07,56-65,2023,2023-06
LIC104753,31,Male,Ahmedabad,Gujarat,Endowment,51300,609000,20,Yearly,Active,Not Claimed,0,AG1110,2023-04-03,26-35,2023,2023-04
LIC104754,37,Male,Surat,Gujarat,Endowment,56300,470000,15,Yearly,Lapsed,Not Claimed,0,AG1072,2018-12-05,36-45,2018,2018-12
LIC104755,56,Male,Patna,Bihar,Endowment,38200,361000,12,Yearly,Surrendered,Not Claimed,0,AG1018,2023-11-12,56-65,2023,2023-11
LIC104756,46,Male,Jaipur,Rajasthan,Endowment,43400,871000,10,Yearly,Active,Not Claimed,0,AG1015,2018-12-21,46-55,2018,2018-12
LIC104757,31,Male,Hyderabad,Telangana,Endowment,42300,470000,10,Half-Yearly,Active,Not Claimed,0,AG1042,2020-12-27,26-35,2020,2020-12
LIC104758,28,Female,Indore,Madhya Pradesh,ULIP,70300,836000,25,Quarterly,Active,Not Claimed,0,AG1020,2024-01-06,26-35,2024,2024-01
LIC104759,33,Other,Delhi,Delhi,Money Back,55200,796000,10,Yearly,Active,Not Claimed,0,AG1016,2023-08-15,26-35,2023,2023-08
LIC104760,31,Male,Ahmedabad,Gujarat,Pension,50100,961000,15,Half-Yearly,Active,Not Claimed,0,AG1135,2018-09-03,26-35,2018,2018-09
LIC104761,42,Male,Hyderabad,Telangana,Term,18100,289000,15,Yearly,Active,Not Claimed,0,AG1221,2022-08-27,36-45,2022,2022-08
LIC104762,40,Female,Bhopal,Madhya Pradesh,Money Back,25500,613000,25,Monthly,Active,Claimed,317000,AG1095,2025-09-10,36-45,2025,2025-09
LIC104763,42,Female,Coimbatore,Tamil Nadu,Money Back,40200,618000,15,Quarterly,Active,Not Claimed,0,AG1093,2020-09-13,36-45,2020,2020-09
LIC104764,30,Male,Hyderabad,Telangana,Pension,85800,977000,30,Single Premium,Lapsed,Not Claimed,0,AG1081,2019-10-09,26-35,2019,2019-10
LIC104765,38,Female,Lucknow,Uttar Pradesh,Term,26800,459000,20,Monthly,Active,Not Claimed,0,AG1078,2026-01-19,36-45,2026,2026-01
LIC104766,18,Male,Kanpur,Uttar Pradesh,Money Back,37800,592000,25,Single Premium,Matured,Not Claimed,0,AG1146,2019-03-20,18-25,2019,2019-03
LIC104767,41,Male,Bengaluru,Karnataka,Pension,56000,1197000,10,Single Premium,Active,Not Claimed,0,AG1026,2021-04-22,36-45,2021,2021-04
LIC104768,52,Male,Lucknow,Uttar Pradesh,Endowment,41700,997000,12,Yearly,Lapsed,Not Claimed,0,AG1197,2018-10-14,46-55,2018,2018-10
LIC104769,23,Male,Pune,Maharashtra,Pension,43400,964000,10,Half-Yearly,Lapsed,Not Claimed,0,AG1144,2018-07-31,18-25,2018,2018-07
LIC104770,44,Male,,Kerala,Term,20800,304000,15,Yearly,Active,Not Claimed,0,AG1077,2020-10-16,36-45,2020,2020-10
LIC104771,32,Male,Kochi,Kerala,ULIP,54200,633000,20,Yearly,Active,Not Claimed,0,AG1201,2025-07-06,26-35,2025,2025-07
LIC104772,48,Female,Kolkata,West Bengal,Pension,73600,1733000,10,Yearly,Active,Not Claimed,0,AG1123,2024-03-14,46-55,2024,2024-03
LIC104773,41,Male,Hyderabad,Telangana,Whole Life,42100,613000,10,Half-Yearly,Lapsed,Not Claimed,0,AG1178,2020-04-28,36-45,2020,2020-04
LIC104774,43,Male,Delhi,Delhi,Endowment,53300,1124000,20,Single Premium,Lapsed,Not Claimed,0,AG1008,2023-07-23,36-45,2023,2023-07
LIC104775,40,Male,Patna,Bihar,Term,14400,357000,12,Yearly,Active,Not Claimed,0,AG1002,2022-02-17,36-45,2022,2022-02
LIC104776,54,Male,Indore,Madhya Pradesh,Pension,45000,802000,15,Single Premium,Active,Not Claimed,0,AG1146,2018-12-01,46-55,2018,2018-12
LIC104777,43,Male,Kolkata,West Bengal,Money Back,30800,498000,10,Monthly,Active,Not Claimed,0,AG1036,2020-06-05,36-45,2020,2020-06
LIC104778,31,Female,Pune,Maharashtra,Term,19200,382000,20,Monthly,Active,Not Claimed,0,AG1088,2022-08-25,26-35,2022,2022-08
LIC104779,40,Male,Nagpur,Maharashtra,Whole Life,18000,203000,15,Quarterly,Surrendered,Not Claimed,0,AG1119,2018-06-21,36-45,2018,2018-06
LIC104780,35,Male,Bhopal,Madhya Pradesh,Money Back,35900,585000,20,Quarterly,Active,Not Claimed,0,AG1042,2020-05-24,26-35,2020,2020-05
LIC104781,41,Female,Chennai,Tamil Nadu,Term,28600,381000,12,Yearly,Matured,Not Claimed,0,AG1139,2025-01-10,36-45,2025,2025-01
LIC104782,34,Male,Pune,Maharashtra,Endowment,50600,546000,12,Monthly,Lapsed,Not Claimed,0,AG1059,2021-08-23,26-35,2021,2021-08
LIC104783,32,Female,Lucknow,Uttar Pradesh,Term,16300,299000,20,Single Premium,Surrendered,Not Claimed,0,AG1180,2024-01-10,26-35,2024,2024-01
LIC104784,41,Male,Kochi,Kerala,Money Back,31700,564000,20,Quarterly,Active,Not Claimed,0,AG1202,2019-05-02,36-45,2019,2019-05
LIC104785,40,Male,Surat,Gujarat,Whole Life,39800,833000,20,Quarterly,Active,Not Claimed,0,AG1221,2022-11-09,36-45,2022,2022-11
LIC104786,51,Male,Ahmedabad,Gujarat,Money Back,46800,1069000,20,Quarterly,Active,Not Claimed,0,AG1049,2023-07-21,46-55,2023,2023-07
LIC104787,34,Male,Jaipur,Rajasthan,Pension,44800,526000,10,Half-Yearly,Active,Not Claimed,0,AG1240,2019-02-15,26-35,2019,2019-02
LIC104788,18,Male,Kolkata,West Bengal,Pension,40700,865000,25,Monthly,Active,Not Claimed,0,AG1128,2021-12-15,18-25,2021,2021-12
LIC104789,35,Female,Lucknow,Uttar Pradesh,Whole Life,30600,436000,20,Monthly,Active,Not Claimed,0,AG1286,2024-06-16,26-35,2024,2024-06
LIC104790,21,Female,Varanasi,Uttar Pradesh,Term,16500,308000,20,Yearly,Lapsed,Not Claimed,0,AG1028,2024-12-09,18-25,2024,2024-12
LIC104791,44,Male,Pune,Maharashtra,Whole Life,41400,930000,25,Monthly,Active,Not Claimed,0,AG1093,2019-05-15,36-45,2019,2019-05
LIC104792,21,Female,Kanpur,Uttar Pradesh,Endowment,59500,735000,10,Monthly,Active,Not Claimed,0,AG1179,2019-07-22,18-25,2019,2019-07
LIC104793,28,Male,Bengaluru,Karnataka,Money Back,24500,446000,20,Yearly,Active,Not Claimed,0,AG1217,2023-11-10,26-35,2023,2023-11
LIC104794,35,Male,Lucknow,Uttar Pradesh,Whole Life,21300,344000,30,Monthly,Active,Not Claimed,0,AG1027,2022-08-25,26-35,2022,2022-08
LIC104795,56,Male,Patna,Bihar,Endowment,76700,1644000,12,Quarterly,Active,Not Claimed,0,AG1127,2019-10-31,56-65,2019,2019-10
LIC104796,27,Female,Patna,Bihar,Pension,50300,999000,5,Monthly,Active,Not Claimed,0,AG1098,2024-12-15,26-35,2024,2024-12
LIC104797,39,Male,Chandigarh,Chandigarh,Term,13700,289000,20,Quarterly,Matured,Not Claimed,0,AG1300,2022-09-08,36-45,2022,2022-09
LIC104798,45,Male,Chennai,Tamil Nadu,Whole Life,44200,570000,5,Yearly,Lapsed,Not Claimed,0,AG1048,2026-08-10,36-45,2026,2026-08
LIC104799,55,Female,Chennai,Tamil Nadu,Term,24600,491000,25,Monthly,Active,Not Claimed,0,AG1272,2021-01-05,46-55,2021,2021-01
LIC104800,48,Male,Chandigarh,Chandigarh,Pension,102800,1881000,10,Yearly,Active,Not Claimed,0,AG1188,2018-02-15,46-55,2018,2018-02
LIC104801,51,Male,Jaipur,Rajasthan,Term,20100,317000,20,Yearly,Active,Not Claimed,0,AG1110,2025-10-23,46-55,2025,2025-10
LIC104802,49,Male,Coimbatore,Tamil Nadu,Term,28700,414000,15,Monthly,Active,Not Claimed,0,AG1015,2025-09-07,46-55,2025,2025-09
LIC104803,26,Male,Kolkata,West Bengal,Endowment,28000,382000,10,Single Premium,Active,Not Claimed,0,AG1102,2022-03-19,26-35,2022,2022-03
LIC104804,43,Female,Pune,Maharashtra,Endowment,68000,555000,25,Quarterly,Active,Not Claimed,0,AG1094,2021-09-19,36-45,2021,2021-09
LIC104805,48,Female,Bengaluru,Karnataka,Endowment,63200,688000,20,Monthly,Active,Not Claimed,0,AG1184,2025-08-15,46-55,2025,2025-08
LIC104806,28,Male,Mumbai,Maharashtra,Money Back,56400,508000,15,Monthly,Active,Not Claimed,0,AG1219,2026-04-19,26-35,2026,2026-04
LIC104807,33,Male,Varanasi,Uttar Pradesh,Money Back,49100,1101000,12,Quarterly,Active,Not Claimed,0,AG1129,2020-01-31,26-35,2020,2020-01
LIC104808,30,Male,Kanpur,Uttar Pradesh,Term,17500,396000,20,Half-Yearly,Active,Not Claimed,0,AG1153,2021-05-23,26-35,2021,2021-05
LIC104809,47,Male,Patna,Bihar,Endowment,34600,775000,25,Quarterly,Matured,Not Claimed,0,AG1092,2023-10-26,46-55,2023,2023-10
LIC104810,38,Male,Indore,Madhya Pradesh,Pension,42000,920000,20,Yearly,Active,Not Claimed,0,AG1043,2023-07-26,36-45,2023,2023-07
LIC104811,35,Female,Lucknow,Uttar Pradesh,Whole Life,18300,215000,20,Yearly,Matured,Claimed,189000,AG1270,2022-02-21,26-35,2022,2022-02
LIC104812,25,Male,Bengaluru,Karnataka,ULIP,40200,658000,10,Quarterly,Active,Not Claimed,0,AG1248,2021-06-08,18-25,2021,2021-06
LIC104813,38,Male,Jaipur,Rajasthan,Whole Life,35000,820000,25,Yearly,Active,Not Claimed,0,AG1068,2023-09-29,36-45,2023,2023-09
LIC104814,33,Male,Bhopal,Madhya Pradesh,Endowment,41400,866000,20,Single Premium,Active,Claimed,522000,AG1270,2019-10-23,26-35,2019,2019-10
LIC104815,42,Female,Nagpur,Maharashtra,Term,18300,147000,15,Monthly,Active,Not Claimed,0,AG1208,2023-11-25,36-45,2023,2023-11
LIC104816,26,Female,Mumbai,Maharashtra,Endowment,33600,531000,15,Quarterly,Lapsed,Not Claimed,0,AG1226,2019-11-29,26-35,2019,2019-11
LIC104817,41,Female,Kochi,Kerala,Pension,31300,256000,15,Half-Yearly,Active,Not Claimed,0,AG1205,2024-12-20,36-45,2024,2024-12
LIC104818,34,Male,Chandigarh,Chandigarh,Micro Insurance,6300,100000,25,Half-Yearly,Active,Not Claimed,0,AG1145,2020-10-27,26-35,2020,2020-10
LIC104819,25,Female,Jaipur,Rajasthan,Money Back,40000,616000,20,Half-Yearly,Active,Not Claimed,0,AG1092,2020-04-04,18-25,2020,2020-04
LIC104820,24,Male,Jaipur,Rajasthan,Term,13600,315000,25,Quarterly,Active,Not Claimed,0,AG1138,2024-05-28,18-25,2024,2024-05
LIC104821,26,Female,Lucknow,Uttar Pradesh,Term,15500,296000,15,Yearly,Active,Not Claimed,0,AG1017,2020-09-05,26-35,2020,2020-09
LIC104822,37,Male,Coimbatore,Tamil Nadu,Endowment,66200,938000,20,Yearly,Active,Not Claimed,0,AG1002,2021-09-27,36-45,2021,2021-09
LIC104823,40,Male,Surat,Gujarat,Money Back,52800,863000,25,Half-Yearly,Active,Not Claimed,0,AG1250,2021-07-27,36-45,2021,2021-07
LIC104824,42,Female,Kolkata,West Bengal,Term,12900,282000,12,Monthly,Active,Not Claimed,0,AG1119,2025-01-27,36-45,2025,2025-01
LIC104825,42,Male,Surat,Gujarat,Pension,50800,665000,15,Half-Yearly,Surrendered,Not Claimed,0,AG1197,2018-11-08,36-45,2018,2018-11
LIC104826,31,Male,Varanasi,Uttar Pradesh,Endowment,63100,1165000,20,Quarterly,Active,Not Claimed,0,AG1214,2022-09-21,26-35,2022,2022-09
LIC104827,51,Female,Delhi,Delhi,Pension,53900,671000,25,Half-Yearly,Matured,Not Claimed,0,AG1107,2024-12-13,46-55,2024,2024-12
LIC104828,34,Male,Indore,Madhya Pradesh,ULIP,48200,779000,5,Single Premium,Active,Not Claimed,0,AG1208,2023-10-26,26-35,2023,2023-10
LIC104829,44,Female,Kanpur,Uttar Pradesh,ULIP,78200,658000,10,Half-Yearly,Active,Not Claimed,0,AG1117,2023-12-12,36-45,2023,2023-12
LIC104830,37,Male,Surat,Gujarat,Whole Life,40500,911000,12,Monthly,Active,Not Claimed,0,AG1009,2020-08-23,36-45,2020,2020-08
LIC104831,43,Male,Lucknow,Uttar Pradesh,Whole Life,42700,377000,12,Quarterly,Active,Not Claimed,0,AG1142,2024-05-20,36-45,2024,2024-05
LIC104832,37,Female,Nagpur,Maharashtra,Whole Life,28500,337000,12,Yearly,Active,Not Claimed,0,AG1022,2025-12-02,36-45,2025,2025-12
LIC104833,43,Male,Lucknow,Uttar Pradesh,Whole Life,39600,541000,20,Yearly,Active,Not Claimed,0,AG1272,2024-12-04,36-45,2024,2024-12
LIC104834,39,Female,Nagpur,Maharashtra,Money Back,57300,1067000,25,Half-Yearly,Active,Not Claimed,0,AG1169,2021-06-01,36-45,2021,2021-06
LIC104835,48,Male,Jaipur,Rajasthan,Micro Insurance,6800,138000,20,Monthly,Lapsed,Not Claimed,0,AG1195,2021-01-06,46-55,2021,2021-01
LIC104836,30,Female,Nagpur,Maharashtra,ULIP,46400,435000,12,Half-Yearly,Surrendered,Not Claimed,0,AG1094,2025-04-09,26-35,2025,2025-04
LIC104837,20,Male,Bengaluru,Karnataka,ULIP,73400,641000,25,Half-Yearly,Matured,Not Claimed,0,AG1193,2019-07-11,18-25,2019,2019-07
LIC104838,28,Male,Varanasi,Uttar Pradesh,Pension,85100,1837000,20,Single Premium,Active,Not Claimed,0,AG1288,2023-10-18,26-35,2023,2023-10
LIC104839,51,Female,Kanpur,Uttar Pradesh,Endowment,90500,1820000,10,Yearly,Active,Not Claimed,0,AG1180,2021-01-27,46-55,2021,2021-01
LIC104840,37,Male,Delhi,Delhi,Term,16600,367000,15,Yearly,Active,Not Claimed,0,AG1267,2023-10-17,36-45,2023,2023-10
LIC104841,40,Female,Lucknow,Uttar Pradesh,Money Back,35300,688000,20,Half-Yearly,Active,Not Claimed,0,AG1020,2023-10-27,36-45,2023,2023-10
LIC104842,27,Female,Bengaluru,Karnataka,Money Back,27000,561000,20,Quarterly,Active,Not Claimed,0,AG1225,2018-03-16,26-35,2018,2018-03
LIC104843,40,Female,Patna,Bihar,Pension,52600,760000,20,Yearly,Active,Not Claimed,0,AG1169,2023-02-18,36-45,2023,2023-02
LIC104844,28,Female,Patna,Bihar,Money Back,26600,480000,10,Half-Yearly,Active,Not Claimed,0,AG1044,2019-05-29,26-35,2019,2019-05
LIC104845,29,Male,Indore,Madhya Pradesh,Money Back,31100,675000,20,Single Premium,Active,Not Claimed,0,AG1188,2020-09-20,26-35,2020,2020-09
LIC104846,35,Male,Hyderabad,Telangana,Money Back,43800,479000,12,Quarterly,Lapsed,Not Claimed,0,AG1095,2023-04-07,26-35,2023,2023-04
LIC104847,44,Male,Chandigarh,Chandigarh,Term,22200,337000,20,Monthly,Active,Not Claimed,0,AG1135,2021-01-15,36-45,2021,2021-01
LIC104848,45,Male,Delhi,Delhi,Whole Life,20200,416000,20,Yearly,Active,Not Claimed,0,AG1094,2022-11-21,36-45,2022,2022-11
LIC104849,45,Male,Bhopal,Madhya Pradesh,Pension,83400,1422000,12,Monthly,Matured,Claimed,1004000,AG1054,2026-07-17,36-45,2026,2026-07
LIC104850,22,Male,Lucknow,Uttar Pradesh,Term,13300,261000,10,Monthly,Active,Not Claimed,0,AG1082,2020-02-05,18-25,2020,2020-02
LIC104851,39,Male,Kochi,Kerala,Money Back,28800,374000,10,Quarterly,Active,Not Claimed,0,AG1269,2022-05-20,36-45,2022,2022-05
LIC104852,37,Male,Patna,Bihar,Money Back,26100,223000,12,Yearly,Active,Not Claimed,0,AG1289,2020-12-01,36-45,2020,2020-12
LIC104853,22,Male,Kanpur,Uttar Pradesh,Term,15000,127000,10,Half-Yearly,Active,Not Claimed,0,AG1135,2018-05-14,18-25,2018,2018-05
LIC104854,39,Female,Chandigarh,Chandigarh,Term,14700,353000,20,Monthly,Active,Not Claimed,0,AG1158,2025-11-14,36-45,2025,2025-11
LIC104855,36,Male,Coimbatore,Tamil Nadu,Micro Insurance,4800,115000,20,Half-Yearly,Lapsed,Not Claimed,0,AG1267,2025-03-25,36-45,2025,2025-03
LIC104856,45,Male,Kochi,Kerala,Endowment,23600,274000,20,Quarterly,Active,Not Claimed,0,AG1277,2026-06-18,36-45,2026,2026-06
LIC104857,40,Female,Bengaluru,Karnataka,Endowment,46200,485000,20,Single Premium,Active,Not Claimed,0,AG1288,2023-03-15,36-45,2023,2023-03
LIC104858,33,Male,Kanpur,Uttar Pradesh,Term,19200,160000,20,Half-Yearly,Active,Not Claimed,0,AG1133,2025-07-02,26-35,2025,2025-07
LIC104859,49,Female,Pune,Maharashtra,Whole Life,65700,784000,25,Yearly,Lapsed,Not Claimed,0,AG1035,2025-11-16,46-55,2025,2025-11
LIC104860,18,Male,Bhopal,Madhya Pradesh,Whole Life,34400,471000,12,Monthly,Active,Not Claimed,0,AG1251,2023-07-25,18-25,2023,2023-07
LIC104861,38,Male,Patna,Bihar,Whole Life,27000,327000,20,Yearly,Active,Not Claimed,0,AG1047,2019-06-15,36-45,2019,2019-06
LIC104862,20,Female,Surat,Gujarat,Term,12900,278000,10,Yearly,Active,Not Claimed,0,AG1268,2018-03-11,18-25,2018,2018-03
LIC104863,29,Female,Surat,Gujarat,Pension,46700,969000,10,Yearly,Active,Not Claimed,0,AG1293,2019-03-10,26-35,2019,2019-03
LIC104864,45,Male,Kanpur,Uttar Pradesh,Endowment,53300,500000,20,Monthly,Active,Not Claimed,0,AG1044,2021-04-27,36-45,2021,2021-04
LIC104865,25,Female,Lucknow,Uttar Pradesh,Endowment,36500,725000,15,Quarterly,Active,Not Claimed,0,AG1278,2022-06-18,18-25,2022,2022-06
LIC104866,23,Male,Bhopal,Madhya Pradesh,Money Back,36600,617000,20,Yearly,Lapsed,Not Claimed,0,AG1139,2023-12-21,18-25,2023,2023-12
LIC104867,65,Male,Indore,Madhya Pradesh,Endowment,97200,996000,15,Monthly,Surrendered,Not Claimed,0,AG1237,2018-03-08,56-65,2018,2018-03
LIC104868,24,Male,Chennai,Tamil Nadu,Pension,43100,887000,10,Quarterly,Active,Not Claimed,0,AG1266,2023-06-03,18-25,2023,2023-06
LIC104869,57,Male,Hyderabad,Telangana,Pension,35800,339000,25,Single Premium,Active,Not Claimed,0,AG1170,2025-10-25,56-65,2025,2025-10
LIC104870,37,Male,Delhi,Delhi,Endowment,54900,605000,10,Quarterly,Active,Not Claimed,0,AG1216,2024-03-28,36-45,2024,2024-03
LIC104871,33,Female,Surat,Gujarat,Pension,52400,552000,10,Single Premium,Lapsed,Not Claimed,0,AG1117,2019-10-30,26-35,2019,2019-10
LIC104872,45,Male,Ahmedabad,Gujarat,ULIP,36100,865000,12,Monthly,Active,Not Claimed,0,AG1238,2018-05-30,36-45,2018,2018-05
LIC104873,54,Male,Hyderabad,Telangana,Pension,66400,1319000,30,Yearly,Lapsed,Not Claimed,0,AG1256,2021-02-06,46-55,2021,2021-02
LIC104874,26,Male,Surat,Gujarat,Endowment,31800,477000,15,Half-Yearly,Active,Not Claimed,0,AG1244,2021-12-23,26-35,2021,2021-12
LIC104875,33,Female,Nagpur,Maharashtra,Money Back,40700,894000,15,Half-Yearly,Matured,Not Claimed,0,AG1088,2020-03-29,26-35,2020,2020-03
LIC104876,48,Other,Ahmedabad,Gujarat,Endowment,82800,966000,20,Single Premium,Matured,Not Claimed,0,AG1234,2019-09-07,46-55,2019,2019-09
LIC104877,42,Female,Bhopal,Madhya Pradesh,Pension,49500,1180000,20,Monthly,Lapsed,Not Claimed,0,AG1097,2021-01-09,36-45,2021,2021-01
LIC104878,51,Female,Indore,Madhya Pradesh,Term,29100,578000,25,Yearly,Active,Not Claimed,0,AG1018,2022-06-30,46-55,2022,2022-06
LIC104879,45,Female,Patna,Bihar,Money Back,28600,501000,15,Yearly,Active,Not Claimed,0,AG1111,2023-01-17,36-45,2023,2023-01
LIC104880,59,Female,Chandigarh,Chandigarh,Endowment,35400,761000,30,Monthly,Active,Claimed,675000,AG1209,2019-06-24,56-65,2019,2019-06
LIC104881,41,Female,Chandigarh,Chandigarh,Endowment,79200,1502000,20,Yearly,Active,Not Claimed,0,AG1065,2022-11-21,36-45,2022,2022-11
LIC104882,41,Male,Chennai,Tamil Nadu,Whole Life,35100,810000,15,Quarterly,Active,Not Claimed,0,AG1123,2023-07-27,36-45,2023,2023-07
LIC104883,43,Male,Ahmedabad,Gujarat,Pension,62900,1390000,15,Yearly,Active,Not Claimed,0,AG1238,2022-12-27,36-45,2022,2022-12
LIC104884,37,Male,Kolkata,West Bengal,Whole Life,42400,482000,25,Quarterly,Active,Not Claimed,0,AG1123,2026-06-07,36-45,2026,2026-06
LIC104885,48,Male,Kanpur,Uttar Pradesh,Pension,47900,578000,20,Yearly,Active,Not Claimed,0,AG1287,2019-04-20,46-55,2019,2019-04
LIC104886,42,Male,Chennai,Tamil Nadu,Endowment,57400,523000,20,Half-Yearly,Active,Not Claimed,0,AG1218,2024-04-20,36-45,2024,2024-04
LIC104887,48,Male,Surat,Gujarat,Money Back,50300,591000,20,Monthly,Active,Not Claimed,0,AG1222,2024-12-15,46-55,2024,2024-12
LIC104888,49,Female,Bhopal,Madhya Pradesh,Money Back,29300,405000,15,Yearly,Active,Not Claimed,0,AG1113,2025-06-05,46-55,2025,2025-06
LIC104889,44,Male,Kolkata,West Bengal,Term,30500,259000,10,Monthly,Active,Not Claimed,0,AG1018,2025-03-03,36-45,2025,2025-03
LIC104890,45,Female,Kanpur,Uttar Pradesh,Money Back,58100,776000,12,Quarterly,Matured,Not Claimed,0,AG1219,2025-10-20,36-45,2025,2025-10
LIC104891,28,Female,Nagpur,Maharashtra,Whole Life,20900,441000,15,Monthly,Active,Not Claimed,0,AG1161,2026-01-10,26-35,2026,2026-01
LIC104892,33,Female,Lucknow,Uttar Pradesh,Money Back,38100,849000,5,Monthly,Active,Not Claimed,0,AG1070,2021-06-02,26-35,2021,2021-06
LIC104893,48,Female,Hyderabad,Telangana,ULIP,56300,459000,15,Monthly,Active,Not Claimed,0,AG1007,2024-10-13,46-55,2024,2024-10
LIC104894,55,Female,Indore,Madhya Pradesh,Money Back,66400,539000,20,Half-Yearly,Active,Not Claimed,0,AG1001,2025-10-24,46-55,2025,2025-10
LIC104895,18,Male,Varanasi,Uttar Pradesh,Term,12100,127000,10,Half-Yearly,Active,Not Claimed,0,AG1099,2022-02-11,18-25,2022,2022-02
LIC104896,33,Male,Kolkata,West Bengal,Term,49400,1128000,10,Half-Yearly,Surrendered,Not Claimed,0,AG1087,2023-11-27,26-35,2023,2023-11
LIC104897,39,Male,Bengaluru,Karnataka,Money Back,35900,574000,25,Monthly,Active,Not Claimed,0,AG1080,2021-10-28,36-45,2021,2021-10
LIC104898,29,Female,Surat,Gujarat,Endowment,51600,1275000,20,Yearly,Active,Not Claimed,0,AG1034,2025-09-04,26-35,2025,2025-09
LIC104899,30,Female,Chennai,Tamil Nadu,Term,26500,612000,10,Yearly,Active,Not Claimed,0,AG1226,2018-10-05,26-35,2018,2018-10
LIC104900,44,Female,Surat,Gujarat,Endowment,44100,1020000,20,Quarterly,Active,Not Claimed,0,AG1223,2021-04-29,36-45,2021,2021-04
LIC104901,56,Male,Nagpur,Maharashtra,Money Back,43600,444000,20,Yearly,Lapsed,Not Claimed,0,AG1180,2025-06-07,56-65,2025,2025-06
LIC104902,18,Male,Varanasi,Uttar Pradesh,Endowment,36500,587000,15,Yearly,Active,Not Claimed,0,AG1008,2020-11-10,18-25,2020,2020-11
LIC104903,37,Male,Coimbatore,Tamil Nadu,ULIP,41600,1035000,15,Yearly,Surrendered,Claimed,670000,AG1243,2026-03-16,36-45,2026,2026-03
LIC104904,44,Male,Indore,Madhya Pradesh,Whole Life,35900,378000,10,Quarterly,Active,Not Claimed,0,AG1088,2022-08-26,36-45,2022,2022-08
LIC104905,48,Male,Lucknow,Uttar Pradesh,Endowment,46700,829000,25,Monthly,Lapsed,Not Claimed,0,AG1143,2018-09-07,46-55,2018,2018-09
LIC104906,43,Male,Kolkata,West Bengal,ULIP,49400,684000,15,Yearly,Active,Not Claimed,0,AG1028,2019-07-13,36-45,2019,2019-07
LIC104907,58,Female,Varanasi,Uttar Pradesh,Whole Life,33700,492000,15,Yearly,Active,Not Claimed,0,AG1142,2022-05-05,56-65,2022,2022-05
LIC104908,39,Male,Varanasi,Uttar Pradesh,Whole Life,36900,854000,25,Monthly,Lapsed,Not Claimed,0,AG1090,2022-08-01,36-45,2022,2022-08
LIC104909,53,Male,Pune,Maharashtra,Money Back,35000,630000,5,Quarterly,Active,Not Claimed,0,AG1186,2024-05-20,46-55,2024,2024-05
LIC104910,32,Female,Chennai,Tamil Nadu,Term,16800,351000,10,Yearly,Active,Not Claimed,0,AG1180,2020-01-14,26-35,2020,2020-01
LIC104911,40,Male,Delhi,Delhi,Whole Life,40900,795000,10,Yearly,Active,Not Claimed,0,AG1037,2025-06-21,36-45,2025,2025-06
LIC104912,26,Male,Kanpur,Uttar Pradesh,Endowment,45000,765000,5,Yearly,Active,Not Claimed,0,AG1002,2020-09-19,26-35,2020,2020-09
LIC104913,49,Male,Kochi,Kerala,Pension,41800,897000,20,Monthly,Active,Not Claimed,0,AG1034,2022-09-21,46-55,2022,2022-09
LIC104914,38,Male,Kolkata,West Bengal,Pension,49400,1210000,20,Quarterly,Active,Not Claimed,0,AG1226,2022-05-06,36-45,2022,2022-05
LIC104915,43,Male,Chennai,Tamil Nadu,Money Back,44600,1090000,10,Monthly,Active,Not Claimed,0,AG1073,2025-01-11,36-45,2025,2025-01
LIC104916,36,Male,Indore,Madhya Pradesh,Endowment,56100,1202000,10,Quarterly,Active,Not Claimed,0,AG1116,2020-01-11,36-45,2020,2020-01
LIC104917,45,Male,Coimbatore,Tamil Nadu,Endowment,38100,620000,10,Monthly,Active,Not Claimed,0,AG1114,2023-03-21,36-45,2023,2023-03
LIC104918,43,Male,Delhi,Delhi,Endowment,39400,424000,30,Yearly,Active,Not Claimed,0,AG1030,2025-08-24,36-45,2025,2025-08
LIC104919,28,Male,Indore,Madhya Pradesh,Money Back,29600,259000,20,Half-Yearly,Surrendered,Claimed,171000,AG1083,2024-10-28,26-35,2024,2024-10
LIC104920,29,Female,Patna,Bihar,Endowment,35100,419000,20,Yearly,Active,Not Claimed,0,AG1208,2019-02-21,26-35,2019,2019-02
LIC104921,39,Male,Chennai,Tamil Nadu,Money Back,42300,583000,12,Monthly,Matured,Not Claimed,0,AG1107,2025-01-22,36-45,2025,2025-01
LIC104922,46,Female,Varanasi,Uttar Pradesh,Term,24100,246000,15,Monthly,Active,Not Claimed,0,AG1186,2024-11-14,46-55,2024,2024-11
LIC104923,59,Male,Varanasi,Uttar Pradesh,Micro Insurance,10400,123000,10,Monthly,Active,Not Claimed,0,AG1152,2021-03-11,56-65,2021,2021-03
LIC104924,42,Male,Surat,Gujarat,Term,19000,179000,30,Quarterly,Active,Not Claimed,0,AG1150,2020-03-14,36-45,2020,2020-03
LIC104925,50,Female,Chennai,Tamil Nadu,Pension,38200,646000,20,Yearly,Active,Not Claimed,0,AG1160,2026-01-29,46-55,2026,2026-01
LIC104926,21,Male,Jaipur,Rajasthan,Pension,57900,588000,20,Quarterly,Active,Not Claimed,0,AG1075,2018-04-26,18-25,2018,2018-04
LIC104927,61,Male,Hyderabad,Telangana,Money Back,49400,1019000,20,Monthly,Active,Not Claimed,0,AG1170,2022-04-19,56-65,2022,2022-04
LIC104928,46,Male,Coimbatore,Tamil Nadu,ULIP,59900,818000,15,Monthly,Active,Not Claimed,0,AG1187,2023-09-11,46-55,2023,2023-09
LIC104929,38,Male,Coimbatore,Tamil Nadu,Endowment,30400,591000,12,Monthly,Matured,Not Claimed,0,AG1169,2018-10-25,36-45,2018,2018-10
LIC104930,37,Female,Pune,Maharashtra,Whole Life,29100,669000,10,Yearly,Surrendered,Not Claimed,0,AG1053,2023-03-26,36-45,2023,2023-03
LIC104931,27,Female,Pune,Maharashtra,Endowment,30100,285000,15,Quarterly,Active,Not Claimed,0,AG1257,2020-02-21,26-35,2020,2020-02
LIC104932,30,Male,Varanasi,Uttar Pradesh,Endowment,48100,1194000,10,Yearly,Active,Not Claimed,0,AG1060,2026-04-21,26-35,2026,2026-04
LIC104933,60,Male,Surat,Gujarat,Money Back,41500,787000,10,Yearly,Active,Not Claimed,0,AG1222,2019-02-16,56-65,2019,2019-02
LIC104934,28,Male,Surat,Gujarat,Money Back,31100,277000,15,Monthly,Active,Not Claimed,0,AG1076,2019-09-18,26-35,2019,2019-09
LIC104935,28,Female,Varanasi,Uttar Pradesh,Money Back,23400,312000,25,Monthly,Active,Not Claimed,0,AG1046,2019-02-27,26-35,2019,2019-02
LIC104936,31,Female,Jaipur,Rajasthan,Endowment,56000,1292000,25,Yearly,Active,Not Claimed,0,AG1260,2021-01-22,26-35,2021,2021-01
LIC104937,26,Female,Chennai,Tamil Nadu,Endowment,39100,709000,5,Yearly,Lapsed,Not Claimed,0,AG1015,2019-06-27,26-35,2019,2019-06
LIC104938,39,Male,Kochi,Kerala,Term,19300,249000,10,Quarterly,Active,Not Claimed,0,AG1116,2024-01-09,36-45,2024,2024-01
LIC104939,51,Female,Kochi,Kerala,Term,17500,420000,20,Monthly,Active,Not Claimed,0,AG1012,2020-01-25,46-55,2020,2020-01
LIC104940,32,Male,Kolkata,West Bengal,Endowment,26500,567000,25,Monthly,Matured,Claimed,305000,AG1001,2025-11-25,26-35,2025,2025-11
LIC104941,24,Male,Varanasi,Uttar Pradesh,Term,15500,318000,30,Quarterly,Active,Not Claimed,0,AG1077,2019-06-20,18-25,2019,2019-06
LIC104942,42,Female,Patna,Bihar,Term,17600,407000,25,Monthly,Active,Not Claimed,0,AG1030,2024-03-15,36-45,2024,2024-03
LIC104943,38,Male,Kolkata,West Bengal,Pension,54000,1139000,20,Monthly,Lapsed,Not Claimed,0,AG1202,2021-10-09,36-45,2021,2021-10
LIC104944,50,Female,Chennai,Tamil Nadu,Term,19200,247000,10,Quarterly,Active,Not Claimed,0,AG1050,2021-01-28,46-55,2021,2021-01
LIC104945,34,Male,Bhopal,Madhya Pradesh,Whole Life,24500,439000,10,Monthly,Active,Not Claimed,0,AG1130,2019-02-25,26-35,2019,2019-02
LIC104946,36,Female,Delhi,Delhi,Endowment,27900,623000,5,Monthly,Active,Not Claimed,0,AG1006,2024-10-12,36-45,2024,2024-10
LIC104947,37,Male,Indore,Madhya Pradesh,Pension,49800,552000,20,Yearly,Active,Not Claimed,0,AG1075,2024-06-20,36-45,2024,2024-06
LIC104948,40,Male,Lucknow,Uttar Pradesh,Money Back,30500,329000,5,Half-Yearly,Matured,Not Claimed,0,AG1166,2018-11-11,36-45,2018,2018-11
LIC104949,35,Male,Jaipur,Rajasthan,Endowment,60800,651000,20,Single Premium,Active,Not Claimed,0,AG1274,2023-11-08,26-35,2023,2023-11
LIC104950,33,Male,Lucknow,Uttar Pradesh,Money Back,37500,424000,20,Quarterly,Active,Not Claimed,0,AG1156,2021-11-19,26-35,2021,2021-11
LIC104951,19,Male,Hyderabad,Telangana,Endowment,49200,480000,10,Yearly,Active,Not Claimed,0,AG1268,2024-10-22,18-25,2024,2024-10
LIC104952,33,Male,Chennai,Tamil Nadu,Money Back,33600,747000,25,Monthly,Surrendered,Not Claimed,0,AG1205,2021-06-28,26-35,2021,2021-06
LIC104953,47,Male,Coimbatore,Tamil Nadu,Term,21800,478000,15,Half-Yearly,Active,Not Claimed,0,AG1244,2022-05-20,46-55,2022,2022-05
LIC104954,48,Male,Lucknow,Uttar Pradesh,Micro Insurance,5400,100000,25,Monthly,Active,Not Claimed,0,AG1087,2021-06-13,46-55,2021,2021-06
LIC104955,34,Male,Bengaluru,Karnataka,Endowment,30200,604000,25,Monthly,Surrendered,Claimed,492000,AG1100,2026-08-15,26-35,2026,2026-08
LIC104956,53,Male,Coimbatore,Tamil Nadu,Endowment,51300,957000,10,Single Premium,Surrendered,Not Claimed,0,AG1186,2025-03-02,46-55,2025,2025-03
LIC104957,39,Female,Delhi,Delhi,Whole Life,36900,468000,15,Half-Yearly,Active,Not Claimed,0,AG1222,2018-04-10,36-45,2018,2018-04
LIC104958,24,Female,Varanasi,Uttar Pradesh,Endowment,24400,290000,10,Single Premium,Active,Not Claimed,0,AG1278,2020-06-09,18-25,2020,2020-06
LIC104959,21,Male,Lucknow,Uttar Pradesh,Pension,41700,511000,20,Quarterly,Active,Not Claimed,0,AG1173,2020-03-22,18-25,2020,2020-03
LIC104960,52,Male,Delhi,Delhi,Money Back,72600,1483000,15,Quarterly,Active,Not Claimed,0,AG1042,2020-09-24,46-55,2020,2020-09
LIC104961,35,Female,Delhi,Delhi,Whole Life,34300,461000,25,Quarterly,Active,Not Claimed,0,AG1067,2021-11-22,26-35,2021,2021-11
LIC104962,26,Male,Chandigarh,Chandigarh,Term,27700,352000,10,Yearly,Active,Claimed,199000,AG1192,2018-09-02,26-35,2018,2018-09
LIC104963,18,Male,Kanpur,Uttar Pradesh,Pension,40200,337000,20,Half-Yearly,Active,Not Claimed,0,AG1143,2023-10-01,18-25,2023,2023-10
LIC104964,35,Male,Kanpur,Uttar Pradesh,ULIP,45700,1071000,30,Single Premium,Active,Not Claimed,0,AG1154,2024-01-19,26-35,2024,2024-01
LIC104965,43,Male,Nagpur,Maharashtra,Endowment,60300,1254000,20,Monthly,Surrendered,Not Claimed,0,AG1094,2023-12-10,36-45,2023,2023-12
LIC104966,31,Male,Hyderabad,Telangana,Term,21400,343000,10,Yearly,Active,Not Claimed,0,AG1197,2020-10-10,26-35,2020,2020-10
LIC104967,27,Male,Patna,Bihar,Endowment,40900,983000,20,Quarterly,Active,Not Claimed,0,AG1095,2022-12-09,26-35,2022,2022-12
LIC104968,33,Male,Mumbai,Maharashtra,Micro Insurance,4200,100000,10,Monthly,Surrendered,Not Claimed,0,AG1249,2018-10-21,26-35,2018,2018-10
LIC104969,53,Male,Patna,Bihar,Endowment,70600,1375000,5,Half-Yearly,Active,Not Claimed,0,AG1022,2018-09-03,46-55,2018,2018-09
LIC104970,24,Male,Chennai,Tamil Nadu,Money Back,72700,959000,15,Half-Yearly,Active,Not Claimed,0,AG1054,2021-04-22,18-25,2021,2021-04
LIC104971,32,Male,Hyderabad,Telangana,Term,11600,155000,12,Monthly,Active,Not Claimed,0,AG1125,2024-07-21,26-35,2024,2024-07
LIC104972,52,Male,Surat,Gujarat,Endowment,74900,1675000,20,,Active,Not Claimed,0,AG1207,2022-06-28,46-55,2022,2022-06
LIC104973,44,Male,Kochi,Kerala,Money Back,35000,748000,15,Quarterly,Active,Not Claimed,0,AG1181,2025-04-02,36-45,2025,2025-04
LIC104974,41,Female,Bhopal,Madhya Pradesh,Pension,46900,610000,20,Quarterly,Active,Not Claimed,0,AG1275,2025-04-02,36-45,2025,2025-04
LIC104975,32,Male,Chandigarh,Chandigarh,Money Back,38800,364000,5,Quarterly,Active,Not Claimed,0,AG1162,2023-09-15,26-35,2023,2023-09
LIC104976,39,Male,Mumbai,Maharashtra,Pension,35900,505000,5,Monthly,Active,Not Claimed,0,AG1278,2020-11-05,36-45,2020,2020-11
LIC104977,33,Male,Patna,Bihar,Money Back,35600,745000,5,Monthly,Active,Not Claimed,0,AG1141,2024-03-03,26-35,2024,2024-03
LIC104978,30,Female,Mumbai,Maharashtra,Term,11500,112000,10,Single Premium,Active,Not Claimed,0,AG1123,2022-02-26,26-35,2022,2022-02
LIC104979,27,Male,Surat,Gujarat,Endowment,48000,932000,15,Single Premium,Active,Not Claimed,0,AG1192,2025-06-14,26-35,2025,2025-06
LIC104980,48,Male,Lucknow,Uttar Pradesh,Money Back,77800,1799000,20,Half-Yearly,Active,Not Claimed,0,AG1056,2026-01-07,46-55,2026,2026-01
LIC104981,38,Female,Hyderabad,Telangana,Pension,41600,460000,30,Single Premium,Matured,Not Claimed,0,AG1298,2025-07-22,36-45,2025,2025-07
LIC104982,42,Male,Delhi,Delhi,Pension,49600,1124000,15,Yearly,Active,Not Claimed,0,AG1247,2020-09-13,36-45,2020,2020-09
LIC104983,41,Female,Lucknow,Uttar Pradesh,Endowment,43500,386000,10,Monthly,Active,Not Claimed,0,AG1191,2024-10-06,36-45,2024,2024-10
LIC104984,44,Male,Chennai,Tamil Nadu,Endowment,61300,1185000,10,Monthly,Active,Not Claimed,0,AG1170,2020-08-17,36-45,2020,2020-08
LIC104985,36,Female,Bhopal,Madhya Pradesh,Endowment,47600,1021000,25,Yearly,Active,Not Claimed,0,AG1219,2024-03-02,36-45,2024,2024-03
LIC104986,34,Female,Coimbatore,Tamil Nadu,Pension,62100,966000,20,Half-Yearly,Lapsed,Not Claimed,0,AG1034,2018-06-06,26-35,2018,2018-06
LIC104987,30,Female,Patna,Bihar,Pension,41700,478000,20,Yearly,Lapsed,Not Claimed,0,AG1285,2021-12-09,26-35,2021,2021-12
LIC104988,23,Male,Ahmedabad,Gujarat,ULIP,58700,1392000,10,Yearly,Active,Not Claimed,0,AG1036,2020-04-10,18-25,2020,2020-04
LIC104989,27,Male,Kochi,Kerala,Endowment,16400,137000,10,Quarterly,Lapsed,Not Claimed,0,AG1265,2018-10-26,26-35,2018,2018-10
LIC104990,35,Female,Patna,Bihar,Money Back,43400,757000,10,Monthly,Active,Not Claimed,0,AG1298,2018-01-19,26-35,2018,2018-01
LIC104991,21,Female,Patna,Bihar,Money Back,25600,367000,25,Monthly,Active,Not Claimed,0,AG1228,2022-03-03,18-25,2022,2022-03
LIC104992,24,Female,Indore,Madhya Pradesh,Endowment,38300,607000,10,Monthly,Active,Not Claimed,0,AG1067,2023-12-26,18-25,2023,2023-12
LIC104993,50,Male,Bengaluru,Karnataka,Money Back,52300,895000,20,Monthly,Active,Not Claimed,0,AG1007,2019-12-01,46-55,2019,2019-12
LIC104994,41,Female,Bhopal,Madhya Pradesh,Term,12600,215000,15,Quarterly,Matured,Claimed,89000,AG1023,2018-02-12,36-45,2018,2018-02
LIC104995,34,Male,Bengaluru,Karnataka,Term,24400,280000,15,Monthly,Active,Not Claimed,0,AG1023,2024-06-09,26-35,2024,2024-06
LIC104996,64,Male,Lucknow,Uttar Pradesh,Pension,62500,1222000,10,Monthly,Surrendered,Claimed,734000,AG1272,2024-06-01,56-65,2024,2024-06
LIC104997,21,Male,Chandigarh,Chandigarh,ULIP,78100,650000,20,Quarterly,Active,Not Claimed,0,AG1069,2019-09-17,18-25,2019,2019-09
LIC104998,50,Male,Delhi,Delhi,Endowment,38500,322000,5,Quarterly,Active,Not Claimed,0,AG1013,2024-08-13,46-55,2024,2024-08
LIC104999,38,Female,Chandigarh,Chandigarh,Money Back,22500,363000,30,Half-Yearly,Active,Not Claimed,0,AG1266,2021-02-26,36-45,2021,2021-02
